{
"type": "FeatureCollection",
"name": "LSA-08-26",
"crs": { "type": "name", "properties": { "name": "urn:ogc:def:crs:EPSG::25832" } },
"features": [
{ "type": "Feature", "properties": { "No.": 93.0, "-Kreuzung": "Göttinger Chaussee / Tillystraße / Unter den Birken mit TK Schnabelstraße", "-Bezirk": "9", "-Art": "K", "-TK": "2", "-dv. FSA": "0", "-dv. 2-feld.": "0", "-VSR": "4", "-OCIT": "Kabel", "-LSA-Datum": "2023/08/22", "-Hersteller": "Swarco", "-Gerät": "Actros", "-CKR-Nr.": "-", "-LED": "LED", "-BS": "BTAO", "-Nachtab.": "-", "-Gerät-Datum": "2023-08-22", "-SB": "Lipp", "-AP": "Ja", "-FG-Bem.": "-", "-VeloR.": "-", "-Bemerkung": null }, "geometry": { "type": "MultiPoint", "coordinates": [ [ 548849.441, 5798951.554999999701977 ] ] } },
{ "type": "Feature", "properties": { "No.": 502.0, "-Kreuzung": "Celler Str. / Am Welfenplatz", "-Bezirk": "102", "-Art": "K", "-TK": "2", "-dv. FSA": "0", "-dv. 2-feld.": "0", "-VSR": "3", "-OCIT": "Kabel", "-LSA-Datum": "1978/09/06", "-Hersteller": "Swarco", "-Gerät": "Actros", "-CKR-Nr.": "-", "-LED": "LED", "-BS": "BTAO", "-Nachtab.": "-", "-Gerät-Datum": "2025-04-08", "-SB": "Germer", "-AP": "Ja", "-FG-Bem.": "-", "-VeloR.": "VR02", "-Bemerkung": null }, "geometry": { "type": "MultiPoint", "coordinates": [ [ 550733.825300000025891, 5804155.439000000245869 ] ] } },
{ "type": "Feature", "properties": { "No.": 224.0, "-Kreuzung": "Brabeckstr. / Namedorfstr.", "-Bezirk": "6", "-Art": "F", "-TK": "1", "-dv. FSA": "1", "-dv. 2-feld.": "0", "-VSR": "8", "-OCIT": "Kabel", "-LSA-Datum": "1969/11/10", "-Hersteller": "Yunex", "-Gerät": "sX-L", "-CKR-Nr.": "101054", "-LED": "LED", "-BS": "BTAO", "-Nachtab.": "-", "-Gerät-Datum": "2021-01-28", "-SB": "Lipp", "-AP": "-", "-FG-Bem.": "-", "-VeloR.": "-", "-Bemerkung": "  " }, "geometry": { "type": "MultiPoint", "coordinates": [ [ 556343.556100000045262, 5800370.168999999761581 ] ] } },
{ "type": "Feature", "properties": { "No.": 289.0, "-Kreuzung": "Burgwedeler Str. / Kurze-Kamp-Str. (ehemals LSA 251 bzw. 280)", "-Bezirk": "3", "-Art": "K", "-TK": "1", "-dv. FSA": "0", "-dv. 2-feld.": "0", "-VSR": "3", "-OCIT": "-", "-LSA-Datum": "1968/10/24", "-Hersteller": "Yunex", "-Gerät": "C920ES", "-CKR-Nr.": "101035", "-LED": "LED", "-BS": "BTAO", "-Nachtab.": "Ja", "-Gerät-Datum": "2018-11-08", "-SB": "Germer", "-AP": "-", "-FG-Bem.": "-", "-VeloR.": "VR03", "-Bemerkung": "AM Veloroute" }, "geometry": { "type": "MultiPoint", "coordinates": [ [ 554293.107199999969453, 5808094.852 ] ] } },
{ "type": "Feature", "properties": { "No.": 110.0, "-Kreuzung": "Wunstorfer Str. / Zimmermannstr.", "-Bezirk": "10", "-Art": "K", "-TK": "1", "-dv. FSA": "0", "-dv. 2-feld.": "0", "-VSR": "5", "-OCIT": "Kabel", "-LSA-Datum": "1971/07/23", "-Hersteller": "Yunex", "-Gerät": "C900V", "-CKR-Nr.": "101081", "-LED": "LED", "-BS": "BTAO", "-Nachtab.": "-", "-Gerät-Datum": "2019-03-07", "-SB": "Riedel", "-AP": "Ja", "-FG-Bem.": "-", "-VeloR.": "-", "-Bemerkung": null }, "geometry": { "type": "MultiPoint", "coordinates": [ [ 547346.528700000024401, 5802944.035000000149012 ] ] } },
{ "type": "Feature", "properties": { "No.": 544.0, "-Kreuzung": "Buchholzer Straße / Stilleweg, Pappelwiesen", "-Bezirk": "4", "-Art": "K", "-TK": "1", "-dv. FSA": "0", "-dv. 2-feld.": "0", "-VSR": "3", "-OCIT": "Kabel", "-LSA-Datum": "-", "-Hersteller": "Yunex", "-Gerät": "C940V", "-CKR-Nr.": "110034", "-LED": "LED", "-BS": "BTAO", "-Nachtab.": "-", "-Gerät-Datum": "2010-11-23", "-SB": "Leketas", "-AP": "Ja", "-FG-Bem.": "-", "-VeloR.": "-", "-Bemerkung": "  " }, "geometry": { "type": "MultiPoint", "coordinates": [ [ 556108.278999999980442, 5806334.963999999687076 ] ] } },
{ "type": "Feature", "properties": { "No.": 708.0, "-Kreuzung": "Weltausstellungsallee / Mailänder Straße / Gut Kronsberg", "-Bezirk": "608", "-Art": "K", "-TK": "1", "-dv. FSA": "0", "-dv. 2-feld.": "0", "-VSR": "8", "-OCIT": "Kabel", "-LSA-Datum": "2003/10/01", "-Hersteller": "Swarco", "-Gerät": "Actros", "-CKR-Nr.": "-", "-LED": "LED", "-BS": "LOC-ID", "-Nachtab.": "-", "-Gerät-Datum": "2021-08-12", "-SB": "Lipp", "-AP": "-", "-FG-Bem.": "-", "-VeloR.": "-", "-Bemerkung": "  " }, "geometry": { "type": "MultiPoint", "coordinates": [ [ 555784.055599999963306, 5797329.41399999987334 ] ] } },
{ "type": "Feature", "properties": { "No.": 472.0, "-Kreuzung": "Braunschweiger Platz", "-Bezirk": "7", "-Art": "K", "-TK": "1", "-dv. FSA": "0", "-dv. 2-feld.": "0", "-VSR": "2", "-OCIT": "Kabel", "-LSA-Datum": "1988/03/14", "-Hersteller": "Yunex", "-Gerät": "sX", "-CKR-Nr.": "110140", "-LED": "LED", "-BS": "BTAO", "-Nachtab.": "-", "-Gerät-Datum": "2024-07-11", "-SB": "Leketas", "-AP": "Ja", "-FG-Bem.": "-", "-VeloR.": "-", "-Bemerkung": "  " }, "geometry": { "type": "MultiPoint", "coordinates": [ [ 551892.8654, 5802522.348000000230968 ] ] } },
{ "type": "Feature", "properties": { "No.": 589.0, "-Kreuzung": "Baumschulenallee / Osterfelddamm", "-Bezirk": "4", "-Art": "K", "-TK": "1", "-dv. FSA": "0", "-dv. 2-feld.": "0", "-VSR": "3", "-OCIT": "-", "-LSA-Datum": "1989/04/07", "-Hersteller": "Yunex", "-Gerät": "C840ES", "-CKR-Nr.": "110149", "-LED": "LED", "-BS": "BT", "-Nachtab.": "-", "-Gerät-Datum": "2013-01-16", "-SB": "Leketas", "-AP": "-", "-FG-Bem.": "-", "-VeloR.": "-", "-Bemerkung": "  " }, "geometry": { "type": "MultiPoint", "coordinates": [ [ 556041.094399999943562, 5804099.457000000402331 ] ] } },
{ "type": "Feature", "properties": { "No.": 231.0, "-Kreuzung": "Nienburger Straße / Leibniz Universität", "-Bezirk": "13", "-Art": "F", "-TK": "3", "-dv. FSA": "2", "-dv. 2-feld.": "2", "-VSR": "6", "-OCIT": "Kabel", "-LSA-Datum": "2012/10/11", "-Hersteller": "Yunex", "-Gerät": "C940ES", "-CKR-Nr.": "111078", "-LED": "LED", "-BS": "BTAO", "-Nachtab.": "-", "-Gerät-Datum": "2023-03-21", "-SB": "Riedel", "-AP": "Ja", "-FG-Bem.": "Ja", "-VeloR.": "-", "-Bemerkung": "  " }, "geometry": { "type": "MultiPoint", "coordinates": [ [ 548829.088899999973364, 5803732.799999999813735 ] ] } },
{ "type": "Feature", "properties": { "No.": 126.0, "-Kreuzung": "Ritter Brüning Straße / Fischerhof/ Lodemannweg", "-Bezirk": "10", "-Art": "K", "-TK": "1", "-dv. FSA": "0", "-dv. 2-feld.": "0", "-VSR": "4", "-OCIT": "Kabel", "-LSA-Datum": "2006/05/21", "-Hersteller": "Swarco", "-Gerät": "Actros", "-CKR-Nr.": "-", "-LED": "LED", "-BS": "BTAO", "-Nachtab.": "-", "-Gerät-Datum": "2022-11-15", "-SB": "Sieber", "-AP": "Ja", "-FG-Bem.": "-", "-VeloR.": "-", "-Bemerkung": "C-Roads" }, "geometry": { "type": "MultiPoint", "coordinates": [ [ 549155.723099999944679, 5800739.261 ] ] } },
{ "type": "Feature", "properties": { "No.": 584.0, "-Kreuzung": "Karl-Wiechert-Allee / Stadtfelddamm", "-Bezirk": "4", "-Art": "F", "-TK": "2", "-dv. FSA": "2", "-dv. 2-feld.": "2", "-VSR": "3", "-OCIT": "-", "-LSA-Datum": "1993/02/19", "-Hersteller": "Yunex", "-Gerät": "C840XS", "-CKR-Nr.": "110181", "-LED": "LED", "-BS": "-", "-Nachtab.": "Ja", "-Gerät-Datum": "2017-02-17", "-SB": "Leketas", "-AP": "-", "-FG-Bem.": "-", "-VeloR.": "-", "-Bemerkung": "  " }, "geometry": { "type": "MultiPoint", "coordinates": [ [ 554034.429200000013225, 5805099.553000000305474 ] ] } },
{ "type": "Feature", "properties": { "No.": 461.0, "-Kreuzung": "Hildesheimer Str. / Betriebshof Döhren", "-Bezirk": "8", "-Art": "K", "-TK": "2", "-dv. FSA": "1", "-dv. 2-feld.": "1", "-VSR": "2", "-OCIT": "-", "-LSA-Datum": "1989/01/27", "-Hersteller": "Yunex", "-Gerät": "C840V", "-CKR-Nr.": "110069", "-LED": "LED", "-BS": "BTAO", "-Nachtab.": "-", "-Gerät-Datum": "2009-12-17", "-SB": "Lipp", "-AP": "-", "-FG-Bem.": "-", "-VeloR.": "-", "-Bemerkung": "  " }, "geometry": { "type": "MultiPoint", "coordinates": [ [ 552443.691800000029616, 5798806.691999999806285 ] ] } },
{ "type": "Feature", "properties": { "No.": 228.0, "-Kreuzung": "Kötnerholzweg / Velberstraße", "-Bezirk": "10", "-Art": "F", "-TK": "1", "-dv. FSA": "1", "-dv. 2-feld.": "1", "-VSR": "1", "-OCIT": "Kabel", "-LSA-Datum": "2013/11/27", "-Hersteller": "Swarco", "-Gerät": "Actros", "-CKR-Nr.": "-", "-LED": "LED", "-BS": "BTAO", "-Nachtab.": "-", "-Gerät-Datum": "2025-08-12", "-SB": "Riedel", "-AP": "Ja", "-FG-Bem.": "-", "-VeloR.": "-", "-Bemerkung": "  " }, "geometry": { "type": "MultiPoint", "coordinates": [ [ 548055.768000000040047, 5802662.267 ] ] } },
{ "type": "Feature", "properties": { "No.": 480.0, "-Kreuzung": "Hans-Böckler-Allee / Freundallee", "-Bezirk": "7", "-Art": "K", "-TK": "1", "-dv. FSA": "0", "-dv. 2-feld.": "0", "-VSR": "2", "-OCIT": "Kabel", "-LSA-Datum": "1989/09/10", "-Hersteller": "Swarco", "-Gerät": "Actros", "-CKR-Nr.": "-", "-LED": "LED", "-BS": "BTAO", "-Nachtab.": "-", "-Gerät-Datum": "2017-09-25", "-SB": "Leketas", "-AP": "Ja", "-FG-Bem.": "-", "-VeloR.": "-", "-Bemerkung": "  " }, "geometry": { "type": "MultiPoint", "coordinates": [ [ 552525.644100000034086, 5802570.079 ] ] } },
{ "type": "Feature", "properties": { "No.": 723.0, "-Kreuzung": "Wülferoder-Straße / Wilhelm-Göhrs-Str.", "-Bezirk": "6", "-Art": "K", "-TK": "1", "-dv. FSA": "0", "-dv. 2-feld.": "0", "-VSR": "8", "-OCIT": "LTE", "-LSA-Datum": "2026/03/09", "-Hersteller": "Yunex", "-Gerät": "sX-L-B", "-CKR-Nr.": "110159", "-LED": "LED", "-BS": "BTAO", "-Nachtab.": "-", "-Gerät-Datum": "2026-03-09", "-SB": "Lipp", "-AP": "Ja", "-FG-Bem.": "-", "-VeloR.": "VR06", "-Bemerkung": null }, "geometry": { "type": "MultiPoint", "coordinates": [ [ 556535.91890000004787, 5799126.792000000365078 ] ] } },
{ "type": "Feature", "properties": { "No.": 129.0, "-Kreuzung": "Goetheplatz HBST", "-Bezirk": "1", "-Art": "F", "-TK": "4", "-dv. FSA": "2", "-dv. 2-feld.": "2", "-VSR": "1", "-OCIT": "Kabel", "-LSA-Datum": "2016/12/09", "-Hersteller": "Yunex", "-Gerät": "sX", "-CKR-Nr.": "111093", "-LED": "LED", "-BS": "BTAO", "-Nachtab.": "-", "-Gerät-Datum": "2024-09-04", "-SB": "Riedel", "-AP": "Ja", "-FG-Bem.": "Ja", "-VeloR.": "-", "-Bemerkung": null }, "geometry": { "type": "MultiPoint", "coordinates": [ [ 549401.045599999953993, 5802815.293999999761581 ] ] } },
{ "type": "Feature", "properties": { "No.": 623.0, "-Kreuzung": "Carlo-Schmid-Allee / Heisterbergallee", "-Bezirk": "11", "-Art": "K", "-TK": "1", "-dv. FSA": "0", "-dv. 2-feld.": "0", "-VSR": "5", "-OCIT": "Kabel", "-LSA-Datum": "1991/08/29", "-Hersteller": "Yunex", "-Gerät": "sX-H", "-CKR-Nr.": "110168", "-LED": "LED", "-BS": "-", "-Nachtab.": "-", "-Gerät-Datum": "2021-12-07", "-SB": "Riedel", "-AP": "Ja", "-FG-Bem.": "-", "-VeloR.": "-", "-Bemerkung": "  " }, "geometry": { "type": "MultiPoint", "coordinates": [ [ 545975.456600000034086, 5803215.03000000026077 ] ] } },
{ "type": "Feature", "properties": { "No.": 717.0, "-Kreuzung": "Laatzener Straße / Stockholmer Allee", "-Bezirk": "608", "-Art": "F", "-TK": "1", "-dv. FSA": "1", "-dv. 2-feld.": "0", "-VSR": "8", "-OCIT": "-", "-LSA-Datum": "2000/05/17", "-Hersteller": "Yunex", "-Gerät": "MS", "-CKR-Nr.": "111049", "-LED": "LED", "-BS": "-", "-Nachtab.": "Ja", "-Gerät-Datum": "1999-05-15", "-SB": "Lipp", "-AP": "-", "-FG-Bem.": "-", "-VeloR.": "-", "-Bemerkung": "  " }, "geometry": { "type": "MultiPoint", "coordinates": [ [ 555809.9571, 5797715.25800000037998 ] ] } },
{ "type": "Feature", "properties": { "No.": 475.0, "-Kreuzung": "Theodor-Heuss-Platz", "-Bezirk": "1", "-Art": "K", "-TK": "4", "-dv. FSA": "3", "-dv. 2-feld.": "0", "-VSR": "2", "-OCIT": "Kabel", "-LSA-Datum": "1996/09/03", "-Hersteller": "Swarco", "-Gerät": "Actros", "-CKR-Nr.": "-", "-LED": "LED", "-BS": "BTAO", "-Nachtab.": "-", "-Gerät-Datum": "2020-11-23", "-SB": "Leketas", "-AP": "Ja", "-FG-Bem.": "Ja", "-VeloR.": "-", "-Bemerkung": "  " }, "geometry": { "type": "MultiPoint", "coordinates": [ [ 552349.7624, 5803207.310999999754131 ] ] } },
{ "type": "Feature", "properties": { "No.": 501.0, "-Kreuzung": "Wedekindplatz", "-Bezirk": "102", "-Art": "F", "-TK": "1", "-dv. FSA": "1", "-dv. 2-feld.": "0", "-VSR": "3", "-OCIT": "Kabel", "-LSA-Datum": "1984/01/30", "-Hersteller": "Swarco", "-Gerät": "Actros", "-CKR-Nr.": "-", "-LED": "LED", "-BS": "BTAO", "-Nachtab.": "Ja", "-Gerät-Datum": "2020-05-26", "-SB": "Germer", "-AP": "-", "-FG-Bem.": "-", "-VeloR.": "-", "-Bemerkung": "  " }, "geometry": { "type": "MultiPoint", "coordinates": [ [ 551018.501000000047497, 5804204.490000000223517 ] ] } },
{ "type": "Feature", "properties": { "No.": 239.0, "-Kreuzung": "Badenstedter Str. / Brauhofstr.", "-Bezirk": "10", "-Art": "K", "-TK": "2", "-dv. FSA": "0", "-dv. 2-feld.": "0", "-VSR": "4", "-OCIT": "Kabel", "-LSA-Datum": "1969/02/28", "-Hersteller": "Yunex", "-Gerät": "sX", "-CKR-Nr.": "100148", "-LED": "LED", "-BS": "-", "-Nachtab.": "-", "-Gerät-Datum": "2022-02-17", "-SB": "Riedel", "-AP": "-", "-FG-Bem.": "-", "-VeloR.": "-", "-Bemerkung": "C-Roads" }, "geometry": { "type": "MultiPoint", "coordinates": [ [ 548264.1825, 5801990.622999999672174 ] ] } },
{ "type": "Feature", "properties": { "No.": 273.0, "-Kreuzung": "Hoher Weg / Bus Depot + TK Garkenburgstraße", "-Bezirk": "8", "-Art": "S", "-TK": "2", "-dv. FSA": "1", "-dv. 2-feld.": "1", "-VSR": "2", "-OCIT": "Kabel", "-LSA-Datum": "1977/12/20", "-Hersteller": "Yunex", "-Gerät": "sX", "-CKR-Nr.": "100051", "-LED": "LED", "-BS": "-", "-Nachtab.": "-", "-Gerät-Datum": "2024-09-24", "-SB": "Lipp", "-AP": "Ja", "-FG-Bem.": "-", "-VeloR.": "-", "-Bemerkung": "AM erstellen Umsetzung bis 04.24" }, "geometry": { "type": "MultiPoint", "coordinates": [ [ 553338.636999999987893, 5798528.582999999634922 ] ] } },
{ "type": "Feature", "properties": { "No.": 469.0, "-Kreuzung": "Marienstr. / Papenstieg + TK Baumstraße", "-Bezirk": "107", "-Art": "F", "-TK": "2", "-dv. FSA": "2", "-dv. 2-feld.": "2", "-VSR": "2", "-OCIT": "Kabel", "-LSA-Datum": "1991/05/31", "-Hersteller": "Swarco", "-Gerät": "Actros", "-CKR-Nr.": "-", "-LED": "LED", "-BS": "BTAO", "-Nachtab.": "-", "-Gerät-Datum": "2023-06-21", "-SB": "Leketas", "-AP": "Ja", "-FG-Bem.": "-", "-VeloR.": "-", "-Bemerkung": "Smart City" }, "geometry": { "type": "MultiPoint", "coordinates": [ [ 550928.656199999968521, 5802364.190000000409782 ] ] } },
{ "type": "Feature", "properties": { "No.": 220.0, "-Kreuzung": "Bischofsholer Damm / Brehmstr.", "-Bezirk": "7", "-Art": "F", "-TK": "1", "-dv. FSA": "1", "-dv. 2-feld.": "0", "-VSR": "2", "-OCIT": "Kabel", "-LSA-Datum": "1984/09/19", "-Hersteller": "Yunex", "-Gerät": "sX", "-CKR-Nr.": "101181", "-LED": "LED", "-BS": "BTAO", "-Nachtab.": "Ja", "-Gerät-Datum": "2025-10-30", "-SB": "Leketas", "-AP": "Ja", "-FG-Bem.": "-", "-VeloR.": "VR06", "-Bemerkung": "Im Zuge Veloroute AM raus" }, "geometry": { "type": "MultiPoint", "coordinates": [ [ 552117.1666, 5802197.682 ] ] } },
{ "type": "Feature", "properties": { "No.": 267.0, "-Kreuzung": "Waldstraße / Seckbruchstraße", "-Bezirk": "5", "-Art": "K", "-TK": "1", "-dv. FSA": "0", "-dv. 2-feld.": "0", "-VSR": "3", "-OCIT": "Kabel", "-LSA-Datum": "1975/08/20", "-Hersteller": "Yunex", "-Gerät": "C920ES", "-CKR-Nr.": "110075", "-LED": "LED", "-BS": "BTAO", "-Nachtab.": "Ja", "-Gerät-Datum": "2019-02-26", "-SB": "Leketas", "-AP": "Ja", "-FG-Bem.": "-", "-VeloR.": "-", "-Bemerkung": "  " }, "geometry": { "type": "MultiPoint", "coordinates": [ [ 558223.914600000018254, 5805029.036999999545515 ] ] } },
{ "type": "Feature", "properties": { "No.": 545.0, "-Kreuzung": "Podbielskistr. / Kirchhorster Str. ", "-Bezirk": "304", "-Art": "K", "-TK": "3", "-dv. FSA": "2", "-dv. 2-feld.": "2", "-VSR": "3", "-OCIT": "Kabel", "-LSA-Datum": "1973/05/10", "-Hersteller": "Swarco", "-Gerät": "Actros", "-CKR-Nr.": "-", "-LED": "LED", "-BS": "BTAO", "-Nachtab.": "-", "-Gerät-Datum": "2023-08-15", "-SB": "Sieber", "-AP": "Ja", "-FG-Bem.": "-", "-VeloR.": "-", "-Bemerkung": "LOGIN" }, "geometry": { "type": "MultiPoint", "coordinates": [ [ 555640.2513, 5806840.984000000171363 ] ] } },
{ "type": "Feature", "properties": { "No.": 721.0, "-Kreuzung": "Wülferoder Straße / Ellernbuschfeld", "-Bezirk": "6", "-Art": "F", "-TK": "1", "-dv. FSA": "1", "-dv. 2-feld.": "1", "-VSR": "8", "-OCIT": "-", "-LSA-Datum": "2000/12/18", "-Hersteller": "Yunex", "-Gerät": "C840XS", "-CKR-Nr.": "111055", "-LED": "LED", "-BS": "-", "-Nachtab.": "Ja", "-Gerät-Datum": "2017-01-25", "-SB": "Lipp", "-AP": "-", "-FG-Bem.": "-", "-VeloR.": "-", "-Bemerkung": "  " }, "geometry": { "type": "MultiPoint", "coordinates": [ [ 557009.807299999985844, 5798843.105999999679625 ] ] } },
{ "type": "Feature", "properties": { "No.": 163.0, "-Kreuzung": "Kurt-Schumacher-Str. / Herschelstr.", "-Bezirk": "1", "-Art": "K", "-TK": "2", "-dv. FSA": "0", "-dv. 2-feld.": "0", "-VSR": "1", "-OCIT": "Kabel", "-LSA-Datum": "1967/04/28", "-Hersteller": "Yunex", "-Gerät": "C940ES", "-CKR-Nr.": "100156", "-LED": "LED", "-BS": "BTAO", "-Nachtab.": "-", "-Gerät-Datum": "2024-09-19", "-SB": "Sieber", "-AP": "Ja", "-FG-Bem.": "-", "-VeloR.": "-", "-Bemerkung": null }, "geometry": { "type": "MultiPoint", "coordinates": [ [ 550155.657, 5803210.906999999657273 ] ] } },
{ "type": "Feature", "properties": { "No.": 184.0, "-Kreuzung": "Ritter-Brüning-Str. / Stadionbrücke", "-Bezirk": "10", "-Art": "K", "-TK": "1", "-dv. FSA": "0", "-dv. 2-feld.": "0", "-VSR": "1", "-OCIT": "Kabel", "-LSA-Datum": "1973/03/29", "-Hersteller": "Yunex", "-Gerät": "C900V", "-CKR-Nr.": "100174", "-LED": "LED", "-BS": "BTAO", "-Nachtab.": "-", "-Gerät-Datum": "2021-02-01", "-SB": "Sieber", "-AP": "Ja", "-FG-Bem.": "Ja", "-VeloR.": "-", "-Bemerkung": "C-Roads" }, "geometry": { "type": "MultiPoint", "coordinates": [ [ 549223.186499999952503, 5801135.495000000111759 ] ] } },
{ "type": "Feature", "properties": { "No.": 268.0, "-Kreuzung": "Haltenhoffstr./ Burgweg", "-Bezirk": "1213", "-Art": "K", "-TK": "1", "-dv. FSA": "0", "-dv. 2-feld.": "0", "-VSR": "1", "-OCIT": "Kabel", "-LSA-Datum": "1976/03/16", "-Hersteller": "Stührenberg", "-Gerät": "STM5", "-CKR-Nr.": "-", "-LED": "LED", "-BS": "-", "-Nachtab.": "Ja", "-Gerät-Datum": "2023-12-15", "-SB": "Riedel", "-AP": "Ja", "-FG-Bem.": "-", "-VeloR.": "JTR", "-Bemerkung": "  " }, "geometry": { "type": "MultiPoint", "coordinates": [ [ 547720.165000000037253, 5805307.088000000454485 ] ] } },
{ "type": "Feature", "properties": { "No.": 324.0, "-Kreuzung": "R.-v.-Bennigsen-Ufer / An der Engesohde", "-Bezirk": "7", "-Art": "F", "-TK": "1", "-dv. FSA": "1", "-dv. 2-feld.": "0", "-VSR": "2", "-OCIT": "-", "-LSA-Datum": "1978/01/19", "-Hersteller": "Yunex", "-Gerät": "C840XS", "-CKR-Nr.": "100084", "-LED": "LED", "-BS": "BTAO", "-Nachtab.": "Ja", "-Gerät-Datum": "2010-11-10", "-SB": "Leketas", "-AP": "-", "-FG-Bem.": "-", "-VeloR.": "VR08", "-Bemerkung": "  " }, "geometry": { "type": "MultiPoint", "coordinates": [ [ 551066.904899999964982, 5800212.795 ] ] } },
{ "type": "Feature", "properties": { "No.": 89.0, "-Kreuzung": "Bornumer Str. / Am Großmarkt        ", "-Bezirk": "9", "-Art": "K", "-TK": "1", "-dv. FSA": "0", "-dv. 2-feld.": "0", "-VSR": "4", "-OCIT": "Kabel", "-LSA-Datum": "1972/12/21", "-Hersteller": "Yunex", "-Gerät": "sX", "-CKR-Nr.": "110022", "-LED": "LED", "-BS": "BTAO", "-Nachtab.": "-", "-Gerät-Datum": "2026-07-15", "-SB": "Riedel", "-AP": "Ja", "-FG-Bem.": "-", "-VeloR.": "-", "-Bemerkung": null }, "geometry": { "type": "MultiPoint", "coordinates": [ [ 547287.337399999960326, 5800516.582999999634922 ] ] } },
{ "type": "Feature", "properties": { "No.": 459.0, "-Kreuzung": "Fritz-Behrens-Allee / Gneisenaustr.", "-Bezirk": "1", "-Art": "F", "-TK": "1", "-dv. FSA": "1", "-dv. 2-feld.": "0", "-VSR": "2", "-OCIT": "Kabel", "-LSA-Datum": "1984/12/07", "-Hersteller": "Swarco", "-Gerät": "Actros", "-CKR-Nr.": "-", "-LED": "LED", "-BS": "LOC-ID", "-Nachtab.": "-", "-Gerät-Datum": "2025-03-04", "-SB": "Leketas", "-AP": "Ja", "-FG-Bem.": "-", "-VeloR.": "-", "-Bemerkung": "HannoVerKehr5, AM BTAO" }, "geometry": { "type": "MultiPoint", "coordinates": [ [ 551698.8406, 5803495.701000000350177 ] ] } },
{ "type": "Feature", "properties": { "No.": 559.0, "-Kreuzung": "Kugelfangtrift / Tempelhofweg / Holzwiesen", "-Bezirk": "3", "-Art": "K", "-TK": "1", "-dv. FSA": "0", "-dv. 2-feld.": "0", "-VSR": "3", "-OCIT": "Kabel", "-LSA-Datum": "1979/11/07", "-Hersteller": "Swarco", "-Gerät": "Actros", "-CKR-Nr.": "-", "-LED": "LED", "-BS": "BTAO", "-Nachtab.": "-", "-Gerät-Datum": "2019-06-04", "-SB": "Germer", "-AP": "-", "-FG-Bem.": "-", "-VeloR.": "-", "-Bemerkung": "  " }, "geometry": { "type": "MultiPoint", "coordinates": [ [ 552066.070900000049733, 5807867.926 ] ] } },
{ "type": "Feature", "properties": { "No.": 318.0, "-Kreuzung": "Wülfeler Str. / Lerchenfeldstr.", "-Bezirk": "8", "-Art": "F", "-TK": "1", "-dv. FSA": "1", "-dv. 2-feld.": "0", "-VSR": "2", "-OCIT": "LTE", "-LSA-Datum": "1977/07/21", "-Hersteller": "Yunex", "-Gerät": "MSF", "-CKR-Nr.": "100052", "-LED": "-", "-BS": "BTAO", "-Nachtab.": "Ja", "-Gerät-Datum": "1995-12-15", "-SB": "Lipp", "-AP": "-", "-FG-Bem.": "-", "-VeloR.": "-", "-Bemerkung": "Baumaßnahme LIDL / Vitalquartier - LED?" }, "geometry": { "type": "MultiPoint", "coordinates": [ [ 555479.584900000016205, 5798950.967000000178814 ] ] } },
{ "type": "Feature", "properties": { "No.": 574.0, "-Kreuzung": "Sutelstr. / Ebelingstr.", "-Bezirk": "3", "-Art": "K", "-TK": "1", "-dv. FSA": "0", "-dv. 2-feld.": "0", "-VSR": "3", "-OCIT": "Kabel", "-LSA-Datum": "1971/04/22", "-Hersteller": "Swarco", "-Gerät": "Actros", "-CKR-Nr.": "-", "-LED": "LED", "-BS": "BTAO", "-Nachtab.": "-", "-Gerät-Datum": "2023-10-25", "-SB": "Germer", "-AP": "-", "-FG-Bem.": "-", "-VeloR.": "-", "-Bemerkung": "LED-Projekt Rest" }, "geometry": { "type": "MultiPoint", "coordinates": [ [ 554295.223499999963678, 5807233.764999999664724 ] ] } },
{ "type": "Feature", "properties": { "No.": 257.0, "-Kreuzung": "-", "-Bezirk": "-", "-Art": "-", "-TK": "-", "-dv. FSA": "-", "-dv. 2-feld.": "-", "-VSR": "-", "-OCIT": "-", "-LSA-Datum": "-", "-Hersteller": "-", "-Gerät": "-", "-CKR-Nr.": "-", "-LED": "-", "-BS": "-", "-Nachtab.": "-", "-Gerät-Datum": null, "-SB": "-", "-AP": "-", "-FG-Bem.": "-", "-VeloR.": "-", "-Bemerkung": "Am Lindener Hafen / Hafenbahn BÜ, Üstra-Gerät (demontiert)" }, "geometry": { "type": "MultiPoint", "coordinates": [ [ 547190.194400000036694, 5802020.791000000201166 ] ] } },
{ "type": "Feature", "properties": { "No.": 206.0, "-Kreuzung": "Wunstorfer Str. / Großestr.", "-Bezirk": "10", "-Art": "F", "-TK": "1", "-dv. FSA": "1", "-dv. 2-feld.": "1", "-VSR": "5", "-OCIT": "Kabel", "-LSA-Datum": "1974/03/26", "-Hersteller": "Swarco", "-Gerät": "Actros", "-CKR-Nr.": "-", "-LED": "LED", "-BS": "BTAO", "-Nachtab.": "-", "-Gerät-Datum": "2017-03-06", "-SB": "Riedel", "-AP": "Ja", "-FG-Bem.": "-", "-VeloR.": "-", "-Bemerkung": null }, "geometry": { "type": "MultiPoint", "coordinates": [ [ 546653.2217, 5803458.877999999560416 ] ] } },
{ "type": "Feature", "properties": { "No.": 543.0, "-Kreuzung": "Podbielskistr. / Laher Kirchweg", "-Bezirk": "304", "-Art": "K", "-TK": "1", "-dv. FSA": "0", "-dv. 2-feld.": "0", "-VSR": "3", "-OCIT": "Kabel", "-LSA-Datum": "1976/04/02", "-Hersteller": "Yunex", "-Gerät": "sX", "-CKR-Nr.": "100007", "-LED": "LED", "-BS": "BTAO", "-Nachtab.": "-", "-Gerät-Datum": "2022-02-07", "-SB": "Leketas", "-AP": "Ja", "-FG-Bem.": "-", "-VeloR.": "-", "-Bemerkung": "  " }, "geometry": { "type": "MultiPoint", "coordinates": [ [ 555239.669, 5806886.815999999642372 ] ] } },
{ "type": "Feature", "properties": { "No.": 52.0, "-Kreuzung": "Herrenhäuser Str. / Schaumburgstr. + TK Wendlandstr.", "-Bezirk": "12", "-Art": "K", "-TK": "3", "-dv. FSA": "2", "-dv. 2-feld.": "1", "-VSR": "6", "-OCIT": "Kabel", "-LSA-Datum": "1976/02/27", "-Hersteller": "Yunex", "-Gerät": "C940ES", "-CKR-Nr.": "101016", "-LED": "LED", "-BS": "BTAO", "-Nachtab.": "-", "-Gerät-Datum": "2023-04-11", "-SB": "Riedel", "-AP": "Ja", "-FG-Bem.": "Ja", "-VeloR.": "-", "-Bemerkung": null }, "geometry": { "type": "MultiPoint", "coordinates": [ [ 547186.580700000049546, 5804904.938 ] ] } },
{ "type": "Feature", "properties": { "No.": 122.0, "-Kreuzung": "Ricklinger Stadtweg / Bahnhof Fischerhof", "-Bezirk": "910", "-Art": "F", "-TK": "4", "-dv. FSA": "4", "-dv. 2-feld.": "4", "-VSR": "4", "-OCIT": "Kabel", "-LSA-Datum": "1974/09/11", "-Hersteller": "Swarco", "-Gerät": "Actros", "-CKR-Nr.": "-", "-LED": "LED", "-BS": "BTAO", "-Nachtab.": "-", "-Gerät-Datum": "2022-07-13", "-SB": "Sieber", "-AP": "Ja", "-FG-Bem.": "-", "-VeloR.": "-", "-Bemerkung": "C-Roads" }, "geometry": { "type": "MultiPoint", "coordinates": [ [ 549173.910099999979138, 5800559.832999999634922 ] ] } },
{ "type": "Feature", "properties": { "No.": 713.0, "-Kreuzung": "Hermesallee / Thaerstraße", "-Bezirk": "8", "-Art": "F", "-TK": "1", "-dv. FSA": "1", "-dv. 2-feld.": "1", "-VSR": "8", "-OCIT": "Kabel", "-LSA-Datum": "1999/07/09", "-Hersteller": "Swarco", "-Gerät": "Actros", "-CKR-Nr.": "-", "-LED": "LED", "-BS": "LOC-ID", "-Nachtab.": "Ja", "-Gerät-Datum": "2021-11-02", "-SB": "Lipp", "-AP": "-", "-FG-Bem.": "-", "-VeloR.": "-", "-Bemerkung": "  " }, "geometry": { "type": "MultiPoint", "coordinates": [ [ 555008.731799999950454, 5798248.006 ] ] } },
{ "type": "Feature", "properties": { "No.": 310.0, "-Kreuzung": "Kirchröder Str. / Uhlhornstr.", "-Bezirk": "4", "-Art": "F", "-TK": "4", "-dv. FSA": "4", "-dv. 2-feld.": "4", "-VSR": "3", "-OCIT": "Kabel", "-LSA-Datum": "1974/12/12", "-Hersteller": "Swarco", "-Gerät": "Actros", "-CKR-Nr.": "-", "-LED": "LED", "-BS": "BTAO", "-Nachtab.": "-", "-Gerät-Datum": "2010-12-13", "-SB": "Leketas", "-AP": "Ja", "-FG-Bem.": "-", "-VeloR.": "-", "-Bemerkung": "  " }, "geometry": { "type": "MultiPoint", "coordinates": [ [ 553964.271399999968708, 5802666.409 ] ] } },
{ "type": "Feature", "properties": { "No.": 76.0, "-Kreuzung": "R.-v.-Bennigsen-Ufer / Vierthalerweg", "-Bezirk": "7", "-Art": "F", "-TK": "1", "-dv. FSA": "1", "-dv. 2-feld.": "0", "-VSR": "2", "-OCIT": "-", "-LSA-Datum": "1980/02/25", "-Hersteller": "Yunex", "-Gerät": "C840XS", "-CKR-Nr.": "100099", "-LED": "LED", "-BS": "-", "-Nachtab.": "Ja", "-Gerät-Datum": "2015-04-01", "-SB": "Leketas", "-AP": "-", "-FG-Bem.": "-", "-VeloR.": "JTR, VR08", "-Bemerkung": null }, "geometry": { "type": "MultiPoint", "coordinates": [ [ 551452.1383, 5799598.96100000012666 ] ] } },
{ "type": "Feature", "properties": { "No.": 171.0, "-Kreuzung": "Friederikenplatz / Friedrichswall / Lavesallee", "-Bezirk": "1", "-Art": "K", "-TK": "3", "-dv. FSA": "1", "-dv. 2-feld.": "2", "-VSR": "1", "-OCIT": "Kabel", "-LSA-Datum": "1970/06/16", "-Hersteller": "Yunex", "-Gerät": "C900V", "-CKR-Nr.": "101057", "-LED": "LED", "-BS": "-", "-Nachtab.": "-", "-Gerät-Datum": "2020-02-05", "-SB": "Sieber", "-AP": "-", "-FG-Bem.": "-", "-VeloR.": "CR", "-Bemerkung": "Smart City" }, "geometry": { "type": "MultiPoint", "coordinates": [ [ 549735.9939, 5802339.11699999962002 ] ] } },
{ "type": "Feature", "properties": { "No.": 563.0, "-Kreuzung": "Langenforther Straße / Kugelfangtrift", "-Bezirk": "3", "-Art": "K", "-TK": "1", "-dv. FSA": "0", "-dv. 2-feld.": "0", "-VSR": "3", "-OCIT": "Kabel", "-LSA-Datum": "1970/05/06", "-Hersteller": "Swarco", "-Gerät": "Actros", "-CKR-Nr.": "-", "-LED": "LED", "-BS": "BTAO", "-Nachtab.": "-", "-Gerät-Datum": "2018-02-13", "-SB": "Germer", "-AP": "-", "-FG-Bem.": "-", "-VeloR.": "VR03", "-Bemerkung": "  " }, "geometry": { "type": "MultiPoint", "coordinates": [ [ 553952.467799999983981, 5807532.310999999754131 ] ] } },
{ "type": "Feature", "properties": { "No.": 617.0, "-Kreuzung": "Am Lindener Hafen / Fössestraße", "-Bezirk": "10", "-Art": "K", "-TK": "1", "-dv. FSA": "0", "-dv. 2-feld.": "0", "-VSR": "4", "-OCIT": "Kabel", "-LSA-Datum": "1971/09/24", "-Hersteller": "Swarco", "-Gerät": "Actros", "-CKR-Nr.": "-", "-LED": "LED", "-BS": "BTAO", "-Nachtab.": "-", "-Gerät-Datum": "2009-08-20", "-SB": "Riedel", "-AP": "Ja", "-FG-Bem.": "-", "-VeloR.": "-", "-Bemerkung": "  " }, "geometry": { "type": "MultiPoint", "coordinates": [ [ 547182.972199999960139, 5802140.687 ] ] } },
{ "type": "Feature", "properties": { "No.": 309.0, "-Kreuzung": "Tiergartenstr. / Albert-Schweitzer-Hof", "-Bezirk": "6", "-Art": "F", "-TK": "3", "-dv. FSA": "3", "-dv. 2-feld.": "2", "-VSR": "3", "-OCIT": "-", "-LSA-Datum": "1974/12/12", "-Hersteller": "Yunex", "-Gerät": "C840ES", "-CKR-Nr.": "110068", "-LED": "LED", "-BS": "LOC-ID", "-Nachtab.": "-", "-Gerät-Datum": "2014-12-10", "-SB": "Lipp", "-AP": "-", "-FG-Bem.": "-", "-VeloR.": "-", "-Bemerkung": "  " }, "geometry": { "type": "MultiPoint", "coordinates": [ [ 555712.489599999971688, 5801708.515999999828637 ] ] } },
{ "type": "Feature", "properties": { "No.": 197.0, "-Kreuzung": "Vahrenwalder Str. / Dragonerstr. + TK Halkettstr.", "-Bezirk": "2", "-Art": "K", "-TK": "3", "-dv. FSA": "2", "-dv. 2-feld.": "0", "-VSR": "1", "-OCIT": "-", "-LSA-Datum": "1968/08/05", "-Hersteller": "Yunex", "-Gerät": "MS", "-CKR-Nr.": "100141", "-LED": "-", "-BS": "BTAO", "-Nachtab.": "-", "-Gerät-Datum": "2001-06-09", "-SB": "Germer", "-AP": "-", "-FG-Bem.": "-", "-VeloR.": "-", "-Bemerkung": "Ausschreibung 2026" }, "geometry": { "type": "MultiPoint", "coordinates": [ [ 550043.8678, 5805197.178999999538064 ] ] } },
{ "type": "Feature", "properties": { "No.": 22.0, "-Kreuzung": "Deisterplatz", "-Bezirk": "10", "-Art": "K", "-TK": "7", "-dv. FSA": "0", "-dv. 2-feld.": "0", "-VSR": "1", "-OCIT": "-", "-LSA-Datum": "1999/08/27", "-Hersteller": "Yunex", "-Gerät": "C840V", "-CKR-Nr.": "111045", "-LED": "LED", "-BS": "-", "-Nachtab.": "-", "-Gerät-Datum": "2015-08-25", "-SB": "Sieber", "-AP": "-", "-FG-Bem.": "-", "-VeloR.": "-", "-Bemerkung": "C-Roads" }, "geometry": { "type": "MultiPoint", "coordinates": [ [ 548538.578699999954551, 5801414.353000000119209 ] ] } },
{ "type": "Feature", "properties": { "No.": 515.0, "-Kreuzung": "Lister Kirchweg / Isernhagener Str.", "-Bezirk": "2", "-Art": "K", "-TK": "1", "-dv. FSA": "0", "-dv. 2-feld.": "0", "-VSR": "3", "-OCIT": "Kabel", "-LSA-Datum": "1974/07/16", "-Hersteller": "Swarco", "-Gerät": "Actros", "-CKR-Nr.": "-", "-LED": "LED", "-BS": "BTAO-in", "-Nachtab.": "Ja", "-Gerät-Datum": "2023-08-15", "-SB": "Germer", "-AP": "Ja", "-FG-Bem.": "-", "-VeloR.": "-", "-Bemerkung": null }, "geometry": { "type": "MultiPoint", "coordinates": [ [ 550435.094599999953061, 5805162.120000000111759 ] ] } },
{ "type": "Feature", "properties": { "No.": 409.0, "-Kreuzung": "Meterstr. / Akazienstr.", "-Bezirk": "7", "-Art": "F", "-TK": "1", "-dv. FSA": "1", "-dv. 2-feld.": "1", "-VSR": "2", "-OCIT": "-", "-LSA-Datum": "1972/01/20", "-Hersteller": "Yunex", "-Gerät": "C840XS", "-CKR-Nr.": "100159", "-LED": "LED", "-BS": "-", "-Nachtab.": "Ja", "-Gerät-Datum": "2016-04-11", "-SB": "Leketas", "-AP": "-", "-FG-Bem.": "-", "-VeloR.": "-", "-Bemerkung": "  " }, "geometry": { "type": "MultiPoint", "coordinates": [ [ 550690.852500000037253, 5801811.484000000171363 ] ] } },
{ "type": "Feature", "properties": { "No.": 320.0, "-Kreuzung": "Anderter Straße / Kreisstraße", "-Bezirk": "5", "-Art": "K", "-TK": "1", "-dv. FSA": "0", "-dv. 2-feld.": "0", "-VSR": "3", "-OCIT": "LTE", "-LSA-Datum": "2008/03/04", "-Hersteller": "Swarco", "-Gerät": "Actros", "-CKR-Nr.": "-", "-LED": "LED", "-BS": "BTAO", "-Nachtab.": "Ja", "-Gerät-Datum": "2008-03-04", "-SB": "Leketas", "-AP": "-", "-FG-Bem.": "-", "-VeloR.": "-", "-Bemerkung": "  " }, "geometry": { "type": "MultiPoint", "coordinates": [ [ 558684.832799999974668, 5803735.838000000454485 ] ] } },
{ "type": "Feature", "properties": { "No.": 337.0, "-Kreuzung": "Lehrter Str. / Scheibenstandsweg + Tk Gollstraße", "-Bezirk": "5", "-Art": "K", "-TK": "2", "-dv. FSA": "0", "-dv. 2-feld.": "0", "-VSR": "3", "-OCIT": "-", "-LSA-Datum": "2002/12/06", "-Hersteller": "Swarco", "-Gerät": "BTC 5000", "-CKR-Nr.": "-", "-LED": "LED", "-BS": "BTAO", "-Nachtab.": "-", "-Gerät-Datum": "2002-12-06", "-SB": "Lipp", "-AP": "-", "-FG-Bem.": "-", "-VeloR.": "-", "-Bemerkung": "Üstra / Klärung mit Region über Anpassung Kosten" }, "geometry": { "type": "MultiPoint", "coordinates": [ [ 558388.165000000037253, 5801276.359000000171363 ] ] } },
{ "type": "Feature", "properties": { "No.": 332.0, "-Kreuzung": "Alt Vinnhorst / Benecke-Allee", "-Bezirk": "13", "-Art": "F", "-TK": "1", "-dv. FSA": "1", "-dv. 2-feld.": "0", "-VSR": "1", "-OCIT": "-", "-LSA-Datum": "1999/09/09", "-Hersteller": "Yunex", "-Gerät": "MSK", "-CKR-Nr.": "111047", "-LED": "LED", "-BS": "-", "-Nachtab.": "Ja", "-Gerät-Datum": "1999-09-15", "-SB": "Germer", "-AP": "-", "-FG-Bem.": "-", "-VeloR.": "-", "-Bemerkung": "  " }, "geometry": { "type": "MultiPoint", "coordinates": [ [ 548111.1117, 5808460.826999999582767 ] ] } },
{ "type": "Feature", "properties": { "No.": 477.0, "-Kreuzung": "Pferdeturm", "-Bezirk": "7", "-Art": "K", "-TK": "1", "-dv. FSA": "0", "-dv. 2-feld.": "0", "-VSR": "2", "-OCIT": "Kabel", "-LSA-Datum": "-", "-Hersteller": "Swarco", "-Gerät": "Actros", "-CKR-Nr.": "-", "-LED": "LED", "-BS": "BTAO", "-Nachtab.": "-", "-Gerät-Datum": "2019-04-06", "-SB": "Leketas", "-AP": "-", "-FG-Bem.": "-", "-VeloR.": "-", "-Bemerkung": "  " }, "geometry": { "type": "MultiPoint", "coordinates": [ [ 552984.814699999988079, 5802628.177000000141561 ] ] } },
{ "type": "Feature", "properties": { "No.": 227.0, "-Kreuzung": "Berckhusenstr. / Nackenberger Str.", "-Bezirk": "4", "-Art": "F", "-TK": "1", "-dv. FSA": "1", "-dv. 2-feld.": "0", "-VSR": "3", "-OCIT": "-", "-LSA-Datum": "1970/08/06", "-Hersteller": "Yunex", "-Gerät": "MSF", "-CKR-Nr.": "101059", "-LED": "LED", "-BS": "BA", "-Nachtab.": "Ja", "-Gerät-Datum": "2001-06-09", "-SB": "Leketas", "-AP": "-", "-FG-Bem.": "-", "-VeloR.": "-", "-Bemerkung": "  " }, "geometry": { "type": "MultiPoint", "coordinates": [ [ 554854.644199999980628, 5803418.125 ] ] } },
{ "type": "Feature", "properties": { "No.": 536.0, "-Kreuzung": "Podbielskistr. / Corinthstr.", "-Bezirk": "204", "-Art": "F", "-TK": "2", "-dv. FSA": "2", "-dv. 2-feld.": "0", "-VSR": "3", "-OCIT": "Kabel", "-LSA-Datum": "1966/08/09", "-Hersteller": "Swarco", "-Gerät": "Actros", "-CKR-Nr.": "-", "-LED": "LED", "-BS": "-", "-Nachtab.": "Ja", "-Gerät-Datum": "2022-08-18", "-SB": "Germer", "-AP": "-", "-FG-Bem.": "-", "-VeloR.": "VR03", "-Bemerkung": "  " }, "geometry": { "type": "MultiPoint", "coordinates": [ [ 553426.744100000010803, 5805958.92200000025332 ] ] } },
{ "type": "Feature", "properties": { "No.": 22.0, "-Kreuzung": "Deisterplatz", "-Bezirk": "10", "-Art": "K", "-TK": "7", "-dv. FSA": "0", "-dv. 2-feld.": "0", "-VSR": "1", "-OCIT": "-", "-LSA-Datum": "1999/08/27", "-Hersteller": "Yunex", "-Gerät": "C840V", "-CKR-Nr.": "111045", "-LED": "LED", "-BS": "-", "-Nachtab.": "-", "-Gerät-Datum": "2015-08-25", "-SB": "Sieber", "-AP": "-", "-FG-Bem.": "-", "-VeloR.": "-", "-Bemerkung": "C-Roads" }, "geometry": { "type": "MultiPoint", "coordinates": [ [ 548587.8249, 5801528.752999999560416 ] ] } },
{ "type": "Feature", "properties": { "No.": 420.0, "-Kreuzung": "Hildesheimer Str. / Schlägerstr.", "-Bezirk": "7", "-Art": "K", "-TK": "1", "-dv. FSA": "0", "-dv. 2-feld.": "0", "-VSR": "2", "-OCIT": "Kabel", "-LSA-Datum": "1983/11/25", "-Hersteller": "Swarco", "-Gerät": "Actros", "-CKR-Nr.": "-", "-LED": "LED", "-BS": "BTAO", "-Nachtab.": "-", "-Gerät-Datum": "2022-09-21", "-SB": "Leketas", "-AP": "-", "-FG-Bem.": "-", "-VeloR.": "-", "-Bemerkung": "  " }, "geometry": { "type": "MultiPoint", "coordinates": [ [ 550835.538999999989755, 5801934.184999999590218 ] ] } },
{ "type": "Feature", "properties": { "No.": 47.0, "-Kreuzung": "Herrenhäuser  Straße / Parkpl. Großer Garten", "-Bezirk": "1213", "-Art": "K", "-TK": "1", "-dv. FSA": "0", "-dv. 2-feld.": "0", "-VSR": "6", "-OCIT": "Kabel", "-LSA-Datum": "1999/05/06", "-Hersteller": "Yunex", "-Gerät": "sX", "-CKR-Nr.": "101014", "-LED": "LED", "-BS": "BTAO", "-Nachtab.": "-", "-Gerät-Datum": "2025-04-22", "-SB": "Riedel", "-AP": "Ja", "-FG-Bem.": "-", "-VeloR.": "-", "-Bemerkung": null }, "geometry": { "type": "MultiPoint", "coordinates": [ [ 547844.491999999969266, 5804774.879999999888241 ] ] } },
{ "type": "Feature", "properties": { "No.": 248.0, "-Kreuzung": "Wiehbergstr. / Neckarstr.", "-Bezirk": "8", "-Art": "K", "-TK": "1", "-dv. FSA": "0", "-dv. 2-feld.": "0", "-VSR": "2", "-OCIT": "-", "-LSA-Datum": "1987/07/01", "-Hersteller": "Yunex", "-Gerät": "C840V", "-CKR-Nr.": "110127", "-LED": "LED", "-BS": "-", "-Nachtab.": "Ja", "-Gerät-Datum": "2009-09-29", "-SB": "Lipp", "-AP": "-", "-FG-Bem.": "-", "-VeloR.": "VR08", "-Bemerkung": "  " }, "geometry": { "type": "MultiPoint", "coordinates": [ [ 552140.494300000020303, 5798395.483 ] ] } },
{ "type": "Feature", "properties": { "No.": 342.0, "-Kreuzung": "Buchholzer Straße / Wilhelm-Tell-Straße", "-Bezirk": "5", "-Art": "K", "-TK": "1", "-dv. FSA": "0", "-dv. 2-feld.": "0", "-VSR": "3", "-OCIT": "Kabel", "-LSA-Datum": "2014/11/28", "-Hersteller": "Swarco", "-Gerät": "Actros", "-CKR-Nr.": "-", "-LED": "LED", "-BS": "BTAO", "-Nachtab.": "-", "-Gerät-Datum": "2024-12-17", "-SB": "Leketas", "-AP": "Ja", "-FG-Bem.": "-", "-VeloR.": "-", "-Bemerkung": "  " }, "geometry": { "type": "MultiPoint", "coordinates": [ [ 556973.201699999975972, 5805523.302000000141561 ] ] } },
{ "type": "Feature", "properties": { "No.": 326.0, "-Kreuzung": "Anderter Str./ Ludwig-Jahn-Str.", "-Bezirk": "5", "-Art": "F", "-TK": "1", "-dv. FSA": "1", "-dv. 2-feld.": "1", "-VSR": "3", "-OCIT": "LTE", "-LSA-Datum": "1972/12/20", "-Hersteller": "Swarco", "-Gerät": "Actros", "-CKR-Nr.": "-", "-LED": "LED", "-BS": "-", "-Nachtab.": "Ja", "-Gerät-Datum": "2017-05-16", "-SB": "Leketas", "-AP": "-", "-FG-Bem.": "-", "-VeloR.": "-", "-Bemerkung": "  " }, "geometry": { "type": "MultiPoint", "coordinates": [ [ 558421.31160000001546, 5804455.29 ] ] } },
{ "type": "Feature", "properties": { "No.": 482.0, "-Kreuzung": "Clausewitzstrasse / Kleefelder Straße, Stadtparkweg", "-Bezirk": "1", "-Art": "K", "-TK": "1", "-dv. FSA": "0", "-dv. 2-feld.": "0", "-VSR": "2", "-OCIT": "Kabel", "-LSA-Datum": "2015/06/09", "-Hersteller": "Yunex", "-Gerät": "C940ES", "-CKR-Nr.": "111088", "-LED": "LED", "-BS": "BTAO", "-Nachtab.": "-", "-Gerät-Datum": "2023-11-28", "-SB": "Leketas", "-AP": "Ja", "-FG-Bem.": "-", "-VeloR.": "VR04", "-Bemerkung": "  " }, "geometry": { "type": "MultiPoint", "coordinates": [ [ 552717.466999999945983, 5802809.068 ] ] } },
{ "type": "Feature", "properties": { "No.": 310.0, "-Kreuzung": "Kirchröder Str. / Uhlhornstr.", "-Bezirk": "4", "-Art": "F", "-TK": "4", "-dv. FSA": "4", "-dv. 2-feld.": "4", "-VSR": "3", "-OCIT": "Kabel", "-LSA-Datum": "1974/12/12", "-Hersteller": "Swarco", "-Gerät": "Actros", "-CKR-Nr.": "-", "-LED": "LED", "-BS": "BTAO", "-Nachtab.": "-", "-Gerät-Datum": "2010-12-13", "-SB": "Leketas", "-AP": "Ja", "-FG-Bem.": "-", "-VeloR.": "-", "-Bemerkung": "  " }, "geometry": { "type": "MultiPoint", "coordinates": [ [ 554069.964999999967404, 5802650.807 ] ] } },
{ "type": "Feature", "properties": { "No.": 108.0, "-Kreuzung": "Schulenburger Landstr. / Friedenauer Str.", "-Bezirk": "13", "-Art": "K", "-TK": "1", "-dv. FSA": "0", "-dv. 2-feld.": "0", "-VSR": "1", "-OCIT": "Kabel", "-LSA-Datum": "1964/06/09", "-Hersteller": "Yunex", "-Gerät": "sX-H", "-CKR-Nr.": "100126", "-LED": "LED", "-BS": "BTAO", "-Nachtab.": "-", "-Gerät-Datum": "2024-08-01", "-SB": "Germer", "-AP": "Ja", "-FG-Bem.": "-", "-VeloR.": "-", "-Bemerkung": null }, "geometry": { "type": "MultiPoint", "coordinates": [ [ 547999.4203, 5807141.829 ] ] } },
{ "type": "Feature", "properties": { "No.": 587.0, "-Kreuzung": "Misburger Str. / Heidering", "-Bezirk": "4", "-Art": "K", "-TK": "1", "-dv. FSA": "0", "-dv. 2-feld.": "0", "-VSR": "3", "-OCIT": "-", "-LSA-Datum": "1972/06/20", "-Hersteller": "Yunex", "-Gerät": "C800V", "-CKR-Nr.": "110009", "-LED": "LED", "-BS": "BTAO", "-Nachtab.": "Ja", "-Gerät-Datum": "2015-01-26", "-SB": "Leketas", "-AP": "-", "-FG-Bem.": "-", "-VeloR.": "-", "-Bemerkung": "  " }, "geometry": { "type": "MultiPoint", "coordinates": [ [ 555326.075599999981932, 5803637.313 ] ] } },
{ "type": "Feature", "properties": { "No.": 496.0, "-Kreuzung": "Bemeroder Straße / Am Spargelacker", "-Bezirk": "6", "-Art": "K", "-TK": "1", "-dv. FSA": "0", "-dv. 2-feld.": "0", "-VSR": "8", "-OCIT": "Kabel", "-LSA-Datum": "1999/11/11", "-Hersteller": "Swarco", "-Gerät": "Actros", "-CKR-Nr.": "-", "-LED": "LED", "-BS": "BTAO", "-Nachtab.": "-", "-Gerät-Datum": "2016-02-04", "-SB": "Lipp", "-AP": "-", "-FG-Bem.": "-", "-VeloR.": "VR06", "-Bemerkung": "  " }, "geometry": { "type": "MultiPoint", "coordinates": [ [ 555658.5856, 5799862.517 ] ] } },
{ "type": "Feature", "properties": { "No.": 314.0, "-Kreuzung": "Alt Vinnhorst / Fischteichweg", "-Bezirk": "13", "-Art": "F", "-TK": "1", "-dv. FSA": "1", "-dv. 2-feld.": "0", "-VSR": "1", "-OCIT": "-", "-LSA-Datum": "1990/10/11", "-Hersteller": "Yunex", "-Gerät": "MSF", "-CKR-Nr.": "110161", "-LED": "LED", "-BS": "BA", "-Nachtab.": "Ja", "-Gerät-Datum": "2003-02-17", "-SB": "Germer", "-AP": "-", "-FG-Bem.": "-", "-VeloR.": "-", "-Bemerkung": "  " }, "geometry": { "type": "MultiPoint", "coordinates": [ [ 547860.994500000029802, 5808334.440999999642372 ] ] } },
{ "type": "Feature", "properties": { "No.": 548.0, "-Kreuzung": "Kirchhorster Str. / Riethorst", "-Bezirk": "3", "-Art": "K", "-TK": "1", "-dv. FSA": "0", "-dv. 2-feld.": "0", "-VSR": "3", "-OCIT": "Kabel", "-LSA-Datum": "1976/10/23", "-Hersteller": "Swarco", "-Gerät": "Actros", "-CKR-Nr.": "-", "-LED": "LED", "-BS": "BTAO", "-Nachtab.": "-", "-Gerät-Datum": "2023-08-15", "-SB": "Sieber", "-AP": "Ja", "-FG-Bem.": "-", "-VeloR.": "-", "-Bemerkung": "LOGIN" }, "geometry": { "type": "MultiPoint", "coordinates": [ [ 555692.372699999948964, 5806983.140999999828637 ] ] } },
{ "type": "Feature", "properties": { "No.": 708.0, "-Kreuzung": "Weltausstellungsallee / Mailänder Straße / Gut Kronsberg", "-Bezirk": "608", "-Art": "K", "-TK": "1", "-dv. FSA": "0", "-dv. 2-feld.": "0", "-VSR": "8", "-OCIT": "Kabel", "-LSA-Datum": "2003/10/01", "-Hersteller": "Swarco", "-Gerät": "Actros", "-CKR-Nr.": "-", "-LED": "LED", "-BS": "LOC-ID", "-Nachtab.": "-", "-Gerät-Datum": "2021-08-12", "-SB": "Lipp", "-AP": "-", "-FG-Bem.": "-", "-VeloR.": "-", "-Bemerkung": "  " }, "geometry": { "type": "MultiPoint", "coordinates": [ [ 555804.957599999965169, 5797271.46999999973923 ] ] } },
{ "type": "Feature", "properties": { "No.": 259.0, "-Kreuzung": "Auf der Horst / Hollerithallee", "-Bezirk": "1212", "-Art": "K", "-TK": "1", "-dv. FSA": "0", "-dv. 2-feld.": "0", "-VSR": "6", "-OCIT": "-", "-LSA-Datum": "1995/05/08", "-Hersteller": "Yunex", "-Gerät": "sX", "-CKR-Nr.": "111001", "-LED": "LED", "-BS": "LOC-ID", "-Nachtab.": "-", "-Gerät-Datum": "2022-09-14", "-SB": "Teichert", "-AP": "-", "-FG-Bem.": "-", "-VeloR.": "-", "-Bemerkung": "  " }, "geometry": { "type": "MultiPoint", "coordinates": [ [ 543008.076200000010431, 5806964.440999999642372 ] ] } },
{ "type": "Feature", "properties": { "No.": 305.0, "-Kreuzung": "Brabeckstr. / Kleiner Hillen", "-Bezirk": "6", "-Art": "F", "-TK": "1", "-dv. FSA": "1", "-dv. 2-feld.": "0", "-VSR": "3", "-OCIT": "Kabel", "-LSA-Datum": "1971/12/09", "-Hersteller": "Yunex", "-Gerät": "C920ES", "-CKR-Nr.": "110006", "-LED": "LED", "-BS": "LOC-ID", "-Nachtab.": "Ja", "-Gerät-Datum": "2021-07-12", "-SB": "Lipp", "-AP": "Ja", "-FG-Bem.": "-", "-VeloR.": "-", "-Bemerkung": "  " }, "geometry": { "type": "MultiPoint", "coordinates": [ [ 556335.821699999971315, 5801218.13399999961257 ] ] } },
{ "type": "Feature", "properties": { "No.": 151.0, "-Kreuzung": "Industrieweg / Hackethalstr.", "-Bezirk": "13", "-Art": "K", "-TK": "1", "-dv. FSA": "0", "-dv. 2-feld.": "0", "-VSR": "1", "-OCIT": "-", "-LSA-Datum": "1992/12/14", "-Hersteller": "Yunex", "-Gerät": "MS", "-CKR-Nr.": "110178", "-LED": "LED", "-BS": "-", "-Nachtab.": "-", "-Gerät-Datum": "2001-06-09", "-SB": "Germer", "-AP": "-", "-FG-Bem.": "-", "-VeloR.": "-", "-Bemerkung": null }, "geometry": { "type": "MultiPoint", "coordinates": [ [ 549113.2722, 5808172.11699999962002 ] ] } },
{ "type": "Feature", "properties": { "No.": 82.0, "-Kreuzung": "Garkenburgstr. / Spittastr.", "-Bezirk": "8", "-Art": "K", "-TK": "2", "-dv. FSA": "1", "-dv. 2-feld.": "0", "-VSR": "2", "-OCIT": "Kabel", "-LSA-Datum": "1979/02/20", "-Hersteller": "Yunex", "-Gerät": "C920ES", "-CKR-Nr.": "100091", "-LED": "LED", "-BS": "LOC-ID", "-Nachtab.": "-", "-Gerät-Datum": "2018-06-19", "-SB": "Lipp", "-AP": "Ja", "-FG-Bem.": "-", "-VeloR.": "-", "-Bemerkung": null }, "geometry": { "type": "MultiPoint", "coordinates": [ [ 554488.6313, 5798722.076999999582767 ] ] } },
{ "type": "Feature", "properties": { "No.": 293.0, "-Kreuzung": "Jädekamp / Zufahrt Conti-Parkplatz", "-Bezirk": "12", "-Art": "K", "-TK": "1", "-dv. FSA": "0", "-dv. 2-feld.": "0", "-VSR": "6", "-OCIT": "Kabel", "-LSA-Datum": "1995/09/20", "-Hersteller": "Yunex", "-Gerät": "sX", "-CKR-Nr.": "110186", "-LED": "LED", "-BS": "-", "-Nachtab.": "-", "-Gerät-Datum": "2024-03-14", "-SB": "Teichert", "-AP": "Ja", "-FG-Bem.": "-", "-VeloR.": "-", "-Bemerkung": "  " }, "geometry": { "type": "MultiPoint", "coordinates": [ [ 543647.091299999970943, 5807529.695000000298023 ] ] } },
{ "type": "Feature", "properties": { "No.": 321.0, "-Kreuzung": "Buchholzer Str. / Brucknerring / Werfelstraße", "-Bezirk": "5", "-Art": "K", "-TK": "1", "-dv. FSA": "0", "-dv. 2-feld.": "0", "-VSR": "3", "-OCIT": "Kabel", "-LSA-Datum": "1974/12/03", "-Hersteller": "Yunex", "-Gerät": "C940V", "-CKR-Nr.": "100013", "-LED": "LED", "-BS": "BTAO", "-Nachtab.": "-", "-Gerät-Datum": "2024-11-11", "-SB": "Leketas", "-AP": "Ja", "-FG-Bem.": "-", "-VeloR.": "-", "-Bemerkung": "  " }, "geometry": { "type": "MultiPoint", "coordinates": [ [ 557481.448199999984354, 5805193.572999999858439 ] ] } },
{ "type": "Feature", "properties": { "No.": 620.0, "-Kreuzung": "Carlo-Schmid-Allee / Richard-Partzsch-Weg", "-Bezirk": "11", "-Art": "F", "-TK": "1", "-dv. FSA": "1", "-dv. 2-feld.": "0", "-VSR": "4", "-OCIT": "-", "-LSA-Datum": "1991/09/27", "-Hersteller": "Yunex", "-Gerät": "C840XS", "-CKR-Nr.": "110170", "-LED": "LED", "-BS": "BA", "-Nachtab.": "Ja", "-Gerät-Datum": "2016-01-19", "-SB": "Riedel", "-AP": "-", "-FG-Bem.": "-", "-VeloR.": "-", "-Bemerkung": "09.05.2018, Steuergerät von LSA406 beauftragt umzubauen zur 620" }, "geometry": { "type": "MultiPoint", "coordinates": [ [ 546127.496900000027381, 5802361.648 ] ] } },
{ "type": "Feature", "properties": { "No.": 191.0, "-Kreuzung": "Vahrenwalder Str. / Sahlkamp", "-Bezirk": "313", "-Art": "K", "-TK": "1", "-dv. FSA": "0", "-dv. 2-feld.": "0", "-VSR": "1", "-OCIT": "-", "-LSA-Datum": "1976/12/02", "-Hersteller": "Yunex", "-Gerät": "MS", "-CKR-Nr.": "101008", "-LED": "LED", "-BS": "BT", "-Nachtab.": "-", "-Gerät-Datum": "2001-06-09", "-SB": "Germer", "-AP": "-", "-FG-Bem.": "-", "-VeloR.": "-", "-Bemerkung": null }, "geometry": { "type": "MultiPoint", "coordinates": [ [ 549940.94019999995362, 5807164.494 ] ] } },
{ "type": "Feature", "properties": { "No.": 274.0, "-Kreuzung": "Hebbelstr. / Constantinstr.", "-Bezirk": "2", "-Art": "K", "-TK": "1", "-dv. FSA": "0", "-dv. 2-feld.": "0", "-VSR": "3", "-OCIT": "LTE", "-LSA-Datum": "1977/08/15", "-Hersteller": "Yunex", "-Gerät": "C940V", "-CKR-Nr.": "100062", "-LED": "LED", "-BS": "BTAO", "-Nachtab.": "Ja", "-Gerät-Datum": "2020-05-20", "-SB": "Germer", "-AP": "-", "-FG-Bem.": "-", "-VeloR.": "-", "-Bemerkung": "  " }, "geometry": { "type": "MultiPoint", "coordinates": [ [ 552728.945799999986775, 5806012.627000000327826 ] ] } },
{ "type": "Feature", "properties": { "No.": 334.0, "-Kreuzung": "Lehrter Str. / Zufahrt Fa. Bauer + Tk Süßeroder Straße", "-Bezirk": "5", "-Art": "K", "-TK": "2", "-dv. FSA": "0", "-dv. 2-feld.": "0", "-VSR": "3", "-OCIT": "-", "-LSA-Datum": "2002/12/06", "-Hersteller": "Swarco", "-Gerät": "BTC 500", "-CKR-Nr.": "-", "-LED": "LED", "-BS": "-", "-Nachtab.": "-", "-Gerät-Datum": "2002-12-06", "-SB": "Lipp", "-AP": "-", "-FG-Bem.": "-", "-VeloR.": "-", "-Bemerkung": "Üstra / Klärung mit Region über Anpassung Kosten" }, "geometry": { "type": "MultiPoint", "coordinates": [ [ 557641.775400000042282, 5801444.63399999961257 ] ] } },
{ "type": "Feature", "properties": { "No.": 64.0, "-Kreuzung": "Stelinger Straße / Schwarze Heide", "-Bezirk": "12", "-Art": "K", "-TK": "1", "-dv. FSA": "0", "-dv. 2-feld.": "0", "-VSR": "6", "-OCIT": "Kabel", "-LSA-Datum": "1997/11/10", "-Hersteller": "Swarco", "-Gerät": "Actros", "-CKR-Nr.": "-", "-LED": "LED", "-BS": "BTAO", "-Nachtab.": "-", "-Gerät-Datum": "2025-10-17", "-SB": "Teichert", "-AP": "Ja", "-FG-Bem.": "-", "-VeloR.": "-", "-Bemerkung": null }, "geometry": { "type": "MultiPoint", "coordinates": [ [ 543924.18460000003688, 5809057.031999999657273 ] ] } },
{ "type": "Feature", "properties": { "No.": 232.0, "-Kreuzung": "Kirchröder Str. / Anna-von-Borries-Straße  (Annastift) ehem. Heimchenstraße", "-Bezirk": "4", "-Art": "F", "-TK": "2", "-dv. FSA": "2", "-dv. 2-feld.": "2", "-VSR": "3", "-OCIT": "-", "-LSA-Datum": "1990/11/07", "-Hersteller": "Yunex", "-Gerät": "C840ES", "-CKR-Nr.": "110153", "-LED": "LED", "-BS": "BTAO", "-Nachtab.": "-", "-Gerät-Datum": "2017-04-04", "-SB": "Leketas", "-AP": "-", "-FG-Bem.": "-", "-VeloR.": "-", "-Bemerkung": "LHH Quartiersplanung" }, "geometry": { "type": "MultiPoint", "coordinates": [ [ 555061.887899999972433, 5802425.11699999962002 ] ] } },
{ "type": "Feature", "properties": { "No.": 317.0, "-Kreuzung": "Hannoversche Str. / Am Seelberg", "-Bezirk": "5", "-Art": "F", "-TK": "1", "-dv. FSA": "1", "-dv. 2-feld.": "1", "-VSR": "3", "-OCIT": "Kabel", "-LSA-Datum": "1973/10/02", "-Hersteller": "Yunex", "-Gerät": "sX", "-CKR-Nr.": "100011", "-LED": "LED", "-BS": "-", "-Nachtab.": "Ja", "-Gerät-Datum": "2025-03-05", "-SB": "Leketas", "-AP": "Ja", "-FG-Bem.": "Ja", "-VeloR.": "-", "-Bemerkung": "Am Prozessor" }, "geometry": { "type": "MultiPoint", "coordinates": [ [ 557303.838699999963865, 5804530.08 ] ] } },
{ "type": "Feature", "properties": { "No.": 217.0, "-Kreuzung": "Garkenburgstr. / Friedhof Seelhorst", "-Bezirk": "8", "-Art": "K", "-TK": "2", "-dv. FSA": "1", "-dv. 2-feld.": "0", "-VSR": "2", "-OCIT": "-", "-LSA-Datum": "1969/08/08", "-Hersteller": "Yunex", "-Gerät": "MS", "-CKR-Nr.": "110104", "-LED": "LED", "-BS": "BTAO", "-Nachtab.": "Ja", "-Gerät-Datum": "2003-02-07", "-SB": "Lipp", "-AP": "-", "-FG-Bem.": "-", "-VeloR.": "-", "-Bemerkung": null }, "geometry": { "type": "MultiPoint", "coordinates": [ [ 554001.5333999999566, 5798601.427000000141561 ] ] } },
{ "type": "Feature", "properties": { "No.": 162.0, "-Kreuzung": "Brühlstr. / Otto-Brenner-Str./ Lange Laube", "-Bezirk": "1", "-Art": "K", "-TK": "2", "-dv. FSA": "1", "-dv. 2-feld.": "0", "-VSR": "1", "-OCIT": "Kabel", "-LSA-Datum": "1971/12/15", "-Hersteller": "Swarco", "-Gerät": "Actros", "-CKR-Nr.": "-", "-LED": "LED", "-BS": "BTAO", "-Nachtab.": "-", "-Gerät-Datum": "2022-07-19", "-SB": "Sieber", "-AP": "-", "-FG-Bem.": "-", "-VeloR.": "CR, VR12", "-Bemerkung": "Smart City" }, "geometry": { "type": "MultiPoint", "coordinates": [ [ 549361.4867, 5803204.803999999538064 ] ] } },
{ "type": "Feature", "properties": { "No.": 545.0, "-Kreuzung": "Podbielskistr. / Kirchhorster Str. ", "-Bezirk": "304", "-Art": "K", "-TK": "3", "-dv. FSA": "2", "-dv. 2-feld.": "2", "-VSR": "3", "-OCIT": "Kabel", "-LSA-Datum": "1973/05/10", "-Hersteller": "Swarco", "-Gerät": "Actros", "-CKR-Nr.": "-", "-LED": "LED", "-BS": "BTAO", "-Nachtab.": "-", "-Gerät-Datum": "2023-08-15", "-SB": "Sieber", "-AP": "Ja", "-FG-Bem.": "-", "-VeloR.": "-", "-Bemerkung": "LOGIN" }, "geometry": { "type": "MultiPoint", "coordinates": [ [ 555501.341999999945983, 5806881.259999999776483 ] ] } },
{ "type": "Feature", "properties": { "No.": 460.0, "-Kreuzung": "Hildesheimer Str. / Peiner Str.", "-Bezirk": "8", "-Art": "K", "-TK": "1", "-dv. FSA": "0", "-dv. 2-feld.": "0", "-VSR": "2", "-OCIT": "-", "-LSA-Datum": "1986/09/11", "-Hersteller": "Yunex", "-Gerät": "C840V", "-CKR-Nr.": "100139", "-LED": "LED", "-BS": "BTAO", "-Nachtab.": "-", "-Gerät-Datum": "2012-08-10", "-SB": "Lipp", "-AP": "-", "-FG-Bem.": "-", "-VeloR.": "-", "-Bemerkung": "  " }, "geometry": { "type": "MultiPoint", "coordinates": [ [ 552373.35999999998603, 5798922.58600000012666 ] ] } },
{ "type": "Feature", "properties": { "No.": 55.0, "-Kreuzung": "Stöckener Str. / Fuhsestr.", "-Bezirk": "12", "-Art": "K", "-TK": "4", "-dv. FSA": "2", "-dv. 2-feld.": "0", "-VSR": "6", "-OCIT": "Kabel", "-LSA-Datum": "1980/07/15", "-Hersteller": "Yunex", "-Gerät": "sX", "-CKR-Nr.": "100176", "-LED": "LED", "-BS": "BTAO", "-Nachtab.": "-", "-Gerät-Datum": "2021-07-12", "-SB": "Teichert", "-AP": "-", "-FG-Bem.": "-", "-VeloR.": "-", "-Bemerkung": null }, "geometry": { "type": "MultiPoint", "coordinates": [ [ 545544.662600000039674, 5805752.036000000312924 ] ] } },
{ "type": "Feature", "properties": { "No.": 432.0, "-Kreuzung": "Hildesheimer Str. / Bernwardkirche / Bernwardstr. + TK Fiedelerstr.", "-Bezirk": "8", "-Art": "F", "-TK": "3", "-dv. FSA": "3", "-dv. 2-feld.": "0", "-VSR": "2", "-OCIT": "Kabel", "-LSA-Datum": "1987/09/24", "-Hersteller": "Yunex", "-Gerät": "sX", "-CKR-Nr.": "101006", "-LED": "LED", "-BS": "BTAO", "-Nachtab.": "-", "-Gerät-Datum": "2026-03-19", "-SB": "Lipp", "-AP": "Ja", "-FG-Bem.": "-", "-VeloR.": "-", "-Bemerkung": "  " }, "geometry": { "type": "MultiPoint", "coordinates": [ [ 552150.515600000042468, 5799326.394000000320375 ] ] } },
{ "type": "Feature", "properties": { "No.": 444.0, "-Kreuzung": "Berliner Allee / Schiffgraben", "-Bezirk": "1", "-Art": "K", "-TK": "1", "-dv. FSA": "0", "-dv. 2-feld.": "0", "-VSR": "2", "-OCIT": "Kabel", "-LSA-Datum": "1977/05/18", "-Hersteller": "Yunex", "-Gerät": "C940ES", "-CKR-Nr.": "100181", "-LED": "LED", "-BS": "BTAO", "-Nachtab.": "-", "-Gerät-Datum": "2018-04-20", "-SB": "Sieber", "-AP": "-", "-FG-Bem.": "-", "-VeloR.": "CR", "-Bemerkung": "Smart City" }, "geometry": { "type": "MultiPoint", "coordinates": [ [ 551116.739399999962188, 5803060.921 ] ] } },
{ "type": "Feature", "properties": { "No.": 439.0, "-Kreuzung": "Geibelstr. / Stephansplatz", "-Bezirk": "7", "-Art": "F", "-TK": "1", "-dv. FSA": "1", "-dv. 2-feld.": "0", "-VSR": "2", "-OCIT": "-", "-LSA-Datum": "1977/01/26", "-Hersteller": "Yunex", "-Gerät": "C800XS", "-CKR-Nr.": "101084", "-LED": "LED", "-BS": "BTAO", "-Nachtab.": "Ja", "-Gerät-Datum": "2015-01-15", "-SB": "Leketas", "-AP": "-", "-FG-Bem.": "-", "-VeloR.": "-", "-Bemerkung": "  " }, "geometry": { "type": "MultiPoint", "coordinates": [ [ 551395.3981, 5801378.810999999754131 ] ] } },
{ "type": "Feature", "properties": { "No.": 186.0, "-Kreuzung": "Ernst-August-Platz / Joachimstr.", "-Bezirk": "1", "-Art": "K", "-TK": "1", "-dv. FSA": "0", "-dv. 2-feld.": "0", "-VSR": "1", "-OCIT": "Kabel", "-LSA-Datum": "1977/04/05", "-Hersteller": "Yunex", "-Gerät": "C940V", "-CKR-Nr.": "110087", "-LED": "LED", "-BS": "BTAO", "-Nachtab.": "-", "-Gerät-Datum": "2021-08-24", "-SB": "Sieber", "-AP": "Ja", "-FG-Bem.": "-", "-VeloR.": "-", "-Bemerkung": null }, "geometry": { "type": "MultiPoint", "coordinates": [ [ 550500.132600000011735, 5803084.49199999962002 ] ] } },
{ "type": "Feature", "properties": { "No.": 288.0, "-Kreuzung": "Empelder Straße / Riecherstraße", "-Bezirk": "11", "-Art": "F", "-TK": "4", "-dv. FSA": "4", "-dv. 2-feld.": "4", "-VSR": "4", "-OCIT": "Kabel", "-LSA-Datum": "2023/09/12", "-Hersteller": "Swarco", "-Gerät": "Actros", "-CKR-Nr.": "-", "-LED": "LED", "-BS": "BTAO", "-Nachtab.": "-", "-Gerät-Datum": "2023-09-12", "-SB": "Riedel", "-AP": "Ja", "-FG-Bem.": "-", "-VeloR.": "-", "-Bemerkung": "  " }, "geometry": { "type": "MultiPoint", "coordinates": [ [ 545595.2768, 5800716.143000000156462 ] ] } },
{ "type": "Feature", "properties": { "No.": 547.0, "-Kreuzung": "Buchholzer Straße / Gundelrebe", "-Bezirk": "5", "-Art": "F", "-TK": "1", "-dv. FSA": "1", "-dv. 2-feld.": "1", "-VSR": "3", "-OCIT": "-", "-LSA-Datum": "-", "-Hersteller": "Yunex", "-Gerät": "C840V", "-CKR-Nr.": "111077", "-LED": "LED", "-BS": "BTAO", "-Nachtab.": "-", "-Gerät-Datum": "2010-11-12", "-SB": "Leketas", "-AP": "-", "-FG-Bem.": "-", "-VeloR.": "-", "-Bemerkung": "  " }, "geometry": { "type": "MultiPoint", "coordinates": [ [ 556268.8064, 5806035.974999999627471 ] ] } },
{ "type": "Feature", "properties": { "No.": 181.0, "-Kreuzung": "Schwarzer Bär / Falkenstraße", "-Bezirk": "10", "-Art": "K", "-TK": "1", "-dv. FSA": "0", "-dv. 2-feld.": "0", "-VSR": "1", "-OCIT": "Kabel", "-LSA-Datum": "1972/10/03", "-Hersteller": "Swarco", "-Gerät": "Actros", "-CKR-Nr.": "-", "-LED": "LED", "-BS": "BTAO", "-Nachtab.": "-", "-Gerät-Datum": "2005-12-22", "-SB": "Riedel", "-AP": "Ja", "-FG-Bem.": "Ja", "-VeloR.": "-", "-Bemerkung": null }, "geometry": { "type": "MultiPoint", "coordinates": [ [ 548997.5492, 5802151.534 ] ] } },
{ "type": "Feature", "properties": { "No.": 481.0, "-Kreuzung": "Hans-Böckler-Allee / Clausewitzstr.", "-Bezirk": "7", "-Art": "K", "-TK": "1", "-dv. FSA": "0", "-dv. 2-feld.": "0", "-VSR": "2", "-OCIT": "Kabel", "-LSA-Datum": "1989/11/10", "-Hersteller": "Swarco", "-Gerät": "Actros", "-CKR-Nr.": "-", "-LED": "LED", "-BS": "BTAO", "-Nachtab.": "-", "-Gerät-Datum": "2017-09-29", "-SB": "Leketas", "-AP": "Ja", "-FG-Bem.": "-", "-VeloR.": "-", "-Bemerkung": "  " }, "geometry": { "type": "MultiPoint", "coordinates": [ [ 552736.386300000012852, 5802604.660000000149012 ] ] } },
{ "type": "Feature", "properties": { "No.": 528.0, "-Kreuzung": "Walderseestr. / Hammersteinstr.", "-Bezirk": "102", "-Art": "F", "-TK": "1", "-dv. FSA": "1", "-dv. 2-feld.": "1", "-VSR": "3", "-OCIT": "Kabel", "-LSA-Datum": "1979/08/30", "-Hersteller": "Swarco", "-Gerät": "Actros", "-CKR-Nr.": "-", "-LED": "LED", "-BS": "-", "-Nachtab.": "Ja", "-Gerät-Datum": "2017-05-17", "-SB": "Leketas", "-AP": "-", "-FG-Bem.": "-", "-VeloR.": "-", "-Bemerkung": "  " }, "geometry": { "type": "MultiPoint", "coordinates": [ [ 551605.098, 5804861.026999999769032 ] ] } },
{ "type": "Feature", "properties": { "No.": 225.0, "-Kreuzung": "Gr. Buchholzer Kirchweg / Hesemannstr.", "-Bezirk": "4", "-Art": "F", "-TK": "1", "-dv. FSA": "1", "-dv. 2-feld.": "1", "-VSR": "3", "-OCIT": "-", "-LSA-Datum": "1969/10/09", "-Hersteller": "Yunex", "-Gerät": "C840XS", "-CKR-Nr.": "101058", "-LED": "LED", "-BS": "-", "-Nachtab.": "Ja", "-Gerät-Datum": "2016-10-05", "-SB": "Leketas", "-AP": "-", "-FG-Bem.": "-", "-VeloR.": "-", "-Bemerkung": "  " }, "geometry": { "type": "MultiPoint", "coordinates": [ [ 554635.568500000052154, 5805978.399000000208616 ] ] } },
{ "type": "Feature", "properties": { "No.": 333.0, "-Kreuzung": "Lehrter Str. / Am Tiergarten / Am Wöhren", "-Bezirk": "5", "-Art": "K", "-TK": "1", "-dv. FSA": "0", "-dv. 2-feld.": "0", "-VSR": "3", "-OCIT": "-", "-LSA-Datum": "2002/11/08", "-Hersteller": "Swarco", "-Gerät": "Actros", "-CKR-Nr.": "-", "-LED": "LED", "-BS": "BTAO", "-Nachtab.": "-", "-Gerät-Datum": "2017-10-26", "-SB": "Lipp", "-AP": "-", "-FG-Bem.": "-", "-VeloR.": "-", "-Bemerkung": "AM Prozessorzeile 2025" }, "geometry": { "type": "MultiPoint", "coordinates": [ [ 557568.0259, 5801460.582000000402331 ] ] } },
{ "type": "Feature", "properties": { "No.": 202.0, "-Kreuzung": "Tiergartenstr. / Großer Hillen / Brabeckstraße", "-Bezirk": "6", "-Art": "K", "-TK": "3", "-dv. FSA": "2", "-dv. 2-feld.": "2", "-VSR": "3", "-OCIT": "Kabel", "-LSA-Datum": "1987/06/25", "-Hersteller": "Yunex", "-Gerät": "C940ES", "-CKR-Nr.": "111090", "-LED": "LED", "-BS": "LOC-ID", "-Nachtab.": "-", "-Gerät-Datum": "2016-11-15", "-SB": "Lipp", "-AP": "Ja", "-FG-Bem.": "-", "-VeloR.": "-", "-Bemerkung": null }, "geometry": { "type": "MultiPoint", "coordinates": [ [ 556436.388799999956973, 5801503.28899999987334 ] ] } },
{ "type": "Feature", "properties": { "No.": 441.0, "-Kreuzung": "Hamburger Allee / Lister Meile", "-Bezirk": "1", "-Art": "K", "-TK": "1", "-dv. FSA": "0", "-dv. 2-feld.": "0", "-VSR": "1", "-OCIT": "Kabel", "-LSA-Datum": "1972/11/17", "-Hersteller": "Yunex", "-Gerät": "C920ES", "-CKR-Nr.": "100184", "-LED": "LED", "-BS": "BTAO", "-Nachtab.": "-", "-Gerät-Datum": "2022-03-16", "-SB": "Sieber", "-AP": "-", "-FG-Bem.": "-", "-VeloR.": "CR, VR02", "-Bemerkung": "Smart City" }, "geometry": { "type": "MultiPoint", "coordinates": [ [ 550631.5, 5803493.236999999731779 ] ] } },
{ "type": "Feature", "properties": { "No.": 177.0, "-Kreuzung": "Lavesallee / Gustav-Bratke-Allee / Am Waterlooplatz", "-Bezirk": "1", "-Art": "K", "-TK": "3", "-dv. FSA": "1", "-dv. 2-feld.": "0", "-VSR": "1", "-OCIT": "Kabel", "-LSA-Datum": "1971/04/01", "-Hersteller": "Yunex", "-Gerät": "C920ES", "-CKR-Nr.": "101074", "-LED": "LED", "-BS": "BTAO", "-Nachtab.": "-", "-Gerät-Datum": "2020-04-16", "-SB": "Riedel", "-AP": "Ja", "-FG-Bem.": "-", "-VeloR.": "-", "-Bemerkung": null }, "geometry": { "type": "MultiPoint", "coordinates": [ [ 549499.014700000057928, 5802077.279 ] ] } },
{ "type": "Feature", "properties": { "No.": 189.0, "-Kreuzung": "Vahrenwalder Str. / Kugelfangtrift / Industrieweg", "-Bezirk": "313", "-Art": "K", "-TK": "1", "-dv. FSA": "0", "-dv. 2-feld.": "0", "-VSR": "1", "-OCIT": "Kabel", "-LSA-Datum": "1993/05/25", "-Hersteller": "Yunex", "-Gerät": "C940ES", "-CKR-Nr.": "101132", "-LED": "LED", "-BS": "LOC-ID", "-Nachtab.": "-", "-Gerät-Datum": "2019-08-10", "-SB": "Germer", "-AP": "-", "-FG-Bem.": "-", "-VeloR.": "-", "-Bemerkung": null }, "geometry": { "type": "MultiPoint", "coordinates": [ [ 549858.0035, 5808098.106999999843538 ] ] } },
{ "type": "Feature", "properties": { "No.": 244.0, "-Kreuzung": "Am Listholze / Constantinstr. + TK G.-W.-Allee / Constantinstraße", "-Bezirk": "2", "-Art": "K", "-TK": "2", "-dv. FSA": "0", "-dv. 2-feld.": "0", "-VSR": "3", "-OCIT": "-", "-LSA-Datum": "1988/09/23", "-Hersteller": "Yunex", "-Gerät": "C840V", "-CKR-Nr.": "110138", "-LED": "LED", "-BS": "BTAO", "-Nachtab.": "Ja", "-Gerät-Datum": "2009-07-14", "-SB": "Germer", "-AP": "-", "-FG-Bem.": "-", "-VeloR.": "-", "-Bemerkung": "  " }, "geometry": { "type": "MultiPoint", "coordinates": [ [ 551929.007600000011735, 5806038.892 ] ] } },
{ "type": "Feature", "properties": { "No.": 203.0, "-Kreuzung": "Lange-Feld-Str. / Ottweiler Str.", "-Bezirk": "6", "-Art": "F", "-TK": "1", "-dv. FSA": "1", "-dv. 2-feld.": "1", "-VSR": "3", "-OCIT": "LTE", "-LSA-Datum": "1973/02/06", "-Hersteller": "Yunex", "-Gerät": "sX Compact-L", "-CKR-Nr.": "110023", "-LED": "LED", "-BS": "LOC-ID", "-Nachtab.": "Ja", "-Gerät-Datum": "2020-02-26", "-SB": "Lipp", "-AP": "Ja", "-FG-Bem.": "Ja", "-VeloR.": "-", "-Bemerkung": null }, "geometry": { "type": "MultiPoint", "coordinates": [ [ 555505.505899999989197, 5801353.576000000350177 ] ] } },
{ "type": "Feature", "properties": { "No.": 576.0, "-Kreuzung": "Podbielskistraße / Wittekamp + TK Lortzingstraße", "-Bezirk": "2", "-Art": "K", "-TK": "3", "-dv. FSA": "2", "-dv. 2-feld.": "2", "-VSR": "3", "-OCIT": "-", "-LSA-Datum": "1997/09/11", "-Hersteller": "Yunex", "-Gerät": "C800V", "-CKR-Nr.": "110173", "-LED": "LED", "-BS": "BTAO", "-Nachtab.": "-", "-Gerät-Datum": "2016-02-15", "-SB": "Germer", "-AP": "-", "-FG-Bem.": "-", "-VeloR.": "-", "-Bemerkung": "  " }, "geometry": { "type": "MultiPoint", "coordinates": [ [ 551714.004100000020117, 5805116.671 ] ] } },
{ "type": "Feature", "properties": { "No.": 508.0, "-Kreuzung": "Lister Platz", "-Bezirk": "2", "-Art": "K", "-TK": "1", "-dv. FSA": "0", "-dv. 2-feld.": "0", "-VSR": "3", "-OCIT": "Kabel", "-LSA-Datum": "1967/04/21", "-Hersteller": "Yunex", "-Gerät": "sX-H", "-CKR-Nr.": "100185", "-LED": "LED", "-BS": "BTAO", "-Nachtab.": "Ja", "-Gerät-Datum": "2026-05-19", "-SB": "Sieber", "-AP": "Ja", "-FG-Bem.": "-", "-VeloR.": "-", "-Bemerkung": "C-Roads" }, "geometry": { "type": "MultiPoint", "coordinates": [ [ 551069.669600000022911, 5804550.911000000312924 ] ] } },
{ "type": "Feature", "properties": { "No.": 146.0, "-Kreuzung": "Isernhagener Str. / Zietenstr./Jakobistr.", "-Bezirk": "2", "-Art": "K", "-TK": "1", "-dv. FSA": "0", "-dv. 2-feld.": "0", "-VSR": "1", "-OCIT": "Kabel", "-LSA-Datum": "1973/03/11", "-Hersteller": "Yunex", "-Gerät": "sX-V", "-CKR-Nr.": "110030", "-LED": "LED", "-BS": "BTAO", "-Nachtab.": "Ja", "-Gerät-Datum": "2026-05-06", "-SB": "Sieber", "-AP": "Ja", "-FG-Bem.": "-", "-VeloR.": "-", "-Bemerkung": "C-Roads" }, "geometry": { "type": "MultiPoint", "coordinates": [ [ 550333.135299999965355, 5804875.956000000238419 ] ] } },
{ "type": "Feature", "properties": { "No.": 254.0, "-Kreuzung": "Geveker Kamp / Davenstedter Str.", "-Bezirk": "11", "-Art": "K", "-TK": "1", "-dv. FSA": "0", "-dv. 2-feld.": "0", "-VSR": "4", "-OCIT": "LTE", "-LSA-Datum": "1981/09/21", "-Hersteller": "Yunex", "-Gerät": "C920ES", "-CKR-Nr.": "101146", "-LED": "LED", "-BS": "-", "-Nachtab.": "Ja", "-Gerät-Datum": "2018-03-06", "-SB": "Riedel", "-AP": "Ja", "-FG-Bem.": "-", "-VeloR.": "-", "-Bemerkung": "  " }, "geometry": { "type": "MultiPoint", "coordinates": [ [ 545596.351600000052713, 5801840.502999999560416 ] ] } },
{ "type": "Feature", "properties": { "No.": 576.0, "-Kreuzung": "Podbielskistraße / Wittekamp + TK Lortzingstraße", "-Bezirk": "2", "-Art": "K", "-TK": "3", "-dv. FSA": "2", "-dv. 2-feld.": "2", "-VSR": "3", "-OCIT": "-", "-LSA-Datum": "1997/09/11", "-Hersteller": "Yunex", "-Gerät": "C800V", "-CKR-Nr.": "110173", "-LED": "LED", "-BS": "BTAO", "-Nachtab.": "-", "-Gerät-Datum": "2016-02-15", "-SB": "Germer", "-AP": "-", "-FG-Bem.": "-", "-VeloR.": "-", "-Bemerkung": "  " }, "geometry": { "type": "MultiPoint", "coordinates": [ [ 551552.107700000051409, 5804970.497999999672174 ] ] } },
{ "type": "Feature", "properties": { "No.": 525.0, "-Kreuzung": "Jakobistr / Kollenrodtstr.", "-Bezirk": "2", "-Art": "K", "-TK": "1", "-dv. FSA": "0", "-dv. 2-feld.": "0", "-VSR": "3", "-OCIT": "-", "-LSA-Datum": "1981/08/12", "-Hersteller": "Yunex", "-Gerät": "C800V", "-CKR-Nr.": "101150", "-LED": "LED", "-BS": "BTAO", "-Nachtab.": "Ja", "-Gerät-Datum": "2014-08-20", "-SB": "Germer", "-AP": "-", "-FG-Bem.": "-", "-VeloR.": "-", "-Bemerkung": "  " }, "geometry": { "type": "MultiPoint", "coordinates": [ [ 550836.097300000023097, 5804626.747000000439584 ] ] } },
{ "type": "Feature", "properties": { "No.": 129.0, "-Kreuzung": "Goetheplatz HBST", "-Bezirk": "1", "-Art": "F", "-TK": "4", "-dv. FSA": "2", "-dv. 2-feld.": "2", "-VSR": "1", "-OCIT": "Kabel", "-LSA-Datum": "2016/12/09", "-Hersteller": "Yunex", "-Gerät": "sX", "-CKR-Nr.": "111093", "-LED": "LED", "-BS": "BTAO", "-Nachtab.": "-", "-Gerät-Datum": "2024-09-04", "-SB": "Riedel", "-AP": "Ja", "-FG-Bem.": "Ja", "-VeloR.": "-", "-Bemerkung": null }, "geometry": { "type": "MultiPoint", "coordinates": [ [ 549315.320599999977276, 5802769.520999999716878 ] ] } },
{ "type": "Feature", "properties": { "No.": 166.0, "-Kreuzung": "Goethestr./Leibnizufer + FSA Clemensstr. (18.12.97)", "-Bezirk": "1", "-Art": "K", "-TK": "3", "-dv. FSA": "2", "-dv. 2-feld.": "0", "-VSR": "1", "-OCIT": "Kabel", "-LSA-Datum": "1969/04/26", "-Hersteller": "Yunex", "-Gerät": "C920ES", "-CKR-Nr.": "100105", "-LED": "LED", "-BS": "BTAO", "-Nachtab.": "-", "-Gerät-Datum": "2018-10-24", "-SB": "Sieber", "-AP": "Ja", "-FG-Bem.": "-", "-VeloR.": "CR", "-Bemerkung": "Smart City" }, "geometry": { "type": "MultiPoint", "coordinates": [ [ 549573.818500000052154, 5802904.987999999895692 ] ] } },
{ "type": "Feature", "properties": { "No.": 204.0, "-Kreuzung": "Richard-Lattorf-Str. / Ernst-Camman-Str.", "-Bezirk": "11", "-Art": "F", "-TK": "1", "-dv. FSA": "1", "-dv. 2-feld.": "1", "-VSR": "5", "-OCIT": "Kabel", "-LSA-Datum": "1970/11/25", "-Hersteller": "Swarco", "-Gerät": "Actros", "-CKR-Nr.": "-", "-LED": "LED", "-BS": "BTAO-in", "-Nachtab.": "Ja", "-Gerät-Datum": "2017-03-02", "-SB": "Riedel", "-AP": "Ja", "-FG-Bem.": "-", "-VeloR.": "-", "-Bemerkung": null }, "geometry": { "type": "MultiPoint", "coordinates": [ [ 545176.695100000011735, 5803846.478000000119209 ] ] } },
{ "type": "Feature", "properties": { "No.": 101.0, "-Kreuzung": "Engelbosteler Damm / Haltenhoffstr.", "-Bezirk": "13", "-Art": "K", "-TK": "1", "-dv. FSA": "0", "-dv. 2-feld.": "0", "-VSR": "1", "-OCIT": "Kabel", "-LSA-Datum": "1982/07/23", "-Hersteller": "Yunex", "-Gerät": "sX-L", "-CKR-Nr.": "101155", "-LED": "LED", "-BS": "BTAO", "-Nachtab.": "-", "-Gerät-Datum": "2025-10-25", "-SB": "Germer", "-AP": "Ja", "-FG-Bem.": "-", "-VeloR.": "-", "-Bemerkung": null }, "geometry": { "type": "MultiPoint", "coordinates": [ [ 549017.27980000001844, 5804835.639000000432134 ] ] } },
{ "type": "Feature", "properties": { "No.": 458.0, "-Kreuzung": "Fritz-Behrens-Allee / Ellernstr.", "-Bezirk": "1", "-Art": "K", "-TK": "1", "-dv. FSA": "0", "-dv. 2-feld.": "0", "-VSR": "2", "-OCIT": "-", "-LSA-Datum": "1984/12/07", "-Hersteller": "Yunex", "-Gerät": "C840V", "-CKR-Nr.": "101183", "-LED": "LED", "-BS": "-", "-Nachtab.": "Ja", "-Gerät-Datum": "2011-03-22", "-SB": "Leketas", "-AP": "-", "-FG-Bem.": "-", "-VeloR.": "-", "-Bemerkung": "  " }, "geometry": { "type": "MultiPoint", "coordinates": [ [ 551459.128099999972619, 5803308.640999999828637 ] ] } },
{ "type": "Feature", "properties": { "No.": 417.0, "-Kreuzung": "Prinzenstraße / Schiffgraben", "-Bezirk": "1", "-Art": "K", "-TK": "1", "-dv. FSA": "0", "-dv. 2-feld.": "0", "-VSR": "2", "-OCIT": "Kabel", "-LSA-Datum": "1980/10/23", "-Hersteller": "Yunex", "-Gerät": "C900V", "-CKR-Nr.": "100191", "-LED": "LED", "-BS": "-", "-Nachtab.": "-", "-Gerät-Datum": "2019-08-29", "-SB": "Sieber", "-AP": "-", "-FG-Bem.": "-", "-VeloR.": "CR", "-Bemerkung": "C-Roads, Smart City" }, "geometry": { "type": "MultiPoint", "coordinates": [ [ 550645.719599999953061, 5802541.865000000223517 ] ] } },
{ "type": "Feature", "properties": { "No.": 316.0, "-Kreuzung": "Wiehbergstr. / Bothmer Str.", "-Bezirk": "8", "-Art": "F", "-TK": "1", "-dv. FSA": "1", "-dv. 2-feld.": "1", "-VSR": "2", "-OCIT": "LTE", "-LSA-Datum": "1974/09/05", "-Hersteller": "Yunex", "-Gerät": "sX", "-CKR-Nr.": "110062", "-LED": "LED", "-BS": "BTAO", "-Nachtab.": "Ja", "-Gerät-Datum": "2024-03-25", "-SB": "Lipp", "-AP": "Ja", "-FG-Bem.": "-", "-VeloR.": "VR08", "-Bemerkung": "  " }, "geometry": { "type": "MultiPoint", "coordinates": [ [ 552418.306800000020303, 5798209.745000000111759 ] ] } },
{ "type": "Feature", "properties": { "No.": 43.0, "-Kreuzung": "Heisterbergallee / Geveker Kamp", "-Bezirk": "11", "-Art": "K", "-TK": "1", "-dv. FSA": "0", "-dv. 2-feld.": "0", "-VSR": "5", "-OCIT": "Kabel", "-LSA-Datum": "1980/05/07", "-Hersteller": "Yunex", "-Gerät": "C900V", "-CKR-Nr.": "101134", "-LED": "LED", "-BS": "BTAO", "-Nachtab.": "-", "-Gerät-Datum": "2021-09-14", "-SB": "Riedel", "-AP": "Ja", "-FG-Bem.": "-", "-VeloR.": "-", "-Bemerkung": null }, "geometry": { "type": "MultiPoint", "coordinates": [ [ 545427.930000000051223, 5803187.424999999813735 ] ] } },
{ "type": "Feature", "properties": { "No.": 598.0, "-Kreuzung": "Karl-Wiechert-Allee / Umsteigeanlage DB", "-Bezirk": "4", "-Art": "F", "-TK": "2", "-dv. FSA": "2", "-dv. 2-feld.": "2", "-VSR": "3", "-OCIT": "Kabel", "-LSA-Datum": "1995/09/22", "-Hersteller": "Yunex", "-Gerät": "sX-H", "-CKR-Nr.": "111002", "-LED": "LED", "-BS": "BTAO", "-Nachtab.": "Ja", "-Gerät-Datum": "2023-06-16", "-SB": "Leketas", "-AP": "-", "-FG-Bem.": "-", "-VeloR.": "-", "-Bemerkung": "HannoVerKehr5" }, "geometry": { "type": "MultiPoint", "coordinates": [ [ 555002.275000000023283, 5803006.17 ] ] } },
{ "type": "Feature", "properties": { "No.": 54.0, "-Kreuzung": "Herrenhäuser Str. / Haltenhoffstr.", "-Bezirk": "12", "-Art": "K", "-TK": "1", "-dv. FSA": "0", "-dv. 2-feld.": "0", "-VSR": "6", "-OCIT": "Kabel", "-LSA-Datum": "1971/09/03", "-Hersteller": "Swarco", "-Gerät": "Actros", "-CKR-Nr.": "-", "-LED": "LED", "-BS": "BTAO", "-Nachtab.": "-", "-Gerät-Datum": "2025-03-19", "-SB": "Riedel", "-AP": "Ja", "-FG-Bem.": "-", "-VeloR.": "-", "-Bemerkung": null }, "geometry": { "type": "MultiPoint", "coordinates": [ [ 546136.839999999967404, 5805263.13399999961257 ] ] } },
{ "type": "Feature", "properties": { "No.": 97.0, "-Kreuzung": "Schulenburger Landstraße / Hainhölzer Markt", "-Bezirk": "13", "-Art": "K", "-TK": "2", "-dv. FSA": "1", "-dv. 2-feld.": "1", "-VSR": "1", "-OCIT": "Kabel", "-LSA-Datum": "2012/12/06", "-Hersteller": "Yunex", "-Gerät": "sX", "-CKR-Nr.": "111081", "-LED": "LED", "-BS": "BTAO", "-Nachtab.": "-", "-Gerät-Datum": "2025-10-06", "-SB": "Germer", "-AP": "Ja", "-FG-Bem.": "-", "-VeloR.": "JTR", "-Bemerkung": null }, "geometry": { "type": "MultiPoint", "coordinates": [ [ 548500.617300000041723, 5805873.214999999850988 ] ] } },
{ "type": "Feature", "properties": { "No.": 210.0, "-Kreuzung": "Nienburger Str. / Appelstr.    ", "-Bezirk": "13", "-Art": "F", "-TK": "3", "-dv. FSA": "2", "-dv. 2-feld.": "2", "-VSR": "6", "-OCIT": "Kabel", "-LSA-Datum": "1993/12/23", "-Hersteller": "Yunex", "-Gerät": "sX", "-CKR-Nr.": "111080", "-LED": "LED", "-BS": "BTAO", "-Nachtab.": "-", "-Gerät-Datum": "2026-04-07", "-SB": "Riedel", "-AP": "Ja", "-FG-Bem.": "-", "-VeloR.": "-", "-Bemerkung": null }, "geometry": { "type": "MultiPoint", "coordinates": [ [ 548108.331200000015087, 5804620.193 ] ] } },
{ "type": "Feature", "properties": { "No.": 440.0, "-Kreuzung": "Hamburger Allee / Rundestraße", "-Bezirk": "1", "-Art": "K", "-TK": "1", "-dv. FSA": "0", "-dv. 2-feld.": "0", "-VSR": "1", "-OCIT": "Kabel", "-LSA-Datum": "2004/11/09", "-Hersteller": "Yunex", "-Gerät": "sX", "-CKR-Nr.": "111070", "-LED": "LED", "-BS": "-", "-Nachtab.": "-", "-Gerät-Datum": "2022-06-15", "-SB": "Sieber", "-AP": "-", "-FG-Bem.": "-", "-VeloR.": "CR", "-Bemerkung": "Smart City" }, "geometry": { "type": "MultiPoint", "coordinates": [ [ 550346.613800000050105, 5803667.846 ] ] } },
{ "type": "Feature", "properties": { "No.": 247.0, "-Kreuzung": "Wunstorfer Str. / Harenberger Straße", "-Bezirk": "10", "-Art": "K", "-TK": "3", "-dv. FSA": "2", "-dv. 2-feld.": "2", "-VSR": "5", "-OCIT": "-", "-LSA-Datum": "1978/01/20", "-Hersteller": "Yunex", "-Gerät": "C840ES", "-CKR-Nr.": "101009", "-LED": "LED", "-BS": "BTAO", "-Nachtab.": "-", "-Gerät-Datum": "2016-12-15", "-SB": "Riedel", "-AP": "-", "-FG-Bem.": "-", "-VeloR.": "-", "-Bemerkung": "INFRA HBST Planung" }, "geometry": { "type": "MultiPoint", "coordinates": [ [ 547255.53090000001248, 5803095.337000000290573 ] ] } },
{ "type": "Feature", "properties": { "No.": 264.0, "-Kreuzung": "Woermannstr. / Am Soltekampe", "-Bezirk": "11", "-Art": "K", "-TK": "1", "-dv. FSA": "0", "-dv. 2-feld.": "0", "-VSR": "4", "-OCIT": "Kabel", "-LSA-Datum": "1975/05/26", "-Hersteller": "Swarco", "-Gerät": "Actros", "-CKR-Nr.": "-", "-LED": "LED", "-BS": "BTAO", "-Nachtab.": "Ja", "-Gerät-Datum": "2015-01-30", "-SB": "Riedel", "-AP": "Ja", "-FG-Bem.": "-", "-VeloR.": "-", "-Bemerkung": "  " }, "geometry": { "type": "MultiPoint", "coordinates": [ [ 545671.589799999957904, 5801108.121000000275671 ] ] } },
{ "type": "Feature", "properties": { "No.": 118.0, "-Kreuzung": "Küchengarten", "-Bezirk": "10", "-Art": "K", "-TK": "1", "-dv. FSA": "0", "-dv. 2-feld.": "0", "-VSR": "1", "-OCIT": "-", "-LSA-Datum": "1975/11/10", "-Hersteller": "Yunex", "-Gerät": "C800V", "-CKR-Nr.": "110093", "-LED": "LED", "-BS": "BTAO", "-Nachtab.": "-", "-Gerät-Datum": "2008-02-21", "-SB": "Sieber", "-AP": "-", "-FG-Bem.": "-", "-VeloR.": "-", "-Bemerkung": "C-Roads" }, "geometry": { "type": "MultiPoint", "coordinates": [ [ 548640.045599999953993, 5802598.981999999843538 ] ] } },
{ "type": "Feature", "properties": { "No.": 612.0, "-Kreuzung": "Badenstedter Str. / Auf den Kirchstücken", "-Bezirk": "11", "-Art": "K", "-TK": "1", "-dv. FSA": "0", "-dv. 2-feld.": "0", "-VSR": "4", "-OCIT": "Kabel", "-LSA-Datum": "1981/10/21", "-Hersteller": "Yunex", "-Gerät": "C920ES", "-CKR-Nr.": "101143", "-LED": "LED", "-BS": "BTAO", "-Nachtab.": "-", "-Gerät-Datum": "2018-09-13", "-SB": "Riedel", "-AP": "Ja", "-FG-Bem.": "-", "-VeloR.": "-", "-Bemerkung": "  " }, "geometry": { "type": "MultiPoint", "coordinates": [ [ 546090.252199999988079, 5800967.940999999642372 ] ] } },
{ "type": "Feature", "properties": { "No.": 38.0, "-Kreuzung": "Kirchhorster Str. / Laher-Feld-Str. / Im Klingenkampe", "-Bezirk": "3", "-Art": "K", "-TK": "1", "-dv. FSA": "0", "-dv. 2-feld.": "0", "-VSR": "3", "-OCIT": "Kabel", "-LSA-Datum": "1971/07/03", "-Hersteller": "Swarco", "-Gerät": "Actros", "-CKR-Nr.": "-", "-LED": "LED", "-BS": "BTAO", "-Nachtab.": "-", "-Gerät-Datum": "2023-08-15", "-SB": "Sieber", "-AP": "Ja", "-FG-Bem.": "-", "-VeloR.": "-", "-Bemerkung": "LOGIN" }, "geometry": { "type": "MultiPoint", "coordinates": [ [ 556044.5331, 5807374.195000000298023 ] ] } },
{ "type": "Feature", "properties": { "No.": 701.0, "-Kreuzung": "Oheriedentrift / Feldbuschwende", "-Bezirk": "6", "-Art": "F", "-TK": "1", "-dv. FSA": "1", "-dv. 2-feld.": "0", "-VSR": "8", "-OCIT": "-", "-LSA-Datum": "1999/02/04", "-Hersteller": "Yunex", "-Gerät": "sX", "-CKR-Nr.": "111040", "-LED": "LED", "-BS": "BTAO", "-Nachtab.": "-", "-Gerät-Datum": "2023-03-13", "-SB": "Lipp", "-AP": "-", "-FG-Bem.": "-", "-VeloR.": "-", "-Bemerkung": "  " }, "geometry": { "type": "MultiPoint", "coordinates": [ [ 557005.956800000043586, 5799474.247000000439584 ] ] } },
{ "type": "Feature", "properties": { "No.": 169.0, "-Kreuzung": "Vinnhorster Weg / Am Fuhrenkampe", "-Bezirk": "12", "-Art": "K", "-TK": "1", "-dv. FSA": "0", "-dv. 2-feld.": "0", "-VSR": "1", "-OCIT": "-", "-LSA-Datum": "2007/05/24", "-Hersteller": "Yunex", "-Gerät": "C800V", "-CKR-Nr.": "111073", "-LED": "LED", "-BS": "BTAO", "-Nachtab.": "Ja", "-Gerät-Datum": "2007-05-16", "-SB": "Teichert", "-AP": "-", "-FG-Bem.": "-", "-VeloR.": "-", "-Bemerkung": null }, "geometry": { "type": "MultiPoint", "coordinates": [ [ 547323.051699999952689, 5806737.552000000141561 ] ] } },
{ "type": "Feature", "properties": { "No.": 485.0, "-Kreuzung": "Hildesheimer Str. / Wiehbergstr.", "-Bezirk": "8", "-Art": "F", "-TK": "4", "-dv. FSA": "4", "-dv. 2-feld.": "4", "-VSR": "2", "-OCIT": "Kabel", "-LSA-Datum": "1981/03/19", "-Hersteller": "Yunex", "-Gerät": "C940V", "-CKR-Nr.": "101105", "-LED": "LED", "-BS": "BTAO", "-Nachtab.": "-", "-Gerät-Datum": "2009-12-11", "-SB": "Lipp", "-AP": "-", "-FG-Bem.": "-", "-VeloR.": "VR08", "-Bemerkung": "  " }, "geometry": { "type": "MultiPoint", "coordinates": [ [ 552960.727300000027753, 5797836.041000000201166 ] ] } },
{ "type": "Feature", "properties": { "No.": 319.0, "-Kreuzung": "Vinnhorster Weg / Altenauer Weg", "-Bezirk": "12", "-Art": "F", "-TK": "1", "-dv. FSA": "1", "-dv. 2-feld.": "0", "-VSR": "6", "-OCIT": "-", "-LSA-Datum": "1978/01/10", "-Hersteller": "Yunex", "-Gerät": "C840XS", "-CKR-Nr.": "100058", "-LED": "LED", "-BS": "BTAO", "-Nachtab.": "Ja", "-Gerät-Datum": "2017-02-15", "-SB": "Teichert", "-AP": "-", "-FG-Bem.": "-", "-VeloR.": "-", "-Bemerkung": "  " }, "geometry": { "type": "MultiPoint", "coordinates": [ [ 547210.339200000045821, 5805873.687 ] ] } },
{ "type": "Feature", "properties": { "No.": 137.0, "-Kreuzung": "Weidendamm / Gertrud-Knebusch-Straße (Paulstraße)", "-Bezirk": "13", "-Art": "K", "-TK": "1", "-dv. FSA": "0", "-dv. 2-feld.": "0", "-VSR": "1", "-OCIT": "Kabel", "-LSA-Datum": "2017/10/13", "-Hersteller": "Yunex", "-Gerät": "C940ES", "-CKR-Nr.": "111094", "-LED": "LED", "-BS": "BTAO", "-Nachtab.": "Ja", "-Gerät-Datum": "2017-03-23", "-SB": "Germer", "-AP": "-", "-FG-Bem.": "-", "-VeloR.": "-", "-Bemerkung": null }, "geometry": { "type": "MultiPoint", "coordinates": [ [ 549634.995800000033341, 5804173.037999999709427 ] ] } },
{ "type": "Feature", "properties": { "No.": 590.0, "-Kreuzung": "Osterfelddamm / Schierholzstr.", "-Bezirk": "4", "-Art": "K", "-TK": "1", "-dv. FSA": "0", "-dv. 2-feld.": "0", "-VSR": "3", "-OCIT": "Kabel", "-LSA-Datum": "1976/12/16", "-Hersteller": "Yunex", "-Gerät": "C920ES", "-CKR-Nr.": "100036", "-LED": "LED", "-BS": "BT", "-Nachtab.": "Ja", "-Gerät-Datum": "2017-06-15", "-SB": "Leketas", "-AP": "-", "-FG-Bem.": "-", "-VeloR.": "-", "-Bemerkung": "LISA Planung AP Werte" }, "geometry": { "type": "MultiPoint", "coordinates": [ [ 555373.200300000025891, 5805724.714999999850988 ] ] } },
{ "type": "Feature", "properties": { "No.": 57.0, "-Kreuzung": "Stöckener Str. / Hogrefestr.", "-Bezirk": "12", "-Art": "K", "-TK": "1", "-dv. FSA": "0", "-dv. 2-feld.": "0", "-VSR": "6", "-OCIT": "-", "-LSA-Datum": "1965/02/25", "-Hersteller": "Yunex", "-Gerät": "MS", "-CKR-Nr.": "100169", "-LED": "LED", "-BS": "-", "-Nachtab.": "-", "-Gerät-Datum": "1994-06-15", "-SB": "Teichert", "-AP": "-", "-FG-Bem.": "-", "-VeloR.": "-", "-Bemerkung": null }, "geometry": { "type": "MultiPoint", "coordinates": [ [ 544810.891900000046007, 5806411.574 ] ] } },
{ "type": "Feature", "properties": { "No.": 49.0, "-Kreuzung": "Stöckener Str. / Leinhäuser Bahnhof inkl. Eilser Masch", "-Bezirk": "12", "-Art": "F", "-TK": "5", "-dv. FSA": "5", "-dv. 2-feld.": "5", "-VSR": "6", "-OCIT": "Kabel", "-LSA-Datum": "1980/02/13", "-Hersteller": "Swarco", "-Gerät": "Actros", "-CKR-Nr.": "-", "-LED": "LED", "-BS": "BTAO", "-Nachtab.": "-", "-Gerät-Datum": "2011-11-11", "-SB": "Teichert", "-AP": "Ja", "-FG-Bem.": "-", "-VeloR.": "-", "-Bemerkung": null }, "geometry": { "type": "MultiPoint", "coordinates": [ [ 545948.830100000021048, 5805416.582000000402331 ] ] } },
{ "type": "Feature", "properties": { "No.": 59.0, "-Kreuzung": "Mecklenheidestr. / Stelinger Str.", "-Bezirk": "12", "-Art": "K", "-TK": "1", "-dv. FSA": "0", "-dv. 2-feld.": "0", "-VSR": "6", "-OCIT": "-", "-LSA-Datum": "1972/08/18", "-Hersteller": "Yunex", "-Gerät": "MS", "-CKR-Nr.": "110013", "-LED": "LED", "-BS": "BTAO", "-Nachtab.": "-", "-Gerät-Datum": "1995-11-15", "-SB": "Teichert", "-AP": "-", "-FG-Bem.": "-", "-VeloR.": "-", "-Bemerkung": null }, "geometry": { "type": "MultiPoint", "coordinates": [ [ 544352.680399999953806, 5807444.998999999836087 ] ] } },
{ "type": "Feature", "properties": { "No.": 181.0, "-Kreuzung": "Schwarzer Bär / Falkenstraße", "-Bezirk": "10", "-Art": "K", "-TK": "1", "-dv. FSA": "0", "-dv. 2-feld.": "0", "-VSR": "1", "-OCIT": "Kabel", "-LSA-Datum": "1972/10/03", "-Hersteller": "Swarco", "-Gerät": "Actros", "-CKR-Nr.": "-", "-LED": "LED", "-BS": "BTAO", "-Nachtab.": "-", "-Gerät-Datum": "2005-12-22", "-SB": "Riedel", "-AP": "Ja", "-FG-Bem.": "Ja", "-VeloR.": "-", "-Bemerkung": null }, "geometry": { "type": "MultiPoint", "coordinates": [ [ 549019.245, 5802208.684000000357628 ] ] } },
{ "type": "Feature", "properties": { "No.": 125.0, "-Kreuzung": "Wallensteinstr. / Göttinger Chaussee", "-Bezirk": "9", "-Art": "K", "-TK": "1", "-dv. FSA": "0", "-dv. 2-feld.": "0", "-VSR": "4", "-OCIT": "Kabel", "-LSA-Datum": "1965/11/02", "-Hersteller": "Swarco", "-Gerät": "Actros", "-CKR-Nr.": "-", "-LED": "LED", "-BS": "BTAO", "-Nachtab.": "-", "-Gerät-Datum": "2022-10-14", "-SB": "Sieber", "-AP": "Ja", "-FG-Bem.": "-", "-VeloR.": "-", "-Bemerkung": null }, "geometry": { "type": "MultiPoint", "coordinates": [ [ 548853.049899999983609, 5799296.438 ] ] } },
{ "type": "Feature", "properties": { "No.": 272.0, "-Kreuzung": "Meyers Garten", "-Bezirk": "5", "-Art": "K", "-TK": "1", "-dv. FSA": "0", "-dv. 2-feld.": "0", "-VSR": "3", "-OCIT": "Kabel", "-LSA-Datum": "1967/03/15", "-Hersteller": "Swarco", "-Gerät": "Actros", "-CKR-Nr.": "-", "-LED": "LED", "-BS": "BTAO", "-Nachtab.": "-", "-Gerät-Datum": "2024-12-06", "-SB": "Leketas", "-AP": "Ja", "-FG-Bem.": "-", "-VeloR.": "-", "-Bemerkung": "  " }, "geometry": { "type": "MultiPoint", "coordinates": [ [ 558109.962999999988824, 5804808.558000000193715 ] ] } },
{ "type": "Feature", "properties": { "No.": 592.0, "-Kreuzung": "Osterfelddamm / Milanstr. / Bornhof", "-Bezirk": "4", "-Art": "F", "-TK": "1", "-dv. FSA": "1", "-dv. 2-feld.": "1", "-VSR": "3", "-OCIT": "-", "-LSA-Datum": "1976/09/13", "-Hersteller": "Yunex", "-Gerät": "C840XS", "-CKR-Nr.": "100026", "-LED": "LED", "-BS": "-", "-Nachtab.": "Ja", "-Gerät-Datum": "2015-10-05", "-SB": "Leketas", "-AP": "-", "-FG-Bem.": "-", "-VeloR.": "-", "-Bemerkung": null }, "geometry": { "type": "MultiPoint", "coordinates": [ [ 555853.68370000005234, 5804557.109000000171363 ] ] } },
{ "type": "Feature", "properties": { "No.": 455.0, "-Kreuzung": "Marienstr. / Stadtstr.", "-Bezirk": "7", "-Art": "K", "-TK": "1", "-dv. FSA": "0", "-dv. 2-feld.": "0", "-VSR": "2", "-OCIT": "Kabel", "-LSA-Datum": "1977/11/11", "-Hersteller": "Yunex", "-Gerät": "sX", "-CKR-Nr.": "100124", "-LED": "LED", "-BS": "LOC-ID", "-Nachtab.": "-", "-Gerät-Datum": "2026-02-17", "-SB": "Leketas", "-AP": "Ja", "-FG-Bem.": "-", "-VeloR.": "-", "-Bemerkung": "  " }, "geometry": { "type": "MultiPoint", "coordinates": [ [ 551542.489599999971688, 5802487.221 ] ] } },
{ "type": "Feature", "properties": { "No.": 286.0, "-Kreuzung": "Empelder Str. / Nibelungenweg (ehemals Safariweg)", "-Bezirk": "11", "-Art": "K", "-TK": "3", "-dv. FSA": "2", "-dv. 2-feld.": "2", "-VSR": "4", "-OCIT": "Kabel", "-LSA-Datum": "1979/09/20", "-Hersteller": "Swarco", "-Gerät": "Actros", "-CKR-Nr.": "-", "-LED": "LED", "-BS": "BTAO", "-Nachtab.": "-", "-Gerät-Datum": "2023-09-14", "-SB": "Riedel", "-AP": "Ja", "-FG-Bem.": "-", "-VeloR.": "-", "-Bemerkung": "  " }, "geometry": { "type": "MultiPoint", "coordinates": [ [ 545585.883299999986775, 5800362.154 ] ] } },
{ "type": "Feature", "properties": { "No.": 271.0, "-Kreuzung": "Bornumer Str. / Am Spielfelde / Marianne-Baecker-Allee", "-Bezirk": "10", "-Art": "K", "-TK": "1", "-dv. FSA": "0", "-dv. 2-feld.": "0", "-VSR": "1", "-OCIT": "Kabel", "-LSA-Datum": "1977/05/10", "-Hersteller": "Yunex", "-Gerät": "C940V", "-CKR-Nr.": "100047", "-LED": "LED", "-BS": "-", "-Nachtab.": "-", "-Gerät-Datum": "2021-04-14", "-SB": "Riedel", "-AP": "-", "-FG-Bem.": "-", "-VeloR.": "-", "-Bemerkung": "C-Roads" }, "geometry": { "type": "MultiPoint", "coordinates": [ [ 548300.424600000027567, 5801328.429999999701977 ] ] } },
{ "type": "Feature", "properties": { "No.": 555.0, "-Kreuzung": "Langenforther Str. / Meierwiesen", "-Bezirk": "3", "-Art": "F", "-TK": "1", "-dv. FSA": "1", "-dv. 2-feld.": "1", "-VSR": "3", "-OCIT": "-", "-LSA-Datum": "1977/02/02", "-Hersteller": "Yunex", "-Gerät": "C840XS", "-CKR-Nr.": "101136", "-LED": "LED", "-BS": "-", "-Nachtab.": "Ja", "-Gerät-Datum": "2017-02-16", "-SB": "Germer", "-AP": "-", "-FG-Bem.": "-", "-VeloR.": "-", "-Bemerkung": "  " }, "geometry": { "type": "MultiPoint", "coordinates": [ [ 553465.829900000011548, 5808356.551 ] ] } },
{ "type": "Feature", "properties": { "No.": 509.0, "-Kreuzung": "Podbielskistr. / Burckhardtstr.", "-Bezirk": "2", "-Art": "K", "-TK": "1", "-dv. FSA": "0", "-dv. 2-feld.": "0", "-VSR": "3", "-OCIT": "Kabel", "-LSA-Datum": "1969/01/28", "-Hersteller": "Swarco", "-Gerät": "Actros", "-CKR-Nr.": "-", "-LED": "LED", "-BS": "BTAO", "-Nachtab.": "-", "-Gerät-Datum": "2022-09-14", "-SB": "Germer", "-AP": "-", "-FG-Bem.": "-", "-VeloR.": "-", "-Bemerkung": "  " }, "geometry": { "type": "MultiPoint", "coordinates": [ [ 551273.208300000056624, 5804720.588999999687076 ] ] } },
{ "type": "Feature", "properties": { "No.": 339.0, "-Kreuzung": "In der Rehre / Bergfeldstraße / Poggendiek", "-Bezirk": "9", "-Art": "K", "-TK": "1", "-dv. FSA": "0", "-dv. 2-feld.": "0", "-VSR": "4", "-OCIT": "Kabel", "-LSA-Datum": "2021/04/22", "-Hersteller": "Swarco", "-Gerät": "Actros", "-CKR-Nr.": "-", "-LED": "LED", "-BS": "BTAO", "-Nachtab.": "-", "-Gerät-Datum": "2021-07-22", "-SB": "Lipp", "-AP": "-", "-FG-Bem.": "-", "-VeloR.": "-", "-Bemerkung": "  " }, "geometry": { "type": "MultiPoint", "coordinates": [ [ 547844.444299999973737, 5797855.525000000372529 ] ] } },
{ "type": "Feature", "properties": { "No.": 423.0, "-Kreuzung": "Hildesheimer Str. / Altenbekener Damm", "-Bezirk": "7", "-Art": "K", "-TK": "1", "-dv. FSA": "0", "-dv. 2-feld.": "0", "-VSR": "2", "-OCIT": "Kabel", "-LSA-Datum": "2007/08/07", "-Hersteller": "Yunex", "-Gerät": "sX", "-CKR-Nr.": "100130", "-LED": "LED", "-BS": "BTAO", "-Nachtab.": "-", "-Gerät-Datum": "2022-06-29", "-SB": "Leketas", "-AP": "-", "-FG-Bem.": "-", "-VeloR.": "-", "-Bemerkung": "  " }, "geometry": { "type": "MultiPoint", "coordinates": [ [ 551362.588299999944866, 5800836.065000000409782 ] ] } },
{ "type": "Feature", "properties": { "No.": 302.0, "-Kreuzung": "Berckhusenstr. / Schaperplatz", "-Bezirk": "4", "-Art": "F", "-TK": "1", "-dv. FSA": "1", "-dv. 2-feld.": "0", "-VSR": "2", "-OCIT": "LTE", "-LSA-Datum": "1971/07/23", "-Hersteller": "Yunex", "-Gerät": "sX Compact-H", "-CKR-Nr.": "101085", "-LED": "LED", "-BS": "BTAO", "-Nachtab.": "-", "-Gerät-Datum": "2020-02-29", "-SB": "Leketas", "-AP": "-", "-FG-Bem.": "-", "-VeloR.": "-", "-Bemerkung": "  " }, "geometry": { "type": "MultiPoint", "coordinates": [ [ 554154.6213, 5803101.464999999850988 ] ] } },
{ "type": "Feature", "properties": { "No.": 551.0, "-Kreuzung": "Karl-Wiechert-Allee / Misburger Str.", "-Bezirk": "4", "-Art": "K", "-TK": "2", "-dv. FSA": "0", "-dv. 2-feld.": "0", "-VSR": "3", "-OCIT": "-", "-LSA-Datum": "1978/11/17", "-Hersteller": "Swarco", "-Gerät": "Actros", "-CKR-Nr.": "-", "-LED": "LED", "-BS": "BTAO", "-Nachtab.": "-", "-Gerät-Datum": "2011-11-28", "-SB": "Leketas", "-AP": "-", "-FG-Bem.": "-", "-VeloR.": "-", "-Bemerkung": "  " }, "geometry": { "type": "MultiPoint", "coordinates": [ [ 555079.21840000001248, 5803561.426 ] ] } },
{ "type": "Feature", "properties": { "No.": 431.0, "-Kreuzung": "Hildesheimer Str. / Südschnellweg", "-Bezirk": "8", "-Art": "K", "-TK": "1", "-dv. FSA": "0", "-dv. 2-feld.": "0", "-VSR": "2", "-OCIT": "-", "-LSA-Datum": "1986/07/20", "-Hersteller": "Yunex", "-Gerät": "C800V", "-CKR-Nr.": "100137", "-LED": "LED", "-BS": "-", "-Nachtab.": "-", "-Gerät-Datum": "2010-01-24", "-SB": "Lipp", "-AP": "-", "-FG-Bem.": "-", "-VeloR.": "-", "-Bemerkung": "  " }, "geometry": { "type": "MultiPoint", "coordinates": [ [ 552086.756999999983236, 5799442.747000000439584 ] ] } },
{ "type": "Feature", "properties": { "No.": 22.0, "-Kreuzung": "Deisterplatz", "-Bezirk": "10", "-Art": "K", "-TK": "7", "-dv. FSA": "0", "-dv. 2-feld.": "0", "-VSR": "1", "-OCIT": "-", "-LSA-Datum": "1999/08/27", "-Hersteller": "Yunex", "-Gerät": "C840V", "-CKR-Nr.": "111045", "-LED": "LED", "-BS": "-", "-Nachtab.": "-", "-Gerät-Datum": "2015-08-25", "-SB": "Sieber", "-AP": "-", "-FG-Bem.": "-", "-VeloR.": "-", "-Bemerkung": "C-Roads" }, "geometry": { "type": "MultiPoint", "coordinates": [ [ 548686.7791000000434, 5801538.807 ] ] } },
{ "type": "Feature", "properties": { "No.": 325.0, "-Kreuzung": "Gr. Buchholzer Str. / Silberstraße", "-Bezirk": "4", "-Art": "K", "-TK": "1", "-dv. FSA": "0", "-dv. 2-feld.": "0", "-VSR": "3", "-OCIT": "Kabel", "-LSA-Datum": "2001/09/03", "-Hersteller": "Yunex", "-Gerät": "C940ES", "-CKR-Nr.": "111064", "-LED": "LED", "-BS": "BTAO", "-Nachtab.": "Ja", "-Gerät-Datum": "2018-10-22", "-SB": "Leketas", "-AP": "-", "-FG-Bem.": "-", "-VeloR.": "-", "-Bemerkung": "  " }, "geometry": { "type": "MultiPoint", "coordinates": [ [ 554777.7164000000339, 5805785.565999999642372 ] ] } },
{ "type": "Feature", "properties": { "No.": 520.0, "-Kreuzung": "Ferd.-Wallbrecht-Str. / Waldstr.", "-Bezirk": "2", "-Art": "K", "-TK": "1", "-dv. FSA": "0", "-dv. 2-feld.": "0", "-VSR": "3", "-OCIT": "Kabel", "-LSA-Datum": "1969/08/17", "-Hersteller": "Yunex", "-Gerät": "sX-V", "-CKR-Nr.": "101053", "-LED": "LED", "-BS": "BTAO", "-Nachtab.": "-", "-Gerät-Datum": "2026-03-16", "-SB": "Sieber", "-AP": "Ja", "-FG-Bem.": "-", "-VeloR.": "-", "-Bemerkung": "C-Roads" }, "geometry": { "type": "MultiPoint", "coordinates": [ [ 550814.348099999944679, 5804969.956000000238419 ] ] } },
{ "type": "Feature", "properties": { "No.": 245.0, "-Kreuzung": "Wunstorfer Straße / Spangenbergstraße", "-Bezirk": "10", "-Art": "F", "-TK": "1", "-dv. FSA": "1", "-dv. 2-feld.": "1", "-VSR": "5", "-OCIT": "Kabel", "-LSA-Datum": "2002/12/12", "-Hersteller": "Yunex", "-Gerät": "sX", "-CKR-Nr.": "111109", "-LED": "LED", "-BS": "BTAO", "-Nachtab.": "-", "-Gerät-Datum": "2025-05-14", "-SB": "Riedel", "-AP": "Ja", "-FG-Bem.": "-", "-VeloR.": "-", "-Bemerkung": "  " }, "geometry": { "type": "MultiPoint", "coordinates": [ [ 546866.4643, 5803341.531000000424683 ] ] } },
{ "type": "Feature", "properties": { "No.": 199.0, "-Kreuzung": "Vahrenwalder Platz", "-Bezirk": "2", "-Art": "K", "-TK": "1", "-dv. FSA": "0", "-dv. 2-feld.": "0", "-VSR": "1", "-OCIT": "-", "-LSA-Datum": "1968/08/05", "-Hersteller": "Yunex", "-Gerät": "MS", "-CKR-Nr.": "100140", "-LED": "-", "-BS": "BTAO", "-Nachtab.": "-", "-Gerät-Datum": "2001-06-09", "-SB": "Sieber", "-AP": "-", "-FG-Bem.": "-", "-VeloR.": "-", "-Bemerkung": "Vorbereitung Ausschreibung durch 66.13 und C-Roads" }, "geometry": { "type": "MultiPoint", "coordinates": [ [ 550001.538300000014715, 5804845.068 ] ] } },
{ "type": "Feature", "properties": { "No.": 271.0, "-Kreuzung": "Bornumer Str. / Am Spielfelde / Marianne-Baecker-Allee", "-Bezirk": "10", "-Art": "K", "-TK": "1", "-dv. FSA": "0", "-dv. 2-feld.": "0", "-VSR": "1", "-OCIT": "Kabel", "-LSA-Datum": "1977/05/10", "-Hersteller": "Yunex", "-Gerät": "C940V", "-CKR-Nr.": "100047", "-LED": "LED", "-BS": "-", "-Nachtab.": "-", "-Gerät-Datum": "2021-04-14", "-SB": "Riedel", "-AP": "-", "-FG-Bem.": "-", "-VeloR.": "-", "-Bemerkung": "C-Roads" }, "geometry": { "type": "MultiPoint", "coordinates": [ [ 548377.4475, 5801348.471 ] ] } },
{ "type": "Feature", "properties": { "No.": 629.0, "-Kreuzung": "Limmerstraße / B6 (Rampe Ost)", "-Bezirk": "10", "-Art": "K", "-TK": "1", "-dv. FSA": "0", "-dv. 2-feld.": "0", "-VSR": "5", "-OCIT": "Kabel", "-LSA-Datum": "2003/07/15", "-Hersteller": "Yunex", "-Gerät": "sX", "-CKR-Nr.": "111108", "-LED": "LED", "-BS": "BTAO", "-Nachtab.": "-", "-Gerät-Datum": "2024-03-27", "-SB": "Riedel", "-AP": "Ja", "-FG-Bem.": "-", "-VeloR.": "-", "-Bemerkung": "  " }, "geometry": { "type": "MultiPoint", "coordinates": [ [ 547589.520600000047125, 5803046.068 ] ] } },
{ "type": "Feature", "properties": { "No.": 476.0, "-Kreuzung": "Plathner Straße / Kleefelder Straße", "-Bezirk": "1", "-Art": "K", "-TK": "1", "-dv. FSA": "0", "-dv. 2-feld.": "0", "-VSR": "2", "-OCIT": "-", "-LSA-Datum": "2023/09/28", "-Hersteller": "Yunex", "-Gerät": "sX-L", "-CKR-Nr.": "111116", "-LED": "LED", "-BS": "BTAO", "-Nachtab.": "-", "-Gerät-Datum": "2023-09-28", "-SB": "Leketas", "-AP": "-", "-FG-Bem.": "-", "-VeloR.": "VR04", "-Bemerkung": "  " }, "geometry": { "type": "MultiPoint", "coordinates": [ [ 551821.462500000023283, 5802785.786999999545515 ] ] } },
{ "type": "Feature", "properties": { "No.": 110.0, "-Kreuzung": "Wunstorfer Str. / Zimmermannstr.", "-Bezirk": "10", "-Art": "K", "-TK": "1", "-dv. FSA": "0", "-dv. 2-feld.": "0", "-VSR": "5", "-OCIT": "Kabel", "-LSA-Datum": "1971/07/23", "-Hersteller": "Yunex", "-Gerät": "C900V", "-CKR-Nr.": "101081", "-LED": "LED", "-BS": "BTAO", "-Nachtab.": "-", "-Gerät-Datum": "2019-03-07", "-SB": "Riedel", "-AP": "Ja", "-FG-Bem.": "-", "-VeloR.": "-", "-Bemerkung": null }, "geometry": { "type": "MultiPoint", "coordinates": [ [ 547303.6851, 5803051.945000000298023 ] ] } },
{ "type": "Feature", "properties": { "No.": 571.0, "-Kreuzung": "Sahlkamp / Hebbelstr.", "-Bezirk": "3", "-Art": "K", "-TK": "1", "-dv. FSA": "0", "-dv. 2-feld.": "0", "-VSR": "3", "-OCIT": "Kabel", "-LSA-Datum": "1975/10/20", "-Hersteller": "Yunex", "-Gerät": "C940ES", "-CKR-Nr.": "110092", "-LED": "LED", "-BS": "-", "-Nachtab.": "-", "-Gerät-Datum": "2019-11-18", "-SB": "Germer", "-AP": "-", "-FG-Bem.": "-", "-VeloR.": "-", "-Bemerkung": "  " }, "geometry": { "type": "MultiPoint", "coordinates": [ [ 552610.668500000028871, 5806952.218000000342727 ] ] } },
{ "type": "Feature", "properties": { "No.": 40.0, "-Kreuzung": "Kirchhorster Straße / Alte Peiner Heerstraße", "-Bezirk": "3", "-Art": "K", "-TK": "1", "-dv. FSA": "0", "-dv. 2-feld.": "0", "-VSR": "3", "-OCIT": "Kabel", "-LSA-Datum": "2005/12/01", "-Hersteller": "Swarco", "-Gerät": "Actros", "-CKR-Nr.": "-", "-LED": "LED", "-BS": "BTAO", "-Nachtab.": "-", "-Gerät-Datum": "2023-08-15", "-SB": "Sieber", "-AP": "Ja", "-FG-Bem.": "-", "-VeloR.": "-", "-Bemerkung": "LOGIN" }, "geometry": { "type": "MultiPoint", "coordinates": [ [ 556501.808599999989383, 5807817.060999999754131 ] ] } },
{ "type": "Feature", "properties": { "No.": 624.0, "-Kreuzung": "Südfeldstr. / Eichenbrink", "-Bezirk": "10", "-Art": "K", "-TK": "1", "-dv. FSA": "0", "-dv. 2-feld.": "0", "-VSR": "4", "-OCIT": "Kabel", "-LSA-Datum": "1991/12/04", "-Hersteller": "Yunex", "-Gerät": "sX", "-CKR-Nr.": "110175", "-LED": "LED", "-BS": "BT", "-Nachtab.": "-", "-Gerät-Datum": "2024-06-20", "-SB": "Riedel", "-AP": "Ja", "-FG-Bem.": "-", "-VeloR.": "-", "-Bemerkung": "  " }, "geometry": { "type": "MultiPoint", "coordinates": [ [ 546331.190900000045076, 5802623.839999999850988 ] ] } },
{ "type": "Feature", "properties": { "No.": 594.0, "-Kreuzung": "Hannoversche Str. / Grenzstr.", "-Bezirk": "5", "-Art": "F", "-TK": "1", "-dv. FSA": "1", "-dv. 2-feld.": "1", "-VSR": "3", "-OCIT": "-", "-LSA-Datum": "1979/10/12", "-Hersteller": "Yunex", "-Gerät": "C840XS", "-CKR-Nr.": "101122", "-LED": "LED", "-BS": "BTAO", "-Nachtab.": "Ja", "-Gerät-Datum": "2017-08-22", "-SB": "Leketas", "-AP": "-", "-FG-Bem.": "-", "-VeloR.": "-", "-Bemerkung": "  " }, "geometry": { "type": "MultiPoint", "coordinates": [ [ 556350.239300000015646, 5804154.322999999858439 ] ] } },
{ "type": "Feature", "properties": { "No.": 401.0, "-Kreuzung": "R.-v.-Bennigsen-Ufer / Arthur-Menge-Ufer", "-Bezirk": "107", "-Art": "K", "-TK": "1", "-dv. FSA": "0", "-dv. 2-feld.": "0", "-VSR": "2", "-OCIT": "Kabel", "-LSA-Datum": "1970/12/17", "-Hersteller": "Yunex", "-Gerät": "C900V", "-CKR-Nr.": "101070", "-LED": "LED", "-BS": "BTAO", "-Nachtab.": "-", "-Gerät-Datum": "2017-12-21", "-SB": "Sieber", "-AP": "-", "-FG-Bem.": "-", "-VeloR.": "VR08", "-Bemerkung": "C-Roads" }, "geometry": { "type": "MultiPoint", "coordinates": [ [ 550305.336299999966286, 5801717.003999999724329 ] ] } },
{ "type": "Feature", "properties": { "No.": 139.0, "-Kreuzung": "Engelbosteler Damm / Kopernikusstr. / An der Lutherkirche", "-Bezirk": "13", "-Art": "K", "-TK": "1", "-dv. FSA": "0", "-dv. 2-feld.": "0", "-VSR": "1", "-OCIT": "-", "-LSA-Datum": "1989/09/10", "-Hersteller": "Yunex", "-Gerät": "C840ES", "-CKR-Nr.": "100117", "-LED": "LED", "-BS": "BTAO", "-Nachtab.": "-", "-Gerät-Datum": "2012-06-14", "-SB": "Sieber", "-AP": "-", "-FG-Bem.": "-", "-VeloR.": "-", "-Bemerkung": "C-Roads" }, "geometry": { "type": "MultiPoint", "coordinates": [ [ 549227.376200000056997, 5804358.006 ] ] } },
{ "type": "Feature", "properties": { "No.": 597.0, "-Kreuzung": "Karl-Wiechert-Allee / Neue-Land-Straße", "-Bezirk": "4", "-Art": "K", "-TK": "1", "-dv. FSA": "0", "-dv. 2-feld.": "0", "-VSR": "3", "-OCIT": "-", "-LSA-Datum": "1997/12/02", "-Hersteller": "Yunex", "-Gerät": "MS", "-CKR-Nr.": "111022", "-LED": "LED", "-BS": "-", "-Nachtab.": "-", "-Gerät-Datum": "1997-12-15", "-SB": "Leketas", "-AP": "-", "-FG-Bem.": "-", "-VeloR.": "-", "-Bemerkung": "  " }, "geometry": { "type": "MultiPoint", "coordinates": [ [ 554326.2646, 5804961.96999999973923 ] ] } },
{ "type": "Feature", "properties": { "No.": 494.0, "-Kreuzung": "Bemeroder Straße / Döhrbruch", "-Bezirk": "6", "-Art": "K", "-TK": "1", "-dv. FSA": "0", "-dv. 2-feld.": "0", "-VSR": "8", "-OCIT": "Kabel", "-LSA-Datum": "1999/11/05", "-Hersteller": "Swarco", "-Gerät": "Actros Alpha", "-CKR-Nr.": "-", "-LED": "10 V", "-BS": "-", "-Nachtab.": "-", "-Gerät-Datum": "2020-10-20", "-SB": "Lipp", "-AP": "-", "-FG-Bem.": "-", "-VeloR.": "VR06", "-Bemerkung": "Klimaschutzrichtlinie - Antrag August 2023" }, "geometry": { "type": "MultiPoint", "coordinates": [ [ 555040.518900000024587, 5800208.063 ] ] } },
{ "type": "Feature", "properties": { "No.": 207.0, "-Kreuzung": "Loccumer Str. / Grundschule Wülfel", "-Bezirk": "8", "-Art": "F", "-TK": "1", "-dv. FSA": "1", "-dv. 2-feld.": "0", "-VSR": "2", "-OCIT": "LTE", "-LSA-Datum": "1988/05/08", "-Hersteller": "Yunex", "-Gerät": "sX", "-CKR-Nr.": "110141", "-LED": "LED", "-BS": "BTAO", "-Nachtab.": "Ja", "-Gerät-Datum": "2022-05-16", "-SB": "Lipp", "-AP": "-", "-FG-Bem.": "-", "-VeloR.": "-", "-Bemerkung": null }, "geometry": { "type": "MultiPoint", "coordinates": [ [ 553087.162699999986216, 5798049.612999999895692 ] ] } },
{ "type": "Feature", "properties": { "No.": 475.0, "-Kreuzung": "Theodor-Heuss-Platz", "-Bezirk": "1", "-Art": "K", "-TK": "4", "-dv. FSA": "3", "-dv. 2-feld.": "0", "-VSR": "2", "-OCIT": "Kabel", "-LSA-Datum": "1996/09/03", "-Hersteller": "Swarco", "-Gerät": "Actros", "-CKR-Nr.": "-", "-LED": "LED", "-BS": "BTAO", "-Nachtab.": "-", "-Gerät-Datum": "2020-11-23", "-SB": "Leketas", "-AP": "Ja", "-FG-Bem.": "Ja", "-VeloR.": "-", "-Bemerkung": "  " }, "geometry": { "type": "MultiPoint", "coordinates": [ [ 552350.556100000045262, 5803339.338000000454485 ] ] } },
{ "type": "Feature", "properties": { "No.": 534.0, "-Kreuzung": "Herm.-Bahlsen-Allee / Walderseestr.", "-Bezirk": "204", "-Art": "K", "-TK": "1", "-dv. FSA": "0", "-dv. 2-feld.": "0", "-VSR": "3", "-OCIT": "-", "-LSA-Datum": "1967/08/03", "-Hersteller": "Yunex", "-Gerät": "C840V", "-CKR-Nr.": "101023", "-LED": "LED", "-BS": "-", "-Nachtab.": "-", "-Gerät-Datum": "2016-05-03", "-SB": "Leketas", "-AP": "-", "-FG-Bem.": "-", "-VeloR.": "VR03", "-Bemerkung": "  " }, "geometry": { "type": "MultiPoint", "coordinates": [ [ 553205.6766, 5805668.771999999880791 ] ] } },
{ "type": "Feature", "properties": { "No.": 466.0, "-Kreuzung": "Garkenburgstr. / Thurnitistr.", "-Bezirk": "8", "-Art": "K", "-TK": "1", "-dv. FSA": "0", "-dv. 2-feld.": "0", "-VSR": "2", "-OCIT": "-", "-LSA-Datum": "1987/11/13", "-Hersteller": "Yunex", "-Gerät": "C840V", "-CKR-Nr.": "110107", "-LED": "LED", "-BS": "-", "-Nachtab.": "-", "-Gerät-Datum": "2011-07-27", "-SB": "Lipp", "-AP": "-", "-FG-Bem.": "-", "-VeloR.": "-", "-Bemerkung": "  " }, "geometry": { "type": "MultiPoint", "coordinates": [ [ 552919.652099999948405, 5798347.427000000141561 ] ] } },
{ "type": "Feature", "properties": { "No.": 475.0, "-Kreuzung": "Theodor-Heuss-Platz", "-Bezirk": "1", "-Art": "K", "-TK": "4", "-dv. FSA": "3", "-dv. 2-feld.": "0", "-VSR": "2", "-OCIT": "Kabel", "-LSA-Datum": "1996/09/03", "-Hersteller": "Swarco", "-Gerät": "Actros", "-CKR-Nr.": "-", "-LED": "LED", "-BS": "BTAO", "-Nachtab.": "-", "-Gerät-Datum": "2020-11-23", "-SB": "Leketas", "-AP": "Ja", "-FG-Bem.": "Ja", "-VeloR.": "-", "-Bemerkung": "  " }, "geometry": { "type": "MultiPoint", "coordinates": [ [ 552283.8811, 5803335.899000000208616 ] ] } },
{ "type": "Feature", "properties": { "No.": 323.0, "-Kreuzung": "Wolfstr. / Brandensteinstr.", "-Bezirk": "8", "-Art": "F", "-TK": "1", "-dv. FSA": "1", "-dv. 2-feld.": "1", "-VSR": "2", "-OCIT": "-", "-LSA-Datum": "1978/08/24", "-Hersteller": "Yunex", "-Gerät": "C840XS", "-CKR-Nr.": "100083", "-LED": "LED", "-BS": "-", "-Nachtab.": "Ja", "-Gerät-Datum": "2016-08-01", "-SB": "Leketas", "-AP": "-", "-FG-Bem.": "-", "-VeloR.": "-", "-Bemerkung": "  " }, "geometry": { "type": "MultiPoint", "coordinates": [ [ 552819.468100000056438, 5800397.019999999552965 ] ] } },
{ "type": "Feature", "properties": { "No.": 535.0, "-Kreuzung": "Spannhagenstr. / Gottfried-Keller Str.", "-Bezirk": "2", "-Art": "F", "-TK": "1", "-dv. FSA": "1", "-dv. 2-feld.": "0", "-VSR": "3", "-OCIT": "Kabel", "-LSA-Datum": "1974/04/10", "-Hersteller": "Swarco", "-Gerät": "Actros", "-CKR-Nr.": "-", "-LED": "LED", "-BS": "LOC-ID", "-Nachtab.": "Ja", "-Gerät-Datum": "2025-06-05", "-SB": "Germer", "-AP": "Ja", "-FG-Bem.": "-", "-VeloR.": "-", "-Bemerkung": "  " }, "geometry": { "type": "MultiPoint", "coordinates": [ [ 553144.222700000042096, 5806172.025999999605119 ] ] } },
{ "type": "Feature", "properties": { "No.": 312.0, "-Kreuzung": "Hannoversche Str. / Zum Brookland", "-Bezirk": "5", "-Art": "K", "-TK": "1", "-dv. FSA": "0", "-dv. 2-feld.": "0", "-VSR": "3", "-OCIT": "Kabel", "-LSA-Datum": "2000/06/21", "-Hersteller": "Yunex", "-Gerät": "sX", "-CKR-Nr.": "100010", "-LED": "LED", "-BS": "BTAO", "-Nachtab.": "Ja", "-Gerät-Datum": "2022-05-17", "-SB": "Leketas", "-AP": "-", "-FG-Bem.": "-", "-VeloR.": "-", "-Bemerkung": "  " }, "geometry": { "type": "MultiPoint", "coordinates": [ [ 557004.274199999985285, 5804451.892 ] ] } },
{ "type": "Feature", "properties": { "No.": 231.0, "-Kreuzung": "Nienburger Straße / Leibniz Universität", "-Bezirk": "13", "-Art": "F", "-TK": "3", "-dv. FSA": "2", "-dv. 2-feld.": "2", "-VSR": "6", "-OCIT": "Kabel", "-LSA-Datum": "2012/10/11", "-Hersteller": "Yunex", "-Gerät": "C940ES", "-CKR-Nr.": "111078", "-LED": "LED", "-BS": "BTAO", "-Nachtab.": "-", "-Gerät-Datum": "2023-03-21", "-SB": "Riedel", "-AP": "Ja", "-FG-Bem.": "Ja", "-VeloR.": "-", "-Bemerkung": "  " }, "geometry": { "type": "MultiPoint", "coordinates": [ [ 548903.966000000014901, 5803660.04 ] ] } },
{ "type": "Feature", "properties": { "No.": 143.0, "-Kreuzung": "Engelbosteler Damm / Arndtstr. / An der Christuskirche", "-Bezirk": "1", "-Art": "K", "-TK": "2", "-dv. FSA": "1", "-dv. 2-feld.": "0", "-VSR": "1", "-OCIT": "Kabel", "-LSA-Datum": "1973/06/07", "-Hersteller": "Yunex", "-Gerät": "C900", "-CKR-Nr.": "100143", "-LED": "LED", "-BS": "BTAO", "-Nachtab.": "-", "-Gerät-Datum": "2022-06-23", "-SB": "Sieber", "-AP": "-", "-FG-Bem.": "-", "-VeloR.": "CR", "-Bemerkung": "C-Roads, Smart City" }, "geometry": { "type": "MultiPoint", "coordinates": [ [ 549383.526100000017323, 5803601.679999999701977 ] ] } },
{ "type": "Feature", "properties": { "No.": 197.0, "-Kreuzung": "Vahrenwalder Str. / Dragonerstr. + TK Halkettstr.", "-Bezirk": "2", "-Art": "K", "-TK": "3", "-dv. FSA": "2", "-dv. 2-feld.": "0", "-VSR": "1", "-OCIT": "-", "-LSA-Datum": "1968/08/05", "-Hersteller": "Yunex", "-Gerät": "MS", "-CKR-Nr.": "100141", "-LED": "-", "-BS": "BTAO", "-Nachtab.": "-", "-Gerät-Datum": "2001-06-09", "-SB": "Germer", "-AP": "-", "-FG-Bem.": "-", "-VeloR.": "-", "-Bemerkung": "Ausschreibung 2026" }, "geometry": { "type": "MultiPoint", "coordinates": [ [ 550025.8761, 5805052.980999999679625 ] ] } },
{ "type": "Feature", "properties": { "No.": 114.0, "-Kreuzung": "Wunstorfer Landstr./ Tegtmeyerallee", "-Bezirk": "11", "-Art": "K", "-TK": "1", "-dv. FSA": "0", "-dv. 2-feld.": "0", "-VSR": "5", "-OCIT": "Kabel", "-LSA-Datum": "1973/07/13", "-Hersteller": "Swarco", "-Gerät": "Actros", "-CKR-Nr.": "-", "-LED": "LED", "-BS": "BTAO", "-Nachtab.": "Ja", "-Gerät-Datum": "2010-10-21", "-SB": "Riedel", "-AP": "Ja", "-FG-Bem.": "-", "-VeloR.": "-", "-Bemerkung": null }, "geometry": { "type": "MultiPoint", "coordinates": [ [ 545655.158999999985099, 5803817.458999999798834 ] ] } },
{ "type": "Feature", "properties": { "No.": 242.0, "-Kreuzung": "Kestnerstr. / Stadtstr.                    ", "-Bezirk": "7", "-Art": "K", "-TK": "1", "-dv. FSA": "0", "-dv. 2-feld.": "0", "-VSR": "2", "-OCIT": "Kabel", "-LSA-Datum": "1976/09/14", "-Hersteller": "Swarco", "-Gerät": "Actros", "-CKR-Nr.": "-", "-LED": "LED", "-BS": "BTAO", "-Nachtab.": "Ja", "-Gerät-Datum": "2014-03-14", "-SB": "Leketas", "-AP": "Ja", "-FG-Bem.": "-", "-VeloR.": "VR04, VR06", "-Bemerkung": "  " }, "geometry": { "type": "MultiPoint", "coordinates": [ [ 551576.0916000000434, 5802568.977 ] ] } },
{ "type": "Feature", "properties": { "No.": 165.0, "-Kreuzung": "Arndtstr./Weidendamm/Herschelstr.", "-Bezirk": "1", "-Art": "K", "-TK": "1", "-dv. FSA": "0", "-dv. 2-feld.": "0", "-VSR": "1", "-OCIT": "Kabel", "-LSA-Datum": "1974/03/06", "-Hersteller": "Swarco", "-Gerät": "Actros", "-CKR-Nr.": "-", "-LED": "LED", "-BS": "-", "-Nachtab.": "-", "-Gerät-Datum": "2022-09-21", "-SB": "Sieber", "-AP": "-", "-FG-Bem.": "-", "-VeloR.": "CR", "-Bemerkung": "Smart City" }, "geometry": { "type": "MultiPoint", "coordinates": [ [ 549846.022800000035204, 5803921.088999999687076 ] ] } },
{ "type": "Feature", "properties": { "No.": 467.0, "-Kreuzung": "Peiner Straße / Holthusenstraße", "-Bezirk": "8", "-Art": "F", "-TK": "1", "-dv. FSA": "1", "-dv. 2-feld.": "0", "-VSR": "2", "-OCIT": "LTE", "-LSA-Datum": "2011/05/02", "-Hersteller": "Swarco", "-Gerät": "Actros", "-CKR-Nr.": "-", "-LED": "LED", "-BS": "BTAO", "-Nachtab.": "Ja", "-Gerät-Datum": "2011-05-02", "-SB": "Lipp", "-AP": "-", "-FG-Bem.": "-", "-VeloR.": "-", "-Bemerkung": "  " }, "geometry": { "type": "MultiPoint", "coordinates": [ [ 552805.2794, 5799013.764999999664724 ] ] } },
{ "type": "Feature", "properties": { "No.": 516.0, "-Kreuzung": "Ferd.-Wallbrecht-Str. / Lister Kirchweg", "-Bezirk": "2", "-Art": "K", "-TK": "1", "-dv. FSA": "0", "-dv. 2-feld.": "0", "-VSR": "3", "-OCIT": "Kabel", "-LSA-Datum": "1969/09/11", "-Hersteller": "Swarco", "-Gerät": "Actros", "-CKR-Nr.": "-", "-LED": "LED", "-BS": "BTAO", "-Nachtab.": "-", "-Gerät-Datum": "2023-09-22", "-SB": "Germer", "-AP": "-", "-FG-Bem.": "-", "-VeloR.": "-", "-Bemerkung": "LED-Projekt Rest" }, "geometry": { "type": "MultiPoint", "coordinates": [ [ 550654.67359999998007, 5805250.996000000275671 ] ] } },
{ "type": "Feature", "properties": { "No.": 276.0, "-Kreuzung": "Auf der Kuhbühre", "-Bezirk": "11", "-Art": "S", "-TK": "1", "-dv. FSA": "0", "-dv. 2-feld.": "0", "-VSR": "4", "-OCIT": "Kabel", "-LSA-Datum": "1978/05/25", "-Hersteller": "Yunex", "-Gerät": "sX", "-CKR-Nr.": "100064", "-LED": "LED", "-BS": "-", "-Nachtab.": "-", "-Gerät-Datum": "2024-10-29", "-SB": "Riedel", "-AP": "Ja", "-FG-Bem.": "-", "-VeloR.": "-", "-Bemerkung": "  " }, "geometry": { "type": "MultiPoint", "coordinates": [ [ 546607.096800000057556, 5800336.90500000026077 ] ] } },
{ "type": "Feature", "properties": { "No.": 529.0, "-Kreuzung": "Walderseestr. / Fritz-Beindorff-Allee", "-Bezirk": "102", "-Art": "F", "-TK": "1", "-dv. FSA": "1", "-dv. 2-feld.": "1", "-VSR": "3", "-OCIT": "LTE", "-LSA-Datum": "1968/04/17", "-Hersteller": "Swarco", "-Gerät": "Actros", "-CKR-Nr.": "-", "-LED": "LED", "-BS": "-", "-Nachtab.": "Ja", "-Gerät-Datum": "2016-04-20", "-SB": "Leketas", "-AP": "-", "-FG-Bem.": "-", "-VeloR.": "-", "-Bemerkung": "  " }, "geometry": { "type": "MultiPoint", "coordinates": [ [ 552076.056300000054762, 5805117.673000000417233 ] ] } },
{ "type": "Feature", "properties": { "No.": 328.0, "-Kreuzung": "Brabeckstraße / Victor-Schulte-Straße", "-Bezirk": "6", "-Art": "K", "-TK": "2", "-dv. FSA": "2", "-dv. 2-feld.": "0", "-VSR": "8", "-OCIT": "Kabel", "-LSA-Datum": "1999/11/03", "-Hersteller": "Swarco", "-Gerät": "Actros", "-CKR-Nr.": "-", "-LED": "LED", "-BS": "BTAO", "-Nachtab.": "-", "-Gerät-Datum": "2025-12-11", "-SB": "Lipp", "-AP": "Ja", "-FG-Bem.": "-", "-VeloR.": "VR06", "-Bemerkung": "  " }, "geometry": { "type": "MultiPoint", "coordinates": [ [ 556347.454600000055507, 5799423.938 ] ] } },
{ "type": "Feature", "properties": { "No.": 286.0, "-Kreuzung": "Empelder Str. / Nibelungenweg (ehemals Safariweg)", "-Bezirk": "11", "-Art": "K", "-TK": "3", "-dv. FSA": "2", "-dv. 2-feld.": "2", "-VSR": "4", "-OCIT": "Kabel", "-LSA-Datum": "1979/09/20", "-Hersteller": "Swarco", "-Gerät": "Actros", "-CKR-Nr.": "-", "-LED": "LED", "-BS": "BTAO", "-Nachtab.": "-", "-Gerät-Datum": "2023-09-14", "-SB": "Riedel", "-AP": "Ja", "-FG-Bem.": "-", "-VeloR.": "-", "-Bemerkung": "  " }, "geometry": { "type": "MultiPoint", "coordinates": [ [ 545587.206200000015087, 5800313.206000000238419 ] ] } },
{ "type": "Feature", "properties": { "No.": 152.0, "-Kreuzung": "Industrieweg / Wiesenauer Straße / Max-Müller-Straße", "-Bezirk": "13", "-Art": "K", "-TK": "1", "-dv. FSA": "0", "-dv. 2-feld.": "0", "-VSR": "1", "-OCIT": "Kabel", "-LSA-Datum": "1996/06/04", "-Hersteller": "Yunex", "-Gerät": "C920ES", "-CKR-Nr.": "111005", "-LED": "LED", "-BS": "BTAO", "-Nachtab.": "Ja", "-Gerät-Datum": "2019-11-28", "-SB": "Germer", "-AP": "-", "-FG-Bem.": "-", "-VeloR.": "-", "-Bemerkung": null }, "geometry": { "type": "MultiPoint", "coordinates": [ [ 548730.350899999961257, 5808214.377999999560416 ] ] } },
{ "type": "Feature", "properties": { "No.": 572.0, "-Kreuzung": "Sahlkamp / Ada-Lessing-Straße", "-Bezirk": "3", "-Art": "K", "-TK": "1", "-dv. FSA": "0", "-dv. 2-feld.": "0", "-VSR": "3", "-OCIT": "-", "-LSA-Datum": "1970/05/14", "-Hersteller": "Yunex", "-Gerät": "MS", "-CKR-Nr.": "101062", "-LED": "LED", "-BS": "BTAO", "-Nachtab.": "-", "-Gerät-Datum": "2001-06-09", "-SB": "Germer", "-AP": "-", "-FG-Bem.": "-", "-VeloR.": "-", "-Bemerkung": "  " }, "geometry": { "type": "MultiPoint", "coordinates": [ [ 553153.06429999996908, 5806954.599000000394881 ] ] } },
{ "type": "Feature", "properties": { "No.": 77.0, "-Kreuzung": "Schützenallee / Willmerstraße", "-Bezirk": "8", "-Art": "K", "-TK": "1", "-dv. FSA": "0", "-dv. 2-feld.": "0", "-VSR": "2", "-OCIT": "-", "-LSA-Datum": "1980/02/25", "-Hersteller": "Yunex", "-Gerät": "MS", "-CKR-Nr.": "101101", "-LED": "LED", "-BS": "-", "-Nachtab.": "Ja", "-Gerät-Datum": "1994-01-15", "-SB": "Germer", "-AP": "-", "-FG-Bem.": "-", "-VeloR.": "VR08", "-Bemerkung": null }, "geometry": { "type": "MultiPoint", "coordinates": [ [ 551536.274100000038743, 5799273.021999999880791 ] ] } },
{ "type": "Feature", "properties": { "No.": 226.0, "-Kreuzung": "Burgwedeler Str. / Eichhörnchensteg   ", "-Bezirk": "3", "-Art": "K", "-TK": "2", "-dv. FSA": "1", "-dv. 2-feld.": "1", "-VSR": "3", "-OCIT": "Kabel", "-LSA-Datum": "1980/06/20", "-Hersteller": "Yunex", "-Gerät": "sX", "-CKR-Nr.": "101131", "-LED": "LED", "-BS": "BTAO", "-Nachtab.": "-", "-Gerät-Datum": "2025-10-17", "-SB": "Germer", "-AP": "Ja", "-FG-Bem.": "-", "-VeloR.": "VR03", "-Bemerkung": "  " }, "geometry": { "type": "MultiPoint", "coordinates": [ [ 554383.254700000048615, 5808651.713999999687076 ] ] } },
{ "type": "Feature", "properties": { "No.": 258.0, "-Kreuzung": "Am Mittelfelde / Beuthener Str.", "-Bezirk": "8", "-Art": "K", "-TK": "1", "-dv. FSA": "0", "-dv. 2-feld.": "0", "-VSR": "2", "-OCIT": "LTE", "-LSA-Datum": "1974/12/12", "-Hersteller": "Swarco", "-Gerät": "Actros", "-CKR-Nr.": "-", "-LED": "LED", "-BS": "BTAO", "-Nachtab.": "Ja", "-Gerät-Datum": "2008-12-16", "-SB": "Lipp", "-AP": "-", "-FG-Bem.": "-", "-VeloR.": "-", "-Bemerkung": "  " }, "geometry": { "type": "MultiPoint", "coordinates": [ [ 553731.866799999959767, 5798161.514999999664724 ] ] } },
{ "type": "Feature", "properties": { "No.": 441.0, "-Kreuzung": "Hamburger Allee / Lister Meile", "-Bezirk": "1", "-Art": "K", "-TK": "1", "-dv. FSA": "0", "-dv. 2-feld.": "0", "-VSR": "1", "-OCIT": "Kabel", "-LSA-Datum": "1972/11/17", "-Hersteller": "Yunex", "-Gerät": "C920ES", "-CKR-Nr.": "100184", "-LED": "LED", "-BS": "BTAO", "-Nachtab.": "-", "-Gerät-Datum": "2022-03-16", "-SB": "Sieber", "-AP": "-", "-FG-Bem.": "-", "-VeloR.": "CR, VR02", "-Bemerkung": "Smart City" }, "geometry": { "type": "MultiPoint", "coordinates": [ [ 550576.731299999984913, 5803477.890999999828637 ] ] } },
{ "type": "Feature", "properties": { "No.": 301.0, "-Kreuzung": "Hannoversche Str. / Alte Gehägestr.", "-Bezirk": "5", "-Art": "F", "-TK": "1", "-dv. FSA": "1", "-dv. 2-feld.": "0", "-VSR": "3", "-OCIT": "-", "-LSA-Datum": "1967/02/03", "-Hersteller": "Swarco", "-Gerät": "Actros", "-CKR-Nr.": "-", "-LED": "LED", "-BS": "-", "-Nachtab.": "Ja", "-Gerät-Datum": "2007-03-06", "-SB": "Leketas", "-AP": "-", "-FG-Bem.": "-", "-VeloR.": "-", "-Bemerkung": "  " }, "geometry": { "type": "MultiPoint", "coordinates": [ [ 556631.075599999981932, 5804300.699 ] ] } },
{ "type": "Feature", "properties": { "No.": 437.0, "-Kreuzung": "Altenbekener Damm / An der Tiefenriede", "-Bezirk": "7", "-Art": "F", "-TK": "1", "-dv. FSA": "1", "-dv. 2-feld.": "1", "-VSR": "2", "-OCIT": "Kabel", "-LSA-Datum": "1977/05/10", "-Hersteller": "Yunex", "-Gerät": "sX", "-CKR-Nr.": "100039", "-LED": "LED", "-BS": "BTAO", "-Nachtab.": "Ja", "-Gerät-Datum": "2024-11-05", "-SB": "Leketas", "-AP": "Ja", "-FG-Bem.": "-", "-VeloR.": "-", "-Bemerkung": "  " }, "geometry": { "type": "MultiPoint", "coordinates": [ [ 551611.971000000019558, 5800907.576000000350177 ] ] } },
{ "type": "Feature", "properties": { "No.": 216.0, "-Kreuzung": "Prüßentrift / Große Heide", "-Bezirk": "3", "-Art": "F", "-TK": "1", "-dv. FSA": "1", "-dv. 2-feld.": "0", "-VSR": "3", "-OCIT": "LTE", "-LSA-Datum": "1976/07/30", "-Hersteller": "Swarco", "-Gerät": "Actros compact", "-CKR-Nr.": "-", "-LED": "LED", "-BS": "BA", "-Nachtab.": "Ja", "-Gerät-Datum": "2020-10-27", "-SB": "Germer", "-AP": "-", "-FG-Bem.": "-", "-VeloR.": "-", "-Bemerkung": null }, "geometry": { "type": "MultiPoint", "coordinates": [ [ 554570.546300000045449, 5809762.912999999709427 ] ] } },
{ "type": "Feature", "properties": { "No.": 247.0, "-Kreuzung": "Wunstorfer Str. / Harenberger Straße", "-Bezirk": "10", "-Art": "K", "-TK": "3", "-dv. FSA": "2", "-dv. 2-feld.": "2", "-VSR": "5", "-OCIT": "-", "-LSA-Datum": "1978/01/20", "-Hersteller": "Yunex", "-Gerät": "C840ES", "-CKR-Nr.": "101009", "-LED": "LED", "-BS": "BTAO", "-Nachtab.": "-", "-Gerät-Datum": "2016-12-15", "-SB": "Riedel", "-AP": "-", "-FG-Bem.": "-", "-VeloR.": "-", "-Bemerkung": "INFRA HBST Planung" }, "geometry": { "type": "MultiPoint", "coordinates": [ [ 547010.26210000005085, 5803192.439000000245869 ] ] } },
{ "type": "Feature", "properties": { "No.": 485.0, "-Kreuzung": "Hildesheimer Str. / Wiehbergstr.", "-Bezirk": "8", "-Art": "F", "-TK": "4", "-dv. FSA": "4", "-dv. 2-feld.": "4", "-VSR": "2", "-OCIT": "Kabel", "-LSA-Datum": "1981/03/19", "-Hersteller": "Yunex", "-Gerät": "C940V", "-CKR-Nr.": "101105", "-LED": "LED", "-BS": "BTAO", "-Nachtab.": "-", "-Gerät-Datum": "2009-12-11", "-SB": "Lipp", "-AP": "-", "-FG-Bem.": "-", "-VeloR.": "VR08", "-Bemerkung": "  " }, "geometry": { "type": "MultiPoint", "coordinates": [ [ 552901.196, 5797931.026999999769032 ] ] } },
{ "type": "Feature", "properties": { "No.": 622.0, "-Kreuzung": "Carlo-Schmid-Allee / Holzrehre", "-Bezirk": "11", "-Art": "F", "-TK": "1", "-dv. FSA": "1", "-dv. 2-feld.": "0", "-VSR": "4", "-OCIT": "-", "-LSA-Datum": "1991/09/27", "-Hersteller": "Yunex", "-Gerät": "C840XS", "-CKR-Nr.": "110171", "-LED": "LED", "-BS": "BA", "-Nachtab.": "Ja", "-Gerät-Datum": "2016-11-15", "-SB": "Riedel", "-AP": "-", "-FG-Bem.": "-", "-VeloR.": "-", "-Bemerkung": "OCIT Planung 2027" }, "geometry": { "type": "MultiPoint", "coordinates": [ [ 546070.307400000048801, 5802756.04700000025332 ] ] } },
{ "type": "Feature", "properties": { "No.": 500.0, "-Kreuzung": "Kugelfangtrift / Peter-Strasser-Allee (in Planung) ", "-Bezirk": "-", "-Art": "-", "-TK": "-", "-dv. FSA": "-", "-dv. 2-feld.": "-", "-VSR": "-", "-OCIT": "-", "-LSA-Datum": "-", "-Hersteller": "-", "-Gerät": "-", "-CKR-Nr.": "-", "-LED": "-", "-BS": "-", "-Nachtab.": "-", "-Gerät-Datum": null, "-SB": "Germer", "-AP": "-", "-FG-Bem.": "-", "-VeloR.": "VR02", "-Bemerkung": "  " }, "geometry": { "type": "MultiPoint", "coordinates": [ [ 551460.896199999959208, 5808065.313 ] ] } },
{ "type": "Feature", "properties": { "No.": 580.0, "-Kreuzung": "Kugelfangtrift / Alte Heide / Hägewiesen", "-Bezirk": "3", "-Art": "F", "-TK": "1", "-dv. FSA": "1", "-dv. 2-feld.": "1", "-VSR": "3", "-OCIT": "Kabel", "-LSA-Datum": "1997/09/10", "-Hersteller": "Yunex", "-Gerät": "sX", "-CKR-Nr.": "111021", "-LED": "LED", "-BS": "BTAO", "-Nachtab.": "Ja", "-Gerät-Datum": "2022-03-22", "-SB": "Germer", "-AP": "Ja", "-FG-Bem.": "-", "-VeloR.": "-", "-Bemerkung": "  " }, "geometry": { "type": "MultiPoint", "coordinates": [ [ 552829.6372, 5807644.735999999567866 ] ] } },
{ "type": "Feature", "properties": { "No.": 78.0, "-Kreuzung": "Schützenallee / Bernwardstr.", "-Bezirk": "8", "-Art": "F", "-TK": "1", "-dv. FSA": "1", "-dv. 2-feld.": "1", "-VSR": "2", "-OCIT": "Kabel", "-LSA-Datum": "1980/02/25", "-Hersteller": "Yunex", "-Gerät": "sX Compact-L", "-CKR-Nr.": "101128", "-LED": "LED", "-BS": "LOC-ID", "-Nachtab.": "Ja", "-Gerät-Datum": "2021-07-21", "-SB": "Lipp", "-AP": "-", "-FG-Bem.": "-", "-VeloR.": "VR08", "-Bemerkung": null }, "geometry": { "type": "MultiPoint", "coordinates": [ [ 551552.149100000038743, 5798980.656999999657273 ] ] } },
{ "type": "Feature", "properties": { "No.": 140.0, "-Kreuzung": "Kopernikusstr. / Weidendamm", "-Bezirk": "13", "-Art": "K", "-TK": "1", "-dv. FSA": "0", "-dv. 2-feld.": "0", "-VSR": "1", "-OCIT": "Kabel", "-LSA-Datum": "1986/12/18", "-Hersteller": "Swarco", "-Gerät": "Actros", "-CKR-Nr.": "-", "-LED": "LED", "-BS": "-", "-Nachtab.": "-", "-Gerät-Datum": "2021-07-16", "-SB": "Sieber", "-AP": "-", "-FG-Bem.": "-", "-VeloR.": "-", "-Bemerkung": "C-Roads" }, "geometry": { "type": "MultiPoint", "coordinates": [ [ 549430.14379999996163, 5804487.234000000171363 ] ] } },
{ "type": "Feature", "properties": { "No.": 526.0, "-Kreuzung": "Hohenzollernstraße / Yorkstraße   ", "-Bezirk": "1", "-Art": "F", "-TK": "1", "-dv. FSA": "1", "-dv. 2-feld.": "1", "-VSR": "3", "-OCIT": "LTE", "-LSA-Datum": "1979/08/30", "-Hersteller": "Yunex", "-Gerät": "sX", "-CKR-Nr.": "100074", "-LED": "LED", "-BS": "-", "-Nachtab.": "-", "-Gerät-Datum": "2022-03-21", "-SB": "Leketas", "-AP": "-", "-FG-Bem.": "-", "-VeloR.": "VR03", "-Bemerkung": "  " }, "geometry": { "type": "MultiPoint", "coordinates": [ [ 551520.301100000040606, 5803831.737999999895692 ] ] } },
{ "type": "Feature", "properties": { "No.": 300.0, "-Kreuzung": "Vinnhorster Weg / Wurmbergweg", "-Bezirk": "12", "-Art": "F", "-TK": "1", "-dv. FSA": "1", "-dv. 2-feld.": "0", "-VSR": "6", "-OCIT": "Kabel", "-LSA-Datum": "1999/01/25", "-Hersteller": "Yunex", "-Gerät": "sX", "-CKR-Nr.": "111031", "-LED": "LED", "-BS": "BTAO", "-Nachtab.": "Ja", "-Gerät-Datum": "2024-11-14", "-SB": "Teichert", "-AP": "Ja", "-FG-Bem.": "-", "-VeloR.": "-", "-Bemerkung": "  " }, "geometry": { "type": "MultiPoint", "coordinates": [ [ 547173.856299999984913, 5805637.776999999769032 ] ] } },
{ "type": "Feature", "properties": { "No.": 705.0, "-Kreuzung": "Kattenbrookstrift / Stockholmer Allee / Astbrookstrift", "-Bezirk": "6", "-Art": "K", "-TK": "1", "-dv. FSA": "0", "-dv. 2-feld.": "0", "-VSR": "8", "-OCIT": "Kabel", "-LSA-Datum": "2000/05/29", "-Hersteller": "Yunex", "-Gerät": "C900V", "-CKR-Nr.": "111044", "-LED": "LED", "-BS": "-", "-Nachtab.": "-", "-Gerät-Datum": "2019-11-19", "-SB": "Lipp", "-AP": "-", "-FG-Bem.": "-", "-VeloR.": "-", "-Bemerkung": "  " }, "geometry": { "type": "MultiPoint", "coordinates": [ [ 556210.920799999963492, 5797690.110999999567866 ] ] } },
{ "type": "Feature", "properties": { "No.": 138.0, "-Kreuzung": "Karmarschstr. / Marktstraße / Schmiedestraße", "-Bezirk": "1", "-Art": "K", "-TK": "1", "-dv. FSA": "0", "-dv. 2-feld.": "0", "-VSR": "1", "-OCIT": "-", "-LSA-Datum": "1968/09/13", "-Hersteller": "Swarco", "-Gerät": "Actros", "-CKR-Nr.": "-", "-LED": "LED", "-BS": "BTAO", "-Nachtab.": "-", "-Gerät-Datum": "2006-05-10", "-SB": "Sieber", "-AP": "-", "-FG-Bem.": "-", "-VeloR.": "VR01", "-Bemerkung": null }, "geometry": { "type": "MultiPoint", "coordinates": [ [ 550153.070300000021234, 5802580.0 ] ] } },
{ "type": "Feature", "properties": { "No.": 217.0, "-Kreuzung": "Garkenburgstr. / Friedhof Seelhorst", "-Bezirk": "8", "-Art": "K", "-TK": "2", "-dv. FSA": "1", "-dv. 2-feld.": "0", "-VSR": "2", "-OCIT": "-", "-LSA-Datum": "1969/08/08", "-Hersteller": "Yunex", "-Gerät": "MS", "-CKR-Nr.": "110104", "-LED": "LED", "-BS": "BTAO", "-Nachtab.": "Ja", "-Gerät-Datum": "2003-02-07", "-SB": "Lipp", "-AP": "-", "-FG-Bem.": "-", "-VeloR.": "-", "-Bemerkung": null }, "geometry": { "type": "MultiPoint", "coordinates": [ [ 553872.681300000054762, 5798604.338000000454485 ] ] } },
{ "type": "Feature", "properties": { "No.": 722.0, "-Kreuzung": "Wülferoder Straße / Honerkamp", "-Bezirk": "6", "-Art": "F", "-TK": "1", "-dv. FSA": "1", "-dv. 2-feld.": "1", "-VSR": "8", "-OCIT": "-", "-LSA-Datum": "2000/07/14", "-Hersteller": "Yunex", "-Gerät": "C840XS", "-CKR-Nr.": "111054", "-LED": "LED", "-BS": "-", "-Nachtab.": "Ja", "-Gerät-Datum": "2017-01-26", "-SB": "Lipp", "-AP": "-", "-FG-Bem.": "-", "-VeloR.": "-", "-Bemerkung": "  " }, "geometry": { "type": "MultiPoint", "coordinates": [ [ 557142.628200000035577, 5798645.197999999858439 ] ] } },
{ "type": "Feature", "properties": { "No.": 456.0, "-Kreuzung": "Jordanstraße / An der Weide", "-Bezirk": "7", "-Art": "K", "-TK": "1", "-dv. FSA": "0", "-dv. 2-feld.": "0", "-VSR": "2", "-OCIT": "-", "-LSA-Datum": "2016/05/17", "-Hersteller": "Yunex", "-Gerät": "C840ES", "-CKR-Nr.": "111092", "-LED": "LED", "-BS": "BTAO", "-Nachtab.": "Ja", "-Gerät-Datum": "2017-10-20", "-SB": "Leketas", "-AP": "-", "-FG-Bem.": "-", "-VeloR.": "-", "-Bemerkung": "  " }, "geometry": { "type": "MultiPoint", "coordinates": [ [ 552088.594700000016019, 5801360.946999999694526 ] ] } },
{ "type": "Feature", "properties": { "No.": 58.0, "-Kreuzung": "Mecklenheidestr. / Jädekamp", "-Bezirk": "12", "-Art": "K", "-TK": "1", "-dv. FSA": "0", "-dv. 2-feld.": "0", "-VSR": "6", "-OCIT": "Kabel", "-LSA-Datum": "1973/10/03", "-Hersteller": "Yunex", "-Gerät": "C900V", "-CKR-Nr.": "110041", "-LED": "LED", "-BS": "-", "-Nachtab.": "-", "-Gerät-Datum": "2020-01-21", "-SB": "Teichert", "-AP": "-", "-FG-Bem.": "-", "-VeloR.": "-", "-Bemerkung": null }, "geometry": { "type": "MultiPoint", "coordinates": [ [ 544088.162499999976717, 5807293.36699999962002 ] ] } },
{ "type": "Feature", "properties": { "No.": 419.0, "-Kreuzung": "Aegi Süd / Hildesheimer Str.", "-Bezirk": "107", "-Art": "K", "-TK": "1", "-dv. FSA": "0", "-dv. 2-feld.": "0", "-VSR": "2", "-OCIT": "Kabel", "-LSA-Datum": "1981/02/20", "-Hersteller": "Yunex", "-Gerät": "C900V", "-CKR-Nr.": "101138", "-LED": "LED", "-BS": "BTAO", "-Nachtab.": "-", "-Gerät-Datum": "2019-04-18", "-SB": "Sieber", "-AP": "-", "-FG-Bem.": "-", "-VeloR.": "CR", "-Bemerkung": "C-Roads, Smart City" }, "geometry": { "type": "MultiPoint", "coordinates": [ [ 550608.567700000014156, 5802258.021999999880791 ] ] } },
{ "type": "Feature", "properties": { "No.": 160.0, "-Kreuzung": "Engelbosteler Damm / Scheffelstr.", "-Bezirk": "13", "-Art": "F", "-TK": "1", "-dv. FSA": "1", "-dv. 2-feld.": "1", "-VSR": "1", "-OCIT": "-", "-LSA-Datum": "1995/11/10", "-Hersteller": "Yunex", "-Gerät": "C840XS", "-CKR-Nr.": "100160", "-LED": "LED", "-BS": "-", "-Nachtab.": "Ja", "-Gerät-Datum": "2017-02-07", "-SB": "Sieber", "-AP": "-", "-FG-Bem.": "-", "-VeloR.": "-", "-Bemerkung": "C-Roads" }, "geometry": { "type": "MultiPoint", "coordinates": [ [ 549362.023999999975786, 5803980.006 ] ] } },
{ "type": "Feature", "properties": { "No.": 527.0, "-Kreuzung": "Hohenzollernstraße / Oskar-Winter-Straße", "-Bezirk": "102", "-Art": "F", "-TK": "1", "-dv. FSA": "1", "-dv. 2-feld.": "0", "-VSR": "3", "-OCIT": "-", "-LSA-Datum": "1979/08/30", "-Hersteller": "Swarco", "-Gerät": "Actros", "-CKR-Nr.": "-", "-LED": "LED", "-BS": "-", "-Nachtab.": "Ja", "-Gerät-Datum": "2014-01-08", "-SB": "Leketas", "-AP": "-", "-FG-Bem.": "-", "-VeloR.": "VR03", "-Bemerkung": "  " }, "geometry": { "type": "MultiPoint", "coordinates": [ [ 551226.280600000056438, 5804435.057 ] ] } },
{ "type": "Feature", "properties": { "No.": 94.0, "-Kreuzung": "Göttinger Chaussee / Mühlenholzweg / Am Grünen Hagen", "-Bezirk": "9", "-Art": "K", "-TK": "1", "-dv. FSA": "0", "-dv. 2-feld.": "0", "-VSR": "4", "-OCIT": "Kabel", "-LSA-Datum": "2022/11/23", "-Hersteller": "Swarco", "-Gerät": "Actros", "-CKR-Nr.": "-", "-LED": "LED", "-BS": "BTAO", "-Nachtab.": "-", "-Gerät-Datum": "2022-11-23", "-SB": "Lipp", "-AP": "Ja", "-FG-Bem.": "-", "-VeloR.": "VR09", "-Bemerkung": null }, "geometry": { "type": "MultiPoint", "coordinates": [ [ 548845.6091, 5798601.637000000104308 ] ] } },
{ "type": "Feature", "properties": { "No.": 183.0, "-Kreuzung": "Ritter-Brüning-Str. / Auestr.", "-Bezirk": "10", "-Art": "K", "-TK": "1", "-dv. FSA": "0", "-dv. 2-feld.": "0", "-VSR": "1", "-OCIT": "Kabel", "-LSA-Datum": "1968/07/12", "-Hersteller": "Yunex", "-Gerät": "C900V", "-CKR-Nr.": "101001", "-LED": "LED", "-BS": "BTAO", "-Nachtab.": "-", "-Gerät-Datum": "2023-11-30", "-SB": "Riedel", "-AP": "Ja", "-FG-Bem.": "-", "-VeloR.": "-", "-Bemerkung": "BBX von LSA286" }, "geometry": { "type": "MultiPoint", "coordinates": [ [ 549189.0553, 5801608.835 ] ] } },
{ "type": "Feature", "properties": { "No.": 255.0, "-Kreuzung": "Gr.  Kolonnenweg / Jathostr.     ", "-Bezirk": "2", "-Art": "S", "-TK": "-", "-dv. FSA": "-", "-dv. 2-feld.": "-", "-VSR": "1", "-OCIT": "-", "-LSA-Datum": "1971/08/09", "-Hersteller": "Yunex", "-Gerät": "MSK", "-CKR-Nr.": "101072", "-LED": "LED", "-BS": "-", "-Nachtab.": "-", "-Gerät-Datum": "1996-04-03", "-SB": "Germer", "-AP": "-", "-FG-Bem.": "-", "-VeloR.": "-", "-Bemerkung": "66.22 Drucksache ggf. Fußgängerführung neu" }, "geometry": { "type": "MultiPoint", "coordinates": [ [ 550124.489700000034645, 5806301.088000000454485 ] ] } },
{ "type": "Feature", "properties": { "No.": 564.0, "-Kreuzung": "Sutelstr. / Kugelfangtrift", "-Bezirk": "3", "-Art": "K", "-TK": "1", "-dv. FSA": "0", "-dv. 2-feld.": "0", "-VSR": "3", "-OCIT": "Kabel", "-LSA-Datum": "1976/04/21", "-Hersteller": "Yunex", "-Gerät": "C940ES", "-CKR-Nr.": "100017", "-LED": "LED ", "-BS": "BTAO", "-Nachtab.": "-", "-Gerät-Datum": "2022-04-04", "-SB": "Germer", "-AP": "-", "-FG-Bem.": "-", "-VeloR.": "-", "-Bemerkung": "  " }, "geometry": { "type": "MultiPoint", "coordinates": [ [ 554187.5381, 5807504.433000000193715 ] ] } },
{ "type": "Feature", "properties": { "No.": 46.0, "-Kreuzung": "Herrenhäuser Straße / Haltestelle Herrenhäuser Gärten", "-Bezirk": "12", "-Art": "F", "-TK": "1", "-dv. FSA": "1", "-dv. 2-feld.": "1", "-VSR": "6", "-OCIT": "-", "-LSA-Datum": "2000/01/28", "-Hersteller": "Yunex", "-Gerät": "C840ES", "-CKR-Nr.": "111089", "-LED": "LED", "-BS": "BTAO", "-Nachtab.": "Ja", "-Gerät-Datum": "2017-03-28", "-SB": "Riedel", "-AP": "-", "-FG-Bem.": "-", "-VeloR.": "VR12", "-Bemerkung": "OCIT Planung 2027" }, "geometry": { "type": "MultiPoint", "coordinates": [ [ 547564.359799999976531, 5804835.443 ] ] } },
{ "type": "Feature", "properties": { "No.": 172.0, "-Kreuzung": "Friedrichswall / Osterstr. + TK Friedrichswall / Trammplatz", "-Bezirk": "107", "-Art": "K", "-TK": "3", "-dv. FSA": "2", "-dv. 2-feld.": "0", "-VSR": "1", "-OCIT": "Kabel", "-LSA-Datum": "1968/09/12", "-Hersteller": "Yunex", "-Gerät": "sX", "-CKR-Nr.": "101031", "-LED": "LED", "-BS": "BTAO", "-Nachtab.": "-", "-Gerät-Datum": "2026-06-04", "-SB": "Sieber", "-AP": "Ja", "-FG-Bem.": "-", "-VeloR.": "CR, VR08", "-Bemerkung": "C-Roads, Smart City" }, "geometry": { "type": "MultiPoint", "coordinates": [ [ 550394.5418, 5802241.485000000335276 ] ] } },
{ "type": "Feature", "properties": { "No.": 159.0, "-Kreuzung": "Celler Straße / Herschelstraße", "-Bezirk": "1", "-Art": "K", "-TK": "1", "-dv. FSA": "0", "-dv. 2-feld.": "0", "-VSR": "1", "-OCIT": "Kabel", "-LSA-Datum": "1973/10/19", "-Hersteller": "Yunex", "-Gerät": "sX", "-CKR-Nr.": "100106", "-LED": "LED", "-BS": "BTAO", "-Nachtab.": "-", "-Gerät-Datum": "2023-10-30", "-SB": "Sieber", "-AP": "-", "-FG-Bem.": "-", "-VeloR.": "-", "-Bemerkung": "Smart City" }, "geometry": { "type": "MultiPoint", "coordinates": [ [ 550021.179099999950267, 5803584.640999999828637 ] ] } },
{ "type": "Feature", "properties": { "No.": 522.0, "-Kreuzung": "Voßstr. / Kriegerstr.  ", "-Bezirk": "2", "-Art": "K", "-TK": "1", "-dv. FSA": "0", "-dv. 2-feld.": "0", "-VSR": "3", "-OCIT": "-", "-LSA-Datum": "1973/04/11", "-Hersteller": "Yunex", "-Gerät": "C800V", "-CKR-Nr.": "110029", "-LED": "LED", "-BS": "BTAO", "-Nachtab.": "Ja", "-Gerät-Datum": "2012-09-06", "-SB": "Germer", "-AP": "-", "-FG-Bem.": "-", "-VeloR.": "-", "-Bemerkung": "  " }, "geometry": { "type": "MultiPoint", "coordinates": [ [ 550407.4693, 5804496.693 ] ] } },
{ "type": "Feature", "properties": { "No.": 462.0, "-Kreuzung": "Hildesheimer Str. / An der Wollebahn", "-Bezirk": "8", "-Art": "K", "-TK": "1", "-dv. FSA": "0", "-dv. 2-feld.": "0", "-VSR": "2", "-OCIT": "-", "-LSA-Datum": "1987/11/04", "-Hersteller": "Yunex", "-Gerät": "C800V", "-CKR-Nr.": "110121", "-LED": "LED", "-BS": "BTAO", "-Nachtab.": "-", "-Gerät-Datum": "2007-09-19", "-SB": "Lipp", "-AP": "-", "-FG-Bem.": "-", "-VeloR.": "-", "-Bemerkung": "  " }, "geometry": { "type": "MultiPoint", "coordinates": [ [ 552563.800799999968149, 5798567.504999999888241 ] ] } },
{ "type": "Feature", "properties": { "No.": 550.0, "-Kreuzung": "Eulenkamp / Posener Str.", "-Bezirk": "3", "-Art": "F", "-TK": "1", "-dv. FSA": "1", "-dv. 2-feld.": "0", "-VSR": "3", "-OCIT": "-", "-LSA-Datum": "1991/06/20", "-Hersteller": "Yunex", "-Gerät": "C840XS", "-CKR-Nr.": "110165", "-LED": "LED", "-BS": "BTAO", "-Nachtab.": "-", "-Gerät-Datum": "2016-01-02", "-SB": "Germer", "-AP": "-", "-FG-Bem.": "-", "-VeloR.": "VR03", "-Bemerkung": "  " }, "geometry": { "type": "MultiPoint", "coordinates": [ [ 553757.434699999983422, 5806762.923999999649823 ] ] } },
{ "type": "Feature", "properties": { "No.": 211.0, "-Kreuzung": "Richard-Lattorf-Str. / Tegtmeyerallee", "-Bezirk": "11", "-Art": "F", "-TK": "1", "-dv. FSA": "1", "-dv. 2-feld.": "1", "-VSR": "5", "-OCIT": "Kabel", "-LSA-Datum": "1984/11/01", "-Hersteller": "Swarco", "-Gerät": "Actros", "-CKR-Nr.": "-", "-LED": "LED", "-BS": "-", "-Nachtab.": "Ja", "-Gerät-Datum": "2017-03-08", "-SB": "Riedel", "-AP": "Ja", "-FG-Bem.": "-", "-VeloR.": "-", "-Bemerkung": null }, "geometry": { "type": "MultiPoint", "coordinates": [ [ 545180.663900000043213, 5803512.043999999761581 ] ] } },
{ "type": "Feature", "properties": { "No.": 464.0, "-Kreuzung": "Hildesheimer Str. / Bothmer Str.", "-Bezirk": "8", "-Art": "F", "-TK": "2", "-dv. FSA": "2", "-dv. 2-feld.": "2", "-VSR": "2", "-OCIT": "Kabel", "-LSA-Datum": "1987/09/22", "-Hersteller": "Swarco", "-Gerät": "Actros", "-CKR-Nr.": "-", "-LED": "LED", "-BS": "BTAO", "-Nachtab.": "-", "-Gerät-Datum": "2025-05-21", "-SB": "Lipp", "-AP": "Ja", "-FG-Bem.": "-", "-VeloR.": "-", "-Bemerkung": "  " }, "geometry": { "type": "MultiPoint", "coordinates": [ [ 552645.79949999996461, 5798419.706000000238419 ] ] } },
{ "type": "Feature", "properties": { "No.": 127.0, "-Kreuzung": "Ricklinger Stadtweg / Auf der Papenburg / Konrad-Hänisch-Straße", "-Bezirk": "9", "-Art": "K", "-TK": "1", "-dv. FSA": "0", "-dv. 2-feld.": "0", "-VSR": "4", "-OCIT": "Kabel", "-LSA-Datum": "2006/05/21", "-Hersteller": "Swarco", "-Gerät": "Actros", "-CKR-Nr.": "-", "-LED": "LED", "-BS": "BTAO", "-Nachtab.": "-", "-Gerät-Datum": "2021-08-31", "-SB": "Sieber", "-AP": "Ja", "-FG-Bem.": "-", "-VeloR.": "-", "-Bemerkung": null }, "geometry": { "type": "MultiPoint", "coordinates": [ [ 549257.587599999969825, 5800176.756 ] ] } },
{ "type": "Feature", "properties": { "No.": 518.0, "-Kreuzung": "Lister Straße / Waldstraße", "-Bezirk": "2", "-Art": "F", "-TK": "1", "-dv. FSA": "1", "-dv. 2-feld.": "0", "-VSR": "3", "-OCIT": "LTE", "-LSA-Datum": "2000/05/04", "-Hersteller": "Yunex", "-Gerät": "sX Compact-L", "-CKR-Nr.": "111056", "-LED": "LED", "-BS": "BTAO", "-Nachtab.": "Ja", "-Gerät-Datum": "2020-02-28", "-SB": "Germer", "-AP": "-", "-FG-Bem.": "-", "-VeloR.": "-", "-Bemerkung": "  " }, "geometry": { "type": "MultiPoint", "coordinates": [ [ 551174.43839999998454, 5804963.838999999687076 ] ] } },
{ "type": "Feature", "properties": { "No.": 157.0, "-Kreuzung": "Schulenburger Landstr. / Hansastr.", "-Bezirk": "13", "-Art": "K", "-TK": "1", "-dv. FSA": "0", "-dv. 2-feld.": "0", "-VSR": "1", "-OCIT": "Kabel", "-LSA-Datum": "1993/12/03", "-Hersteller": "Yunex", "-Gerät": "sX", "-CKR-Nr.": "110183", "-LED": "LED", "-BS": "-", "-Nachtab.": "-", "-Gerät-Datum": "2022-12-28", "-SB": "Germer", "-AP": "-", "-FG-Bem.": "-", "-VeloR.": "-", "-Bemerkung": "AM Blindensignalisierung" }, "geometry": { "type": "MultiPoint", "coordinates": [ [ 546973.895299999974668, 5808204.924999999813735 ] ] } },
{ "type": "Feature", "properties": { "No.": 223.0, "-Kreuzung": "Am Listholze/ Pastor-Jaeckel-Weg", "-Bezirk": "2", "-Art": "F", "-TK": "1", "-dv. FSA": "1", "-dv. 2-feld.": "1", "-VSR": "3", "-OCIT": "Kabel", "-LSA-Datum": "1988/11/02", "-Hersteller": "Yunex", "-Gerät": "sX", "-CKR-Nr.": "110137", "-LED": "LED", "-BS": "-", "-Nachtab.": "Ja", "-Gerät-Datum": "2023-10-16", "-SB": "Germer", "-AP": "-", "-FG-Bem.": "-", "-VeloR.": "JTR", "-Bemerkung": "  " }, "geometry": { "type": "MultiPoint", "coordinates": [ [ 551942.299099999945611, 5805878.24100000038743 ] ] } },
{ "type": "Feature", "properties": { "No.": 201.0, "-Kreuzung": "Tiergartenstr. / Bleekstr.", "-Bezirk": "6", "-Art": "F", "-TK": "2", "-dv. FSA": "2", "-dv. 2-feld.": "0", "-VSR": "3", "-OCIT": "-", "-LSA-Datum": "1965/07/23", "-Hersteller": "Yunex", "-Gerät": "C840ES", "-CKR-Nr.": "101003", "-LED": "LED", "-BS": "LOC-ID", "-Nachtab.": "-", "-Gerät-Datum": "2018-02-14", "-SB": "Leketas", "-AP": "-", "-FG-Bem.": "-", "-VeloR.": "-", "-Bemerkung": null }, "geometry": { "type": "MultiPoint", "coordinates": [ [ 555345.252100000041537, 5802060.627000000327826 ] ] } },
{ "type": "Feature", "properties": { "No.": 450.0, "-Kreuzung": "Sallstr./ Geibelstr.", "-Bezirk": "7", "-Art": "K", "-TK": "1", "-dv. FSA": "0", "-dv. 2-feld.": "0", "-VSR": "2", "-OCIT": "-", "-LSA-Datum": "1972/05/26", "-Hersteller": "Yunex", "-Gerät": "MS", "-CKR-Nr.": "110003", "-LED": "LED", "-BS": "BT", "-Nachtab.": "-", "-Gerät-Datum": "2001-06-09", "-SB": "Leketas", "-AP": "-", "-FG-Bem.": "-", "-VeloR.": "-", "-Bemerkung": "  " }, "geometry": { "type": "MultiPoint", "coordinates": [ [ 551702.815300000016578, 5801529.651999999769032 ] ] } },
{ "type": "Feature", "properties": { "No.": 593.0, "-Kreuzung": "Osterfelddamm / Nußriede", "-Bezirk": "4", "-Art": "F", "-TK": "1", "-dv. FSA": "1", "-dv. 2-feld.": "0", "-VSR": "3", "-OCIT": "-", "-LSA-Datum": "1990/01/29", "-Hersteller": "Swarco", "-Gerät": "Actros", "-CKR-Nr.": "-", "-LED": "LED", "-BS": "BTAO", "-Nachtab.": "Ja", "-Gerät-Datum": "2015-05-19", "-SB": "Leketas", "-AP": "-", "-FG-Bem.": "-", "-VeloR.": "-", "-Bemerkung": "  " }, "geometry": { "type": "MultiPoint", "coordinates": [ [ 555762.402400000020862, 5804775.125 ] ] } },
{ "type": "Feature", "properties": { "No.": 533.0, "-Kreuzung": "Podbielskistr. / Spannhagenstr.", "-Bezirk": "204", "-Art": "K", "-TK": "1", "-dv. FSA": "0", "-dv. 2-feld.": "0", "-VSR": "3", "-OCIT": "Kabel", "-LSA-Datum": "1970/04/20", "-Hersteller": "Yunex", "-Gerät": "sX", "-CKR-Nr.": "100107", "-LED": "LED", "-BS": "BTAO", "-Nachtab.": "-", "-Gerät-Datum": "2023-09-08", "-SB": "Germer", "-AP": "Ja", "-FG-Bem.": "-", "-VeloR.": "-", "-Bemerkung": "  " }, "geometry": { "type": "MultiPoint", "coordinates": [ [ 553140.464900000020862, 5805826.100999999791384 ] ] } },
{ "type": "Feature", "properties": { "No.": 714.0, "-Kreuzung": "Hermesallee / Ohr MSW West", "-Bezirk": "8", "-Art": "K", "-TK": "1", "-dv. FSA": "0", "-dv. 2-feld.": "0", "-VSR": "8", "-OCIT": "Kabel", "-LSA-Datum": "2000/05/11", "-Hersteller": "Swarco", "-Gerät": "Actros", "-CKR-Nr.": "-", "-LED": "LED", "-BS": "LOC-ID", "-Nachtab.": "-", "-Gerät-Datum": "2022-02-16", "-SB": "Lipp", "-AP": "-", "-FG-Bem.": "-", "-VeloR.": "-", "-Bemerkung": "  " }, "geometry": { "type": "MultiPoint", "coordinates": [ [ 555472.087199999950826, 5798267.502999999560416 ] ] } },
{ "type": "Feature", "properties": { "No.": 95.0, "-Kreuzung": "Göttinger Chaussee/Querspange B3/TK Stadtfriedhof Ricklingen", "-Bezirk": "9", "-Art": "K", "-TK": "3", "-dv. FSA": "2", "-dv. 2-feld.": "2", "-VSR": "4", "-OCIT": "Kabel", "-LSA-Datum": "2023/08/22", "-Hersteller": "Swarco", "-Gerät": "Actros", "-CKR-Nr.": "-", "-LED": "LED", "-BS": "BTAO", "-Nachtab.": "-", "-Gerät-Datum": "2023-08-22", "-SB": "Lipp", "-AP": "Ja", "-FG-Bem.": "-", "-VeloR.": "-", "-Bemerkung": null }, "geometry": { "type": "MultiPoint", "coordinates": [ [ 548842.82640000001993, 5798450.17 ] ] } },
{ "type": "Feature", "properties": { "No.": 261.0, "-Kreuzung": "Nienburger Str. / Schneiderberg", "-Bezirk": "13", "-Art": "K", "-TK": "3", "-dv. FSA": "1", "-dv. 2-feld.": "1", "-VSR": "6", "-OCIT": "Kabel", "-LSA-Datum": "1969/02/13", "-Hersteller": "Yunex", "-Gerät": "sX", "-CKR-Nr.": "100114", "-LED": "LED", "-BS": "BTAO", "-Nachtab.": "-", "-Gerät-Datum": "2026-04-01", "-SB": "Riedel", "-AP": "Ja", "-FG-Bem.": "Ja", "-VeloR.": "-", "-Bemerkung": "  " }, "geometry": { "type": "MultiPoint", "coordinates": [ [ 548442.764500000048429, 5804174.634999999776483 ] ] } },
{ "type": "Feature", "properties": { "No.": 156.0, "-Kreuzung": "Schulenburger Landstr. / Mecklenheidestr.", "-Bezirk": "102", "-Art": "K", "-TK": "1", "-dv. FSA": "0", "-dv. 2-feld.": "0", "-VSR": "1", "-OCIT": "Kabel", "-LSA-Datum": "1966/03/29", "-Hersteller": "Yunex", "-Gerät": "sX-H", "-CKR-Nr.": "100018", "-LED": "LED", "-BS": "BTAO", "-Nachtab.": "-", "-Gerät-Datum": "2023-12-28", "-SB": "Germer", "-AP": "Ja", "-FG-Bem.": "-", "-VeloR.": "-", "-Bemerkung": null }, "geometry": { "type": "MultiPoint", "coordinates": [ [ 547244.8286, 5807929.75800000037998 ] ] } },
{ "type": "Feature", "properties": { "No.": 132.0, "-Kreuzung": "Steintor / Georgstr./ Lange Laube", "-Bezirk": "1", "-Art": "K", "-TK": "2", "-dv. FSA": "0", "-dv. 2-feld.": "0", "-VSR": "1", "-OCIT": "Kabel", "-LSA-Datum": "1983/07/15", "-Hersteller": "Yunex", "-Gerät": "C920ESX", "-CKR-Nr.": "101161", "-LED": "LED", "-BS": "BTAO", "-Nachtab.": "-", "-Gerät-Datum": "2018-10-30", "-SB": "Sieber", "-AP": "-", "-FG-Bem.": "Ja", "-VeloR.": "VR12", "-Bemerkung": null }, "geometry": { "type": "MultiPoint", "coordinates": [ [ 549785.880800000042655, 5803030.984000000171363 ] ] } },
{ "type": "Feature", "properties": { "No.": 102.0, "-Kreuzung": "Schulenburger Landstr. / Fenskestr.", "-Bezirk": "13", "-Art": "K", "-TK": "2", "-dv. FSA": "1", "-dv. 2-feld.": "0", "-VSR": "1", "-OCIT": "Kabel", "-LSA-Datum": "1965/11/01", "-Hersteller": "Yunex", "-Gerät": "C940V", "-CKR-Nr.": "101004", "-LED": "LED", "-BS": "BTAO", "-Nachtab.": "-", "-Gerät-Datum": "2022-03-10", "-SB": "Germer", "-AP": "Ja", "-FG-Bem.": "-", "-VeloR.": "-", "-Bemerkung": null }, "geometry": { "type": "MultiPoint", "coordinates": [ [ 548827.366900000022724, 5805337.657999999821186 ] ] } },
{ "type": "Feature", "properties": { "No.": 488.0, "-Kreuzung": "Hildesheimer Str. / Am Brabrinke", "-Bezirk": "8", "-Art": "K", "-TK": "1", "-dv. FSA": "0", "-dv. 2-feld.": "0", "-VSR": "2", "-OCIT": "-", "-LSA-Datum": "1990/11/26", "-Hersteller": "Yunex", "-Gerät": "C800V", "-CKR-Nr.": "110162", "-LED": "LED", "-BS": "BTAO", "-Nachtab.": "-", "-Gerät-Datum": "2014-02-20", "-SB": "Lipp", "-AP": "-", "-FG-Bem.": "-", "-VeloR.": "VR08", "-Bemerkung": "  " }, "geometry": { "type": "MultiPoint", "coordinates": [ [ 553391.535299999988638, 5797280.08600000012666 ] ] } },
{ "type": "Feature", "properties": { "No.": 153.0, "-Kreuzung": "Industrieweg / Beneckeallee", "-Bezirk": "13", "-Art": "K", "-TK": "1", "-dv. FSA": "0", "-dv. 2-feld.": "0", "-VSR": "1", "-OCIT": "Kabel", "-LSA-Datum": "1995/12/06", "-Hersteller": "Yunex", "-Gerät": "sX", "-CKR-Nr.": "111003", "-LED": "LED", "-BS": "BTAO-in", "-Nachtab.": "-", "-Gerät-Datum": "2026-01-27", "-SB": "Germer", "-AP": "Ja", "-FG-Bem.": "-", "-VeloR.": "-", "-Bemerkung": null }, "geometry": { "type": "MultiPoint", "coordinates": [ [ 548149.2659, 5808092.021999999880791 ] ] } },
{ "type": "Feature", "properties": { "No.": 99.0, "-Kreuzung": "Engelbosteler Damm / Bhf. Nordstadt", "-Bezirk": "13", "-Art": "F", "-TK": "1", "-dv. FSA": "1", "-dv. 2-feld.": "0", "-VSR": "1", "-OCIT": "Kabel", "-LSA-Datum": "1999/12/15", "-Hersteller": "Swarco", "-Gerät": "Actros Alpha", "-CKR-Nr.": "-", "-LED": "LED", "-BS": "-", "-Nachtab.": "-", "-Gerät-Datum": "2020-10-28", "-SB": "Germer", "-AP": "-", "-FG-Bem.": "-", "-VeloR.": "-", "-Bemerkung": null }, "geometry": { "type": "MultiPoint", "coordinates": [ [ 548893.278799999970943, 5805076.342000000178814 ] ] } },
{ "type": "Feature", "properties": { "No.": 566.0, "-Kreuzung": "Misburger Straße / Rut-Bahlsen-Zentrum", "-Bezirk": "4", "-Art": "F", "-TK": "1", "-dv. FSA": "1", "-dv. 2-feld.": "0", "-VSR": "3", "-OCIT": "-", "-LSA-Datum": "2013/12/12", "-Hersteller": "Swarco", "-Gerät": "Actros", "-CKR-Nr.": "-", "-LED": "LED", "-BS": "BTAO", "-Nachtab.": "Ja", "-Gerät-Datum": "2013-12-04", "-SB": "Leketas", "-AP": "-", "-FG-Bem.": "-", "-VeloR.": "-", "-Bemerkung": "  " }, "geometry": { "type": "MultiPoint", "coordinates": [ [ 555875.6052, 5803910.974000000394881 ] ] } },
{ "type": "Feature", "properties": { "No.": 331.0, "-Kreuzung": "Prüßentrift / Am Rotdorn", "-Bezirk": "3", "-Art": "F", "-TK": "1", "-dv. FSA": "1", "-dv. 2-feld.": "1", "-VSR": "3", "-OCIT": "LTE", "-LSA-Datum": "1996/11/07", "-Hersteller": "Yunex", "-Gerät": "sX", "-CKR-Nr.": "111012", "-LED": "LED", "-BS": "BTAO", "-Nachtab.": "Ja", "-Gerät-Datum": "2022-06-09", "-SB": "Germer", "-AP": "-", "-FG-Bem.": "-", "-VeloR.": "-", "-Bemerkung": "  " }, "geometry": { "type": "MultiPoint", "coordinates": [ [ 554502.01769999996759, 5810114.326000000350177 ] ] } },
{ "type": "Feature", "properties": { "No.": 113.0, "-Kreuzung": "Wunstorfer Landstr./ Rosenbuschweg", "-Bezirk": "11", "-Art": "F", "-TK": "1", "-dv. FSA": "1", "-dv. 2-feld.": "1", "-VSR": "5", "-OCIT": "Kabel", "-LSA-Datum": "1977/06/03", "-Hersteller": "Swarco", "-Gerät": "Actros", "-CKR-Nr.": "-", "-LED": "LED", "-BS": "BTAO", "-Nachtab.": "Ja", "-Gerät-Datum": "2025-05-26", "-SB": "Riedel", "-AP": "Ja", "-FG-Bem.": "-", "-VeloR.": "-", "-Bemerkung": null }, "geometry": { "type": "MultiPoint", "coordinates": [ [ 545341.035599999944679, 5804004.822999999858439 ] ] } },
{ "type": "Feature", "properties": { "No.": 195.0, "-Kreuzung": "Vahrenwalder Str. / Niedersachsenring", "-Bezirk": "2", "-Art": "K", "-TK": "1", "-dv. FSA": "0", "-dv. 2-feld.": "0", "-VSR": "1", "-OCIT": "Kabel", "-LSA-Datum": "1966/03/18", "-Hersteller": "Yunex", "-Gerät": "sX", "-CKR-Nr.": "100142", "-LED": "LED", "-BS": "BTAO", "-Nachtab.": "-", "-Gerät-Datum": "2025-10-06", "-SB": "Germer", "-AP": "Ja", "-FG-Bem.": "Ja", "-VeloR.": "JTR", "-Bemerkung": null }, "geometry": { "type": "MultiPoint", "coordinates": [ [ 550077.203699999954551, 5805710.781000000424683 ] ] } },
{ "type": "Feature", "properties": { "No.": 290.0, "-Kreuzung": "Bischof-von-Ketteler-Straße / HBST Kurze-Kamp-Straße", "-Bezirk": "3", "-Art": "K", "-TK": "2", "-dv. FSA": "1", "-dv. 2-feld.": "1", "-VSR": "3", "-OCIT": "Kabel", "-LSA-Datum": "2023/01/25", "-Hersteller": "Yunex", "-Gerät": "sX", "-CKR-Nr.": "111032", "-LED": "LED", "-BS": "BTAO", "-Nachtab.": "-", "-Gerät-Datum": "2023-01-25", "-SB": "Germer", "-AP": "Ja", "-FG-Bem.": "-", "-VeloR.": "VR03", "-Bemerkung": "  " }, "geometry": { "type": "MultiPoint", "coordinates": [ [ 554218.1899, 5808105.786999999545515 ] ] } },
{ "type": "Feature", "properties": { "No.": 629.0, "-Kreuzung": "Limmerstraße / B6 (Rampe Ost)", "-Bezirk": "10", "-Art": "K", "-TK": "1", "-dv. FSA": "0", "-dv. 2-feld.": "0", "-VSR": "5", "-OCIT": "Kabel", "-LSA-Datum": "2003/07/15", "-Hersteller": "Yunex", "-Gerät": "sX", "-CKR-Nr.": "111108", "-LED": "LED", "-BS": "BTAO", "-Nachtab.": "-", "-Gerät-Datum": "2024-03-27", "-SB": "Riedel", "-AP": "Ja", "-FG-Bem.": "-", "-VeloR.": "-", "-Bemerkung": "  " }, "geometry": { "type": "MultiPoint", "coordinates": [ [ 547728.426899999962188, 5803018.286999999545515 ] ] } },
{ "type": "Feature", "properties": { "No.": 208.0, "-Kreuzung": "Berckhusenstr. / Schulze-Delitzsch-Str.", "-Bezirk": "4", "-Art": "F", "-TK": "1", "-dv. FSA": "1", "-dv. 2-feld.": "0", "-VSR": "2", "-OCIT": "LTE", "-LSA-Datum": "1967/03/17", "-Hersteller": "Yunex", "-Gerät": "C900V", "-CKR-Nr.": "100158", "-LED": "LED", "-BS": "BTAO", "-Nachtab.": "Ja", "-Gerät-Datum": "2020-08-20", "-SB": "Leketas", "-AP": "-", "-FG-Bem.": "-", "-VeloR.": "-", "-Bemerkung": null }, "geometry": { "type": "MultiPoint", "coordinates": [ [ 553856.109000000054948, 5802966.445000000298023 ] ] } },
{ "type": "Feature", "properties": { "No.": 249.0, "-Kreuzung": "Tiergartenstraße / Ostfeldstraße", "-Bezirk": "6", "-Art": "K", "-TK": "1", "-dv. FSA": "0", "-dv. 2-feld.": "0", "-VSR": "3", "-OCIT": "Kabel", "-LSA-Datum": "1989/10/05", "-Hersteller": "Swarco", "-Gerät": "Actros", "-CKR-Nr.": "-", "-LED": "LED", "-BS": "BTAO", "-Nachtab.": "-", "-Gerät-Datum": "2017-08-17", "-SB": "Lipp", "-AP": "-", "-FG-Bem.": "-", "-VeloR.": "-", "-Bemerkung": "  " }, "geometry": { "type": "MultiPoint", "coordinates": [ [ 557461.2217, 5801489.747999999672174 ] ] } },
{ "type": "Feature", "properties": { "No.": 512.0, "-Kreuzung": "Bödekerstr. / Hohenzollernstr.", "-Bezirk": "1", "-Art": "K", "-TK": "1", "-dv. FSA": "0", "-dv. 2-feld.": "0", "-VSR": "3", "-OCIT": "Kabel", "-LSA-Datum": "1978/11/02", "-Hersteller": "Yunex", "-Gerät": "sX-H", "-CKR-Nr.": "100067", "-LED": "LED", "-BS": "-", "-Nachtab.": "-", "-Gerät-Datum": "2026-07-01", "-SB": "Sieber", "-AP": "Ja", "-FG-Bem.": "-", "-VeloR.": "-", "-Bemerkung": "C-Roads" }, "geometry": { "type": "MultiPoint", "coordinates": [ [ 551328.516399999964051, 5803512.304999999701977 ] ] } },
{ "type": "Feature", "properties": { "No.": 434.0, "-Kreuzung": "Fernroder Str. / Rundestraße", "-Bezirk": "1", "-Art": "K", "-TK": "2", "-dv. FSA": "1", "-dv. 2-feld.": "0", "-VSR": "2", "-OCIT": "Kabel", "-LSA-Datum": "1977/02/16", "-Hersteller": "Swarco", "-Gerät": "Actros", "-CKR-Nr.": "-", "-LED": "LED", "-BS": "BTAO", "-Nachtab.": "-", "-Gerät-Datum": "2022-05-02", "-SB": "Sieber", "-AP": "-", "-FG-Bem.": "-", "-VeloR.": "-", "-Bemerkung": "  " }, "geometry": { "type": "MultiPoint", "coordinates": [ [ 550619.015600000042468, 5803238.341 ] ] } },
{ "type": "Feature", "properties": { "No.": 486.0, "-Kreuzung": "Hildesheimer Str. / Am Mittelfelde", "-Bezirk": "8", "-Art": "K", "-TK": "1", "-dv. FSA": "0", "-dv. 2-feld.": "0", "-VSR": "2", "-OCIT": "Kabel", "-LSA-Datum": "1972/04/29", "-Hersteller": "Yunex", "-Gerät": "C940V", "-CKR-Nr.": "110008", "-LED": "LED", "-BS": "BTAO", "-Nachtab.": "-", "-Gerät-Datum": "2016-06-16", "-SB": "Lipp", "-AP": "-", "-FG-Bem.": "-", "-VeloR.": "VR08", "-Bemerkung": "  " }, "geometry": { "type": "MultiPoint", "coordinates": [ [ 553119.741799999959767, 5797764.338999999687076 ] ] } },
{ "type": "Feature", "properties": { "No.": 416.0, "-Kreuzung": "Georgstr. / Baringstr.", "-Bezirk": "1", "-Art": "K", "-TK": "1", "-dv. FSA": "0", "-dv. 2-feld.": "0", "-VSR": "2", "-OCIT": "Kabel", "-LSA-Datum": "1986/08/20", "-Hersteller": "Swarco", "-Gerät": "Actros", "-CKR-Nr.": "-", "-LED": "LED", "-BS": "-", "-Nachtab.": "-", "-Gerät-Datum": "2017-03-06", "-SB": "Sieber", "-AP": "-", "-FG-Bem.": "-", "-VeloR.": "-", "-Bemerkung": "C-Roads" }, "geometry": { "type": "MultiPoint", "coordinates": [ [ 550481.67249999998603, 5802576.322999999858439 ] ] } },
{ "type": "Feature", "properties": { "No.": 718.0, "-Kreuzung": "Weltausstellungsallee / Eing.Nord-Ost", "-Bezirk": "8", "-Art": "F", "-TK": "1", "-dv. FSA": "1", "-dv. 2-feld.": "1", "-VSR": "8", "-OCIT": "Kabel", "-LSA-Datum": "2000/05/24", "-Hersteller": "Swarco", "-Gerät": "Actros", "-CKR-Nr.": "-", "-LED": "LED", "-BS": "LOC-ID", "-Nachtab.": "Ja", "-Gerät-Datum": "2021-06-25", "-SB": "Lipp", "-AP": "-", "-FG-Bem.": "-", "-VeloR.": "-", "-Bemerkung": "  " }, "geometry": { "type": "MultiPoint", "coordinates": [ [ 555578.4743, 5797952.771999999880791 ] ] } },
{ "type": "Feature", "properties": { "No.": 229.0, "-Kreuzung": "Humboldtstr. / Calenberger Str.", "-Bezirk": "1", "-Art": "K", "-TK": "3", "-dv. FSA": "0", "-dv. 2-feld.": "0", "-VSR": "1", "-OCIT": "Kabel", "-LSA-Datum": "1984/11/13", "-Hersteller": "Yunex", "-Gerät": "C920ES", "-CKR-Nr.": "110101", "-LED": "LED", "-BS": "BTAO", "-Nachtab.": "-", "-Gerät-Datum": "2020-10-16", "-SB": "Riedel", "-AP": "Ja", "-FG-Bem.": "Ja", "-VeloR.": "-", "-Bemerkung": "  " }, "geometry": { "type": "MultiPoint", "coordinates": [ [ 549234.945900000049733, 5802406.161999999545515 ] ] } },
{ "type": "Feature", "properties": { "No.": 168.0, "-Kreuzung": "Hamburger Allee / Welfenstr.", "-Bezirk": "102", "-Art": "F", "-TK": "1", "-dv. FSA": "1", "-dv. 2-feld.": "1", "-VSR": "1", "-OCIT": "Kabel", "-LSA-Datum": "1981/05/12", "-Hersteller": "Yunex", "-Gerät": "sX", "-CKR-Nr.": "101144", "-LED": "LED", "-BS": "BTAO", "-Nachtab.": "Ja", "-Gerät-Datum": "2022-06-22", "-SB": "Sieber", "-AP": "-", "-FG-Bem.": "-", "-VeloR.": "CR", "-Bemerkung": "Smart City" }, "geometry": { "type": "MultiPoint", "coordinates": [ [ 550103.1971, 5803995.928999999538064 ] ] } },
{ "type": "Feature", "properties": { "No.": 610.0, "-Kreuzung": "Davenstedter Str. / Carlo-Schmid-Allee", "-Bezirk": "11", "-Art": "K", "-TK": "1", "-dv. FSA": "0", "-dv. 2-feld.": "0", "-VSR": "4", "-OCIT": "Kabel", "-LSA-Datum": "1986/01/21", "-Hersteller": "Swarco", "-Gerät": "Actros", "-CKR-Nr.": "-", "-LED": "LED", "-BS": "BT", "-Nachtab.": "-", "-Gerät-Datum": "2008-12-09", "-SB": "Riedel", "-AP": "Ja", "-FG-Bem.": "-", "-VeloR.": "-", "-Bemerkung": "  " }, "geometry": { "type": "MultiPoint", "coordinates": [ [ 546176.842700000037439, 5801931.134999999776483 ] ] } },
{ "type": "Feature", "properties": { "No.": 554.0, "-Kreuzung": "Buchholzer Straße / Colshornweg", "-Bezirk": "5", "-Art": "K", "-TK": "1", "-dv. FSA": "0", "-dv. 2-feld.": "0", "-VSR": "3", "-OCIT": "Kabel", "-LSA-Datum": "2010/11/12", "-Hersteller": "Yunex", "-Gerät": "C940V", "-CKR-Nr.": "110132", "-LED": "LED", "-BS": "BTAO", "-Nachtab.": "-", "-Gerät-Datum": "2024-11-25", "-SB": "Leketas", "-AP": "Ja", "-FG-Bem.": "-", "-VeloR.": "-", "-Bemerkung": "  " }, "geometry": { "type": "MultiPoint", "coordinates": [ [ 556694.211699999985285, 5805703.654 ] ] } },
{ "type": "Feature", "properties": { "No.": 162.0, "-Kreuzung": "Brühlstr. / Otto-Brenner-Str./ Lange Laube", "-Bezirk": "1", "-Art": "K", "-TK": "2", "-dv. FSA": "1", "-dv. 2-feld.": "0", "-VSR": "1", "-OCIT": "Kabel", "-LSA-Datum": "1971/12/15", "-Hersteller": "Swarco", "-Gerät": "Actros", "-CKR-Nr.": "-", "-LED": "LED", "-BS": "BTAO", "-Nachtab.": "-", "-Gerät-Datum": "2022-07-19", "-SB": "Sieber", "-AP": "-", "-FG-Bem.": "-", "-VeloR.": "CR, VR12", "-Bemerkung": "Smart City" }, "geometry": { "type": "MultiPoint", "coordinates": [ [ 549436.099200000055134, 5803246.079 ] ] } },
{ "type": "Feature", "properties": { "No.": 451.0, "-Kreuzung": "Altenbekener Damm / Stresemannallee", "-Bezirk": "7", "-Art": "K", "-TK": "1", "-dv. FSA": "0", "-dv. 2-feld.": "0", "-VSR": "2", "-OCIT": "-", "-LSA-Datum": "1967/07/06", "-Hersteller": "Yunex", "-Gerät": "C800V", "-CKR-Nr.": "101019", "-LED": "LED", "-BS": "BT", "-Nachtab.": "Ja", "-Gerät-Datum": "2014-06-26", "-SB": "Leketas", "-AP": "-", "-FG-Bem.": "-", "-VeloR.": "-", "-Bemerkung": "  " }, "geometry": { "type": "MultiPoint", "coordinates": [ [ 551963.073100000037812, 5800995.682 ] ] } },
{ "type": "Feature", "properties": { "No.": 703.0, "-Kreuzung": "Kattenbrookstrift / Zufahrt LBS / Krügerskamp / Weinkampswende", "-Bezirk": "6", "-Art": "K", "-TK": "1", "-dv. FSA": "0", "-dv. 2-feld.": "0", "-VSR": "8", "-OCIT": "Kabel", "-LSA-Datum": "2000/02/18", "-Hersteller": "Yunex", "-Gerät": "sX", "-CKR-Nr.": "111042", "-LED": "LED", "-BS": "BTAO", "-Nachtab.": "-", "-Gerät-Datum": "2018-08-23", "-SB": "Lipp", "-AP": "-", "-FG-Bem.": "-", "-VeloR.": "-", "-Bemerkung": "  " }, "geometry": { "type": "MultiPoint", "coordinates": [ [ 556551.447200000053272, 5798504.417000000365078 ] ] } },
{ "type": "Feature", "properties": { "No.": 232.0, "-Kreuzung": "Kirchröder Str. / Anna-von-Borries-Straße  (Annastift) ehem. Heimchenstraße", "-Bezirk": "4", "-Art": "F", "-TK": "2", "-dv. FSA": "2", "-dv. 2-feld.": "2", "-VSR": "3", "-OCIT": "-", "-LSA-Datum": "1990/11/07", "-Hersteller": "Yunex", "-Gerät": "C840ES", "-CKR-Nr.": "110153", "-LED": "LED", "-BS": "BTAO", "-Nachtab.": "-", "-Gerät-Datum": "2017-04-04", "-SB": "Leketas", "-AP": "-", "-FG-Bem.": "-", "-VeloR.": "-", "-Bemerkung": "LHH Quartiersplanung" }, "geometry": { "type": "MultiPoint", "coordinates": [ [ 554961.081699999980628, 5802465.06900000013411 ] ] } },
{ "type": "Feature", "properties": { "No.": 22.0, "-Kreuzung": "Deisterplatz", "-Bezirk": "10", "-Art": "K", "-TK": "7", "-dv. FSA": "0", "-dv. 2-feld.": "0", "-VSR": "1", "-OCIT": "-", "-LSA-Datum": "1999/08/27", "-Hersteller": "Yunex", "-Gerät": "C840V", "-CKR-Nr.": "111045", "-LED": "LED", "-BS": "-", "-Nachtab.": "-", "-Gerät-Datum": "2015-08-25", "-SB": "Sieber", "-AP": "-", "-FG-Bem.": "-", "-VeloR.": "-", "-Bemerkung": "C-Roads" }, "geometry": { "type": "MultiPoint", "coordinates": [ [ 548617.722799999988638, 5801449.642 ] ] } },
{ "type": "Feature", "properties": { "No.": 487.0, "-Kreuzung": "Hildesheimer Str. / Wilkenburger Str.", "-Bezirk": "8", "-Art": "K", "-TK": "1", "-dv. FSA": "0", "-dv. 2-feld.": "0", "-VSR": "2", "-OCIT": "-", "-LSA-Datum": "1971/12/15", "-Hersteller": "Swarco", "-Gerät": "Actros", "-CKR-Nr.": "-", "-LED": "LED", "-BS": "BTAO", "-Nachtab.": "-", "-Gerät-Datum": "2016-05-11", "-SB": "Lipp", "-AP": "-", "-FG-Bem.": "-", "-VeloR.": "VR08", "-Bemerkung": "  " }, "geometry": { "type": "MultiPoint", "coordinates": [ [ 553319.25, 5797485.924999999813735 ] ] } },
{ "type": "Feature", "properties": { "No.": 473.0, "-Kreuzung": "Marienstr. / Am Südbahnhof", "-Bezirk": "7", "-Art": "F", "-TK": "1", "-dv. FSA": "1", "-dv. 2-feld.": "1", "-VSR": "2", "-OCIT": "Kabel", "-LSA-Datum": "1984/06/14", "-Hersteller": "Yunex", "-Gerät": "sX", "-CKR-Nr.": "101174", "-LED": "LED", "-BS": "BTAO", "-Nachtab.": "Ja", "-Gerät-Datum": "2025-01-08", "-SB": "Leketas", "-AP": "Ja", "-FG-Bem.": "-", "-VeloR.": "VR06", "-Bemerkung": "  " }, "geometry": { "type": "MultiPoint", "coordinates": [ [ 551659.699999999953434, 5802499.127000000327826 ] ] } },
{ "type": "Feature", "properties": { "No.": 621.0, "-Kreuzung": "Carlo-Schmid-Allee / Eichenbrink", "-Bezirk": "11", "-Art": "K", "-TK": "1", "-dv. FSA": "0", "-dv. 2-feld.": "0", "-VSR": "4", "-OCIT": "Kabel", "-LSA-Datum": "1991/10/16", "-Hersteller": "Yunex", "-Gerät": "sX-H", "-CKR-Nr.": "110174", "-LED": "LED", "-BS": "BT", "-Nachtab.": "-", "-Gerät-Datum": "2021-10-26", "-SB": "Riedel", "-AP": "Ja", "-FG-Bem.": "-", "-VeloR.": "-", "-Bemerkung": "  " }, "geometry": { "type": "MultiPoint", "coordinates": [ [ 546130.2561, 5802604.531000000424683 ] ] } },
{ "type": "Feature", "properties": { "No.": 479.0, "-Kreuzung": "Scheidestraße /Kleestraße", "-Bezirk": "4", "-Art": "K", "-TK": "1", "-dv. FSA": "0", "-dv. 2-feld.": "0", "-VSR": "2", "-OCIT": "Kabel", "-LSA-Datum": "1996/03/15", "-Hersteller": "Swarco", "-Gerät": "Actros", "-CKR-Nr.": "-", "-LED": "LED", "-BS": "BTAO", "-Nachtab.": "-", "-Gerät-Datum": "2019-11-30", "-SB": "Leketas", "-AP": "-", "-FG-Bem.": "-", "-VeloR.": "JTR", "-Bemerkung": "  " }, "geometry": { "type": "MultiPoint", "coordinates": [ [ 553266.945900000049733, 5802698.786000000312924 ] ] } },
{ "type": "Feature", "properties": { "No.": 133.0, "-Kreuzung": "Karmarschstr. / Leinstr.", "-Bezirk": "1", "-Art": "K", "-TK": "1", "-dv. FSA": "0", "-dv. 2-feld.": "0", "-VSR": "1", "-OCIT": "-", "-LSA-Datum": "1977/06/24", "-Hersteller": "Swarco", "-Gerät": "Actros", "-CKR-Nr.": "-", "-LED": "LED", "-BS": "BTAO", "-Nachtab.": "Ja", "-Gerät-Datum": "2006-05-09", "-SB": "Sieber", "-AP": "-", "-FG-Bem.": "-", "-VeloR.": "-", "-Bemerkung": null }, "geometry": { "type": "MultiPoint", "coordinates": [ [ 550039.892899999977089, 5802455.393000000156462 ] ] } },
{ "type": "Feature", "properties": { "No.": 702.0, "-Kreuzung": "Oheriedentrift / Wülferoder Straße / Kattenbrookstrift", "-Bezirk": "6", "-Art": "K", "-TK": "1", "-dv. FSA": "0", "-dv. 2-feld.": "0", "-VSR": "8", "-OCIT": "Kabel", "-LSA-Datum": "1998/12/16", "-Hersteller": "Yunex", "-Gerät": "C920ES", "-CKR-Nr.": "111033", "-LED": "LED", "-BS": "BTAO", "-Nachtab.": "-", "-Gerät-Datum": "2019-08-22", "-SB": "Lipp", "-AP": "-", "-FG-Bem.": "-", "-VeloR.": "-", "-Bemerkung": "Klimaschutzrichtlinie" }, "geometry": { "type": "MultiPoint", "coordinates": [ [ 556775.283199999947101, 5798986.798999999649823 ] ] } },
{ "type": "Feature", "properties": { "No.": 513.0, "-Kreuzung": "Lister Kirchweg / Mengendamm + Tk Trageweg (518)", "-Bezirk": "2", "-Art": "K", "-TK": "2", "-dv. FSA": "1", "-dv. 2-feld.": "1", "-VSR": "3", "-OCIT": "Kabel", "-LSA-Datum": "1969/09/16", "-Hersteller": "Yunex", "-Gerät": "C900V", "-CKR-Nr.": "100183", "-LED": "LED", "-BS": "-", "-Nachtab.": "-", "-Gerät-Datum": "2020-03-11", "-SB": "Germer", "-AP": "-", "-FG-Bem.": "-", "-VeloR.": "-", "-Bemerkung": "  " }, "geometry": { "type": "MultiPoint", "coordinates": [ [ 551582.0834, 5805359.048000000417233 ] ] } },
{ "type": "Feature", "properties": { "No.": 716.0, "-Kreuzung": "Emmy-Noether-Allee / Laatzener Straße", "-Bezirk": "608", "-Art": "K", "-TK": "1", "-dv. FSA": "0", "-dv. 2-feld.": "0", "-VSR": "8", "-OCIT": "-", "-LSA-Datum": "2000/05/28", "-Hersteller": "Yunex", "-Gerät": "MS", "-CKR-Nr.": "111058", "-LED": "LED", "-BS": "-", "-Nachtab.": "-", "-Gerät-Datum": "1999-05-15", "-SB": "Lipp", "-AP": "-", "-FG-Bem.": "-", "-VeloR.": "-", "-Bemerkung": "  " }, "geometry": { "type": "MultiPoint", "coordinates": [ [ 555850.440500000026077, 5798205.740000000223517 ] ] } },
{ "type": "Feature", "properties": { "No.": 613.0, "-Kreuzung": "Badenstedter Str. / Woermannstr. ", "-Bezirk": "11", "-Art": "K", "-TK": "1", "-dv. FSA": "0", "-dv. 2-feld.": "0", "-VSR": "4", "-OCIT": "Kabel", "-LSA-Datum": "1976/08/03", "-Hersteller": "Yunex", "-Gerät": "sX", "-CKR-Nr.": "100025", "-LED": "LED", "-BS": "BTAO", "-Nachtab.": "-", "-Gerät-Datum": "2023-03-16", "-SB": "Riedel", "-AP": "Ja", "-FG-Bem.": "-", "-VeloR.": "-", "-Bemerkung": "  " }, "geometry": { "type": "MultiPoint", "coordinates": [ [ 545741.1851, 5800814.754999999888241 ] ] } },
{ "type": "Feature", "properties": { "No.": 136.0, "-Kreuzung": "Vahrenwalder Str. / Hamburger Allee", "-Bezirk": "102", "-Art": "K", "-TK": "3", "-dv. FSA": "2", "-dv. 2-feld.": "2", "-VSR": "1", "-OCIT": "Kabel", "-LSA-Datum": "1984/09/06", "-Hersteller": "Swarco", "-Gerät": "Actros", "-CKR-Nr.": "-", "-LED": "LED", "-BS": "-", "-Nachtab.": "-", "-Gerät-Datum": "2022-08-02", "-SB": "Sieber", "-AP": "-", "-FG-Bem.": "-", "-VeloR.": "CR", "-Bemerkung": "Smart City" }, "geometry": { "type": "MultiPoint", "coordinates": [ [ 549944.903599999961443, 5804073.695000000298023 ] ] } },
{ "type": "Feature", "properties": { "No.": 417.0, "-Kreuzung": "Prinzenstraße / Schiffgraben", "-Bezirk": "1", "-Art": "K", "-TK": "1", "-dv. FSA": "0", "-dv. 2-feld.": "0", "-VSR": "2", "-OCIT": "Kabel", "-LSA-Datum": "1980/10/23", "-Hersteller": "Yunex", "-Gerät": "C900V", "-CKR-Nr.": "100191", "-LED": "LED", "-BS": "-", "-Nachtab.": "-", "-Gerät-Datum": "2019-08-29", "-SB": "Sieber", "-AP": "-", "-FG-Bem.": "-", "-VeloR.": "CR", "-Bemerkung": "C-Roads, Smart City" }, "geometry": { "type": "MultiPoint", "coordinates": [ [ 550656.8321, 5802637.644000000320375 ] ] } },
{ "type": "Feature", "properties": { "No.": 704.0, "-Kreuzung": "Kattenbrookstrift / Anbindung DVG", "-Bezirk": "6", "-Art": "K", "-TK": "1", "-dv. FSA": "0", "-dv. 2-feld.": "0", "-VSR": "8", "-OCIT": "Kabel", "-LSA-Datum": "2000/02/18", "-Hersteller": "Swarco", "-Gerät": "Actros", "-CKR-Nr.": "-", "-LED": "LED", "-BS": "-", "-Nachtab.": "-", "-Gerät-Datum": "2025-09-25", "-SB": "Lipp", "-AP": "Ja", "-FG-Bem.": "-", "-VeloR.": "-", "-Bemerkung": "Klimaschutzrichtlinie" }, "geometry": { "type": "MultiPoint", "coordinates": [ [ 556436.142800000030547, 5798267.637000000104308 ] ] } },
{ "type": "Feature", "properties": { "No.": 144.0, "-Kreuzung": "Leibnizufer / Calenberger Str. / Schloßstraße", "-Bezirk": "1", "-Art": "F", "-TK": "2", "-dv. FSA": "2", "-dv. 2-feld.": "2", "-VSR": "1", "-OCIT": "Kabel", "-LSA-Datum": "1969/10/01", "-Hersteller": "Yunex", "-Gerät": "sX", "-CKR-Nr.": "100177", "-LED": "LED", "-BS": "BTAO", "-Nachtab.": "Ja", "-Gerät-Datum": "2022-05-03", "-SB": "Sieber", "-AP": "-", "-FG-Bem.": "-", "-VeloR.": "CR", "-Bemerkung": "Smart City" }, "geometry": { "type": "MultiPoint", "coordinates": [ [ 549742.152200000011362, 5802536.600999999791384 ] ] } },
{ "type": "Feature", "properties": { "No.": 309.0, "-Kreuzung": "Tiergartenstr. / Albert-Schweitzer-Hof", "-Bezirk": "6", "-Art": "F", "-TK": "3", "-dv. FSA": "3", "-dv. 2-feld.": "2", "-VSR": "3", "-OCIT": "-", "-LSA-Datum": "1974/12/12", "-Hersteller": "Yunex", "-Gerät": "C840ES", "-CKR-Nr.": "110068", "-LED": "LED", "-BS": "LOC-ID", "-Nachtab.": "-", "-Gerät-Datum": "2014-12-10", "-SB": "Lipp", "-AP": "-", "-FG-Bem.": "-", "-VeloR.": "-", "-Bemerkung": "  " }, "geometry": { "type": "MultiPoint", "coordinates": [ [ 555826.789600000018254, 5801674.91399999987334 ] ] } },
{ "type": "Feature", "properties": { "No.": 599.0, "-Kreuzung": "Podbielskistraße / Raffaelstraße / Raabestraße", "-Bezirk": "2", "-Art": "K", "-TK": "1", "-dv. FSA": "0", "-dv. 2-feld.": "0", "-VSR": "3", "-OCIT": "Kabel", "-LSA-Datum": "1997/09/17", "-Hersteller": "Yunex", "-Gerät": "sX-L", "-CKR-Nr.": "111011", "-LED": "LED", "-BS": "BTAO", "-Nachtab.": "-", "-Gerät-Datum": "2024-01-04", "-SB": "Germer", "-AP": "Ja", "-FG-Bem.": "-", "-VeloR.": "JTR", "-Bemerkung": "  " }, "geometry": { "type": "MultiPoint", "coordinates": [ [ 552691.9041000000434, 5805627.315999999642372 ] ] } },
{ "type": "Feature", "properties": { "No.": 447.0, "-Kreuzung": "Berliner Allee / Marienstr.", "-Bezirk": "107", "-Art": "K", "-TK": "1", "-dv. FSA": "0", "-dv. 2-feld.": "0", "-VSR": "2", "-OCIT": "Kabel", "-LSA-Datum": "1977/10/20", "-Hersteller": "Yunex", "-Gerät": "C940V", "-CKR-Nr.": "100115", "-LED": "LED", "-BS": "BTAO", "-Nachtab.": "-", "-Gerät-Datum": "2022-07-20", "-SB": "Sieber", "-AP": "-", "-FG-Bem.": "-", "-VeloR.": "-", "-Bemerkung": "Smart City" }, "geometry": { "type": "MultiPoint", "coordinates": [ [ 551276.2831, 5802455.553999999538064 ] ] } },
{ "type": "Feature", "properties": { "No.": 49.0, "-Kreuzung": "Stöckener Str. / Leinhäuser Bahnhof inkl. Eilser Masch", "-Bezirk": "12", "-Art": "F", "-TK": "5", "-dv. FSA": "5", "-dv. 2-feld.": "5", "-VSR": "6", "-OCIT": "Kabel", "-LSA-Datum": "1980/02/13", "-Hersteller": "Swarco", "-Gerät": "Actros", "-CKR-Nr.": "-", "-LED": "LED", "-BS": "BTAO", "-Nachtab.": "-", "-Gerät-Datum": "2011-11-11", "-SB": "Teichert", "-AP": "Ja", "-FG-Bem.": "-", "-VeloR.": "-", "-Bemerkung": null }, "geometry": { "type": "MultiPoint", "coordinates": [ [ 546063.130099999951199, 5805333.502999999560416 ] ] } },
{ "type": "Feature", "properties": { "No.": 552.0, "-Kreuzung": "Karl-Wiechert-Allee / Haubergstr.", "-Bezirk": "4", "-Art": "K", "-TK": "1", "-dv. FSA": "0", "-dv. 2-feld.": "0", "-VSR": "3", "-OCIT": "-", "-LSA-Datum": "1979/11/30", "-Hersteller": "Swarco", "-Gerät": "Actros", "-CKR-Nr.": "-", "-LED": "LED", "-BS": "BTAO", "-Nachtab.": "-", "-Gerät-Datum": "2023-04-24", "-SB": "Leketas", "-AP": "-", "-FG-Bem.": "-", "-VeloR.": "-", "-Bemerkung": "  " }, "geometry": { "type": "MultiPoint", "coordinates": [ [ 554897.176199999987148, 5802712.605000000447035 ] ] } },
{ "type": "Feature", "properties": { "No.": 294.0, "-Kreuzung": "Jädekamp / Aral-Zufahrt / Conti-Zufahrt", "-Bezirk": "12", "-Art": "K", "-TK": "2", "-dv. FSA": "0", "-dv. 2-feld.": "0", "-VSR": "6", "-OCIT": "Kabel", "-LSA-Datum": "1995/09/20", "-Hersteller": "Yunex", "-Gerät": "sX", "-CKR-Nr.": "110187", "-LED": "LED", "-BS": "-", "-Nachtab.": "-", "-Gerät-Datum": "2024-05-03", "-SB": "Teichert", "-AP": "Ja", "-FG-Bem.": "-", "-VeloR.": "-", "-Bemerkung": "  " }, "geometry": { "type": "MultiPoint", "coordinates": [ [ 543321.389199999975972, 5807645.318 ] ] } },
{ "type": "Feature", "properties": { "No.": 100.0, "-Kreuzung": "Engelbosteler Damm / Haus 69", "-Bezirk": "13", "-Art": "F", "-TK": "1", "-dv. FSA": "1", "-dv. 2-feld.": "1", "-VSR": "1", "-OCIT": "-", "-LSA-Datum": "1973/06/07", "-Hersteller": "Yunex", "-Gerät": "C840ES", "-CKR-Nr.": "101153", "-LED": "LED", "-BS": "-", "-Nachtab.": "-", "-Gerät-Datum": "2017-03-18", "-SB": "Germer", "-AP": "-", "-FG-Bem.": "-", "-VeloR.": "-", "-Bemerkung": null }, "geometry": { "type": "MultiPoint", "coordinates": [ [ 549140.046500000054948, 5804556.239 ] ] } },
{ "type": "Feature", "properties": { "No.": 538.0, "-Kreuzung": "Klingerstr. / Guerickestr.", "-Bezirk": "4", "-Art": "F", "-TK": "1", "-dv. FSA": "1", "-dv. 2-feld.": "0", "-VSR": "3", "-OCIT": "Kabel", "-LSA-Datum": "1967/11/29", "-Hersteller": "Swarco", "-Gerät": "Actros Compact", "-CKR-Nr.": "-", "-LED": "LED", "-BS": "-", "-Nachtab.": "Ja", "-Gerät-Datum": "2022-08-16", "-SB": "Leketas", "-AP": "-", "-FG-Bem.": "-", "-VeloR.": "-", "-Bemerkung": "  " }, "geometry": { "type": "MultiPoint", "coordinates": [ [ 553910.31339999998454, 5805826.347 ] ] } },
{ "type": "Feature", "properties": { "No.": 602.0, "-Kreuzung": "Lindener Markt", "-Bezirk": "10", "-Art": "K", "-TK": "2", "-dv. FSA": "0", "-dv. 2-feld.": "0", "-VSR": "4", "-OCIT": "Kabel", "-LSA-Datum": "1982/03/18", "-Hersteller": "Yunex", "-Gerät": "sX", "-CKR-Nr.": "101151", "-LED": "LED", "-BS": "BTAO", "-Nachtab.": "-", "-Gerät-Datum": "2022-02-23", "-SB": "Sieber", "-AP": "Ja", "-FG-Bem.": "Ja", "-VeloR.": "-", "-Bemerkung": "C-Roads" }, "geometry": { "type": "MultiPoint", "coordinates": [ [ 548660.947700000018813, 5802051.393000000156462 ] ] } },
{ "type": "Feature", "properties": { "No.": 212.0, "-Kreuzung": "Heisterbergallee / Ehrhartstr. / FHH", "-Bezirk": "11", "-Art": "K", "-TK": "1", "-dv. FSA": "0", "-dv. 2-feld.": "0", "-VSR": "5", "-OCIT": "Kabel", "-LSA-Datum": "1988/11/04", "-Hersteller": "Yunex", "-Gerät": "C900V", "-CKR-Nr.": "110144", "-LED": "LED", "-BS": "BTAO", "-Nachtab.": "-", "-Gerät-Datum": "2019-02-05", "-SB": "Riedel", "-AP": "Ja", "-FG-Bem.": "-", "-VeloR.": "-", "-Bemerkung": null }, "geometry": { "type": "MultiPoint", "coordinates": [ [ 545772.146799999987707, 5803207.58600000012666 ] ] } },
{ "type": "Feature", "properties": { "No.": 218.0, "-Kreuzung": "Burgwedeler Str. / Varrelheide         ", "-Bezirk": "3", "-Art": "F", "-TK": "1", "-dv. FSA": "1", "-dv. 2-feld.": "0", "-VSR": "3", "-OCIT": "-", "-LSA-Datum": "2010/09/09", "-Hersteller": "Swarco", "-Gerät": "BTC 500", "-CKR-Nr.": "-", "-LED": "LED", "-BS": "-", "-Nachtab.": "Ja", "-Gerät-Datum": "2000-04-25", "-SB": "Germer", "-AP": "-", "-FG-Bem.": "-", "-VeloR.": "VR03", "-Bemerkung": "Wird im Zuge HBSt Fasanenkrug getauscht" }, "geometry": { "type": "MultiPoint", "coordinates": [ [ 554508.398700000019744, 5809380.987999999895692 ] ] } },
{ "type": "Feature", "properties": { "No.": 132.0, "-Kreuzung": "Steintor / Georgstr./ Lange Laube", "-Bezirk": "1", "-Art": "K", "-TK": "2", "-dv. FSA": "0", "-dv. 2-feld.": "0", "-VSR": "1", "-OCIT": "Kabel", "-LSA-Datum": "1983/07/15", "-Hersteller": "Yunex", "-Gerät": "C920ESX", "-CKR-Nr.": "101161", "-LED": "LED", "-BS": "BTAO", "-Nachtab.": "-", "-Gerät-Datum": "2018-10-30", "-SB": "Sieber", "-AP": "-", "-FG-Bem.": "Ja", "-VeloR.": "VR12", "-Bemerkung": null }, "geometry": { "type": "MultiPoint", "coordinates": [ [ 549821.599500000011176, 5803101.364 ] ] } },
{ "type": "Feature", "properties": { "No.": 87.0, "-Kreuzung": "Fenskestraße / Hüttenstraße / Voltmerstraße", "-Bezirk": "13", "-Art": "F", "-TK": "1", "-dv. FSA": "1", "-dv. 2-feld.": "1", "-VSR": "1", "-OCIT": "Kabel", "-LSA-Datum": "2019/04/01", "-Hersteller": "Yunex", "-Gerät": "C940ES", "-CKR-Nr.": "111098", "-LED": "LED", "-BS": "BTAO", "-Nachtab.": "-", "-Gerät-Datum": "2019-03-15", "-SB": "Germer", "-AP": "-", "-FG-Bem.": "-", "-VeloR.": "-", "-Bemerkung": null }, "geometry": { "type": "MultiPoint", "coordinates": [ [ 549000.507600000011735, 5805463.012000000104308 ] ] } },
{ "type": "Feature", "properties": { "No.": 537.0, "-Kreuzung": "Podbielskistr. / Klingerstraße / Eulenkamp", "-Bezirk": "204", "-Art": "K", "-TK": "1", "-dv. FSA": "0", "-dv. 2-feld.": "0", "-VSR": "3", "-OCIT": "Kabel", "-LSA-Datum": "1963/09/11", "-Hersteller": "Yunex", "-Gerät": "sX-H", "-CKR-Nr.": "100108", "-LED": "LED", "-BS": "BTAO", "-Nachtab.": "-", "-Gerät-Datum": "2025-07-31", "-SB": "Germer", "-AP": "Ja", "-FG-Bem.": "-", "-VeloR.": "VR03", "-Bemerkung": "  " }, "geometry": { "type": "MultiPoint", "coordinates": [ [ 553857.485699999961071, 5806160.798999999649823 ] ] } },
{ "type": "Feature", "properties": { "No.": 123.0, "-Kreuzung": "Ricklinger Stadtweg / Pfarrstr.", "-Bezirk": "9", "-Art": "K", "-TK": "3", "-dv. FSA": "2", "-dv. 2-feld.": "2", "-VSR": "4", "-OCIT": "Kabel", "-LSA-Datum": "1974/10/15", "-Hersteller": "Swarco", "-Gerät": "Actros", "-CKR-Nr.": "-", "-LED": "LED", "-BS": "BTAO", "-Nachtab.": "-", "-Gerät-Datum": "2022-10-23", "-SB": "Sieber", "-AP": "Ja", "-FG-Bem.": "-", "-VeloR.": "-", "-Bemerkung": null }, "geometry": { "type": "MultiPoint", "coordinates": [ [ 549318.441800000029616, 5799882.011 ] ] } },
{ "type": "Feature", "properties": { "No.": 560.0, "-Kreuzung": "Kugelfangtrift / Bahnstrift", "-Bezirk": "3", "-Art": "F", "-TK": "1", "-dv. FSA": "1", "-dv. 2-feld.": "0", "-VSR": "3", "-OCIT": "-", "-LSA-Datum": "1971/12/07", "-Hersteller": "Yunex", "-Gerät": "C840XS", "-CKR-Nr.": "110005", "-LED": "LED", "-BS": "BA", "-Nachtab.": "-", "-Gerät-Datum": "2007-03-29", "-SB": "Germer", "-AP": "-", "-FG-Bem.": "-", "-VeloR.": "-", "-Bemerkung": "  " }, "geometry": { "type": "MultiPoint", "coordinates": [ [ 552509.165700000012293, 5807736.701000000350177 ] ] } },
{ "type": "Feature", "properties": { "No.": 155.0, "-Kreuzung": "Schulenburger Landstr. / Vinnhorster Weg", "-Bezirk": "13", "-Art": "K", "-TK": "1", "-dv. FSA": "0", "-dv. 2-feld.": "0", "-VSR": "1", "-OCIT": "Kabel", "-LSA-Datum": "1980/10/13", "-Hersteller": "Yunex", "-Gerät": "sX", "-CKR-Nr.": "101124", "-LED": "LED", "-BS": "BTAO-in", "-Nachtab.": "-", "-Gerät-Datum": "2024-08-29", "-SB": "Germer", "-AP": "Ja", "-FG-Bem.": "-", "-VeloR.": "-", "-Bemerkung": null }, "geometry": { "type": "MultiPoint", "coordinates": [ [ 547602.5453, 5807568.337000000290573 ] ] } },
{ "type": "Feature", "properties": { "No.": 510.0, "-Kreuzung": "Podbielskistr. / Waldstr.", "-Bezirk": "2", "-Art": "K", "-TK": "1", "-dv. FSA": "0", "-dv. 2-feld.": "0", "-VSR": "3", "-OCIT": "Kabel", "-LSA-Datum": "1975/12/19", "-Hersteller": "Swarco", "-Gerät": "Actros", "-CKR-Nr.": "-", "-LED": "LED", "-BS": "BTAO", "-Nachtab.": "-", "-Gerät-Datum": "2022-09-08", "-SB": "Germer", "-AP": "-", "-FG-Bem.": "-", "-VeloR.": "-", "-Bemerkung": "  " }, "geometry": { "type": "MultiPoint", "coordinates": [ [ 551397.297799999942072, 5804829.06900000013411 ] ] } },
{ "type": "Feature", "properties": { "No.": 408.0, "-Kreuzung": "Lindemannallee / Menschingstr.", "-Bezirk": "7", "-Art": "K", "-TK": "1", "-dv. FSA": "0", "-dv. 2-feld.": "0", "-VSR": "2", "-OCIT": "Kabel", "-LSA-Datum": "1978/10/13", "-Hersteller": "Swarco", "-Gerät": "Actros Alpha", "-CKR-Nr.": "-", "-LED": "LED", "-BS": "-", "-Nachtab.": "-", "-Gerät-Datum": "2019-05-21", "-SB": "Leketas", "-AP": "-", "-FG-Bem.": "-", "-VeloR.": "-", "-Bemerkung": "  " }, "geometry": { "type": "MultiPoint", "coordinates": [ [ 552629.8123, 5801510.99199999962002 ] ] } },
{ "type": "Feature", "properties": { "No.": 174.0, "-Kreuzung": "Herschelstraße / Brüderstraße", "-Bezirk": "1", "-Art": "K", "-TK": "1", "-dv. FSA": "0", "-dv. 2-feld.": "0", "-VSR": "1", "-OCIT": "-", "-LSA-Datum": "2009/01/26", "-Hersteller": "Yunex", "-Gerät": "C840V", "-CKR-Nr.": "111076", "-LED": "LED", "-BS": "BTAO", "-Nachtab.": "Ja", "-Gerät-Datum": "2009-01-26", "-SB": "Sieber", "-AP": "-", "-FG-Bem.": "-", "-VeloR.": "-", "-Bemerkung": null }, "geometry": { "type": "MultiPoint", "coordinates": [ [ 550097.6923, 5803434.53000000026077 ] ] } },
{ "type": "Feature", "properties": { "No.": 604.0, "-Kreuzung": "Badenstedter Str. / Bartweg + TK Körtingsdorfer Weg", "-Bezirk": "1011", "-Art": "K", "-TK": "2", "-dv. FSA": "0", "-dv. 2-feld.": "0", "-VSR": "4", "-OCIT": "Kabel", "-LSA-Datum": "1999/05/31", "-Hersteller": "Yunex", "-Gerät": "sX", "-CKR-Nr.": "110096", "-LED": "LED", "-BS": "BTAO", "-Nachtab.": "-", "-Gerät-Datum": "2024-08-27", "-SB": "Riedel", "-AP": "Ja", "-FG-Bem.": "-", "-VeloR.": "-", "-Bemerkung": "  " }, "geometry": { "type": "MultiPoint", "coordinates": [ [ 546782.7881, 5801342.956000000238419 ] ] } },
{ "type": "Feature", "properties": { "No.": 294.0, "-Kreuzung": "Jädekamp / Aral-Zufahrt / Conti-Zufahrt", "-Bezirk": "12", "-Art": "K", "-TK": "2", "-dv. FSA": "0", "-dv. 2-feld.": "0", "-VSR": "6", "-OCIT": "Kabel", "-LSA-Datum": "1995/09/20", "-Hersteller": "Yunex", "-Gerät": "sX", "-CKR-Nr.": "110187", "-LED": "LED", "-BS": "-", "-Nachtab.": "-", "-Gerät-Datum": "2024-05-03", "-SB": "Teichert", "-AP": "Ja", "-FG-Bem.": "-", "-VeloR.": "-", "-Bemerkung": "  " }, "geometry": { "type": "MultiPoint", "coordinates": [ [ 543394.943399999989197, 5807645.582999999634922 ] ] } },
{ "type": "Feature", "properties": { "No.": 546.0, "-Kreuzung": "Buchholzer Straße / Schierholz, Quendelring", "-Bezirk": "5", "-Art": "K", "-TK": "2", "-dv. FSA": "1", "-dv. 2-feld.": "1", "-VSR": "3", "-OCIT": "Kabel", "-LSA-Datum": "-", "-Hersteller": "Yunex", "-Gerät": "C940V", "-CKR-Nr.": "110143", "-LED": "LED", "-BS": "BTAO", "-Nachtab.": "-", "-Gerät-Datum": "2024-12-16", "-SB": "Leketas", "-AP": "Ja", "-FG-Bem.": "-", "-VeloR.": "-", "-Bemerkung": "  " }, "geometry": { "type": "MultiPoint", "coordinates": [ [ 556547.487100000027567, 5805768.570000000298023 ] ] } },
{ "type": "Feature", "properties": { "No.": 112.0, "-Kreuzung": "Wunstorfer Landstr./ Richard-Lattorf-Str.", "-Bezirk": "11", "-Art": "K", "-TK": "1", "-dv. FSA": "0", "-dv. 2-feld.": "0", "-VSR": "5", "-OCIT": "Kabel", "-LSA-Datum": "1975/06/12", "-Hersteller": "Swarco", "-Gerät": "Actros", "-CKR-Nr.": "-", "-LED": "LED", "-BS": "BTAO", "-Nachtab.": "-", "-Gerät-Datum": "2011-11-03", "-SB": "Riedel", "-AP": "Ja", "-FG-Bem.": "-", "-VeloR.": "-", "-Bemerkung": null }, "geometry": { "type": "MultiPoint", "coordinates": [ [ 545178.747199999983422, 5804001.873999999836087 ] ] } },
{ "type": "Feature", "properties": { "No.": 595.0, "-Kreuzung": "Groß Buchholzer Straße / Roderbruchstraße", "-Bezirk": "4", "-Art": "K", "-TK": "1", "-dv. FSA": "0", "-dv. 2-feld.": "0", "-VSR": "3", "-OCIT": "Kabel", "-LSA-Datum": "2001/02/15", "-Hersteller": "Stührenberg", "-Gerät": "STM5", "-CKR-Nr.": "-", "-LED": "LED", "-BS": "LOC-ID", "-Nachtab.": "-", "-Gerät-Datum": "2025-09-19", "-SB": "Leketas", "-AP": "Ja", "-FG-Bem.": "-", "-VeloR.": "-", "-Bemerkung": "Klimaschutzrichtlinie" }, "geometry": { "type": "MultiPoint", "coordinates": [ [ 554592.7683, 5805658.984000000171363 ] ] } },
{ "type": "Feature", "properties": { "No.": 131.0, "-Kreuzung": "Steintor / Kurt-Schumacher-Str.", "-Bezirk": "1", "-Art": "K", "-TK": "1", "-dv. FSA": "0", "-dv. 2-feld.": "0", "-VSR": "1", "-OCIT": "Kabel", "-LSA-Datum": "1983/07/15", "-Hersteller": "Yunex", "-Gerät": "C920ES", "-CKR-Nr.": "101162", "-LED": "LED", "-BS": "BTAO", "-Nachtab.": "-", "-Gerät-Datum": "2018-10-30", "-SB": "Sieber", "-AP": "Ja", "-FG-Bem.": "-", "-VeloR.": "-", "-Bemerkung": null }, "geometry": { "type": "MultiPoint", "coordinates": [ [ 549839.062000000034459, 5803192.909 ] ] } },
{ "type": "Feature", "properties": { "No.": 135.0, "-Kreuzung": "Thielenplatz", "-Bezirk": "1", "-Art": "K", "-TK": "1", "-dv. FSA": "0", "-dv. 2-feld.": "0", "-VSR": "1", "-OCIT": "Kabel", "-LSA-Datum": "1969/01/10", "-Hersteller": "Yunex", "-Gerät": "C920ES", "-CKR-Nr.": "100135", "-LED": "LED", "-BS": "-", "-Nachtab.": "-", "-Gerät-Datum": "2020-03-09", "-SB": "Sieber", "-AP": "-", "-FG-Bem.": "-", "-VeloR.": "VR06", "-Bemerkung": "C-Roads" }, "geometry": { "type": "MultiPoint", "coordinates": [ [ 550665.328699999954551, 5802950.623999999836087 ] ] } },
{ "type": "Feature", "properties": { "No.": 519.0, "-Kreuzung": "Lister Kirchweg  / Bothfelder Str.    ", "-Bezirk": "2", "-Art": "K", "-TK": "1", "-dv. FSA": "0", "-dv. 2-feld.": "0", "-VSR": "3", "-OCIT": "Kabel", "-LSA-Datum": "1973/02/12", "-Hersteller": "Yunex", "-Gerät": "C920ES", "-CKR-Nr.": "110024", "-LED": "LED", "-BS": "-", "-Nachtab.": "Ja", "-Gerät-Datum": "2019-05-06", "-SB": "Germer", "-AP": "-", "-FG-Bem.": "-", "-VeloR.": "-", "-Bemerkung": "  " }, "geometry": { "type": "MultiPoint", "coordinates": [ [ 551764.4251, 5805340.617999999783933 ] ] } },
{ "type": "Feature", "properties": { "No.": 107.0, "-Kreuzung": "Schulenburger Landstr. / Mogelkenstr.", "-Bezirk": "13", "-Art": "K", "-TK": "1", "-dv. FSA": "0", "-dv. 2-feld.": "0", "-VSR": "1", "-OCIT": "Kabel", "-LSA-Datum": "2019/03/28", "-Hersteller": "Yunex", "-Gerät": "C900V", "-CKR-Nr.": "101163", "-LED": "LED", "-BS": "BTAO", "-Nachtab.": "-", "-Gerät-Datum": "2019-03-28", "-SB": "Germer", "-AP": "Ja", "-FG-Bem.": "-", "-VeloR.": "-", "-Bemerkung": null }, "geometry": { "type": "MultiPoint", "coordinates": [ [ 548107.9664000000339, 5806928.815999999642372 ] ] } },
{ "type": "Feature", "properties": { "No.": 457.0, "-Kreuzung": "Emmichplatz / Schiffgraben / Königstraße", "-Bezirk": "1", "-Art": "K", "-TK": "2", "-dv. FSA": "0", "-dv. 2-feld.": "0", "-VSR": "2", "-OCIT": "-", "-LSA-Datum": "1977/09/01", "-Hersteller": "Swarco", "-Gerät": "Actros", "-CKR-Nr.": "-", "-LED": "LED", "-BS": "BTAO", "-Nachtab.": "-", "-Gerät-Datum": "2005-10-14", "-SB": "Sieber", "-AP": "-", "-FG-Bem.": "-", "-VeloR.": "-", "-Bemerkung": "C-Roads" }, "geometry": { "type": "MultiPoint", "coordinates": [ [ 551236.763400000054389, 5803274.301 ] ] } },
{ "type": "Feature", "properties": { "No.": 532.0, "-Kreuzung": "Podbielskistr. / Pelikanstr.", "-Bezirk": "2", "-Art": "K", "-TK": "4", "-dv. FSA": "2", "-dv. 2-feld.": "2", "-VSR": "3", "-OCIT": "-", "-LSA-Datum": "1971/03/04", "-Hersteller": "Yunex", "-Gerät": "C840V", "-CKR-Nr.": "101077", "-LED": "LED", "-BS": "BTAO", "-Nachtab.": "-", "-Gerät-Datum": "2011-06-08", "-SB": "Germer", "-AP": "-", "-FG-Bem.": "-", "-VeloR.": "-", "-Bemerkung": "  " }, "geometry": { "type": "MultiPoint", "coordinates": [ [ 552483.941600000020117, 5805536.299999999813735 ] ] } },
{ "type": "Feature", "properties": { "No.": 327.0, "-Kreuzung": "Anderter Str. / Liebrechtstr.", "-Bezirk": "5", "-Art": "F", "-TK": "1", "-dv. FSA": "1", "-dv. 2-feld.": "1", "-VSR": "3", "-OCIT": "LTE", "-LSA-Datum": "1974/12/03", "-Hersteller": "Swarco", "-Gerät": "Actros", "-CKR-Nr.": "-", "-LED": "LED", "-BS": "BTAO", "-Nachtab.": "Ja", "-Gerät-Datum": "2017-08-30", "-SB": "Leketas", "-AP": "-", "-FG-Bem.": "-", "-VeloR.": "-", "-Bemerkung": "  " }, "geometry": { "type": "MultiPoint", "coordinates": [ [ 558756.543399999965914, 5802898.045 ] ] } },
{ "type": "Feature", "properties": { "No.": 143.0, "-Kreuzung": "Engelbosteler Damm / Arndtstr. / An der Christuskirche", "-Bezirk": "1", "-Art": "K", "-TK": "2", "-dv. FSA": "1", "-dv. 2-feld.": "0", "-VSR": "1", "-OCIT": "Kabel", "-LSA-Datum": "1973/06/07", "-Hersteller": "Yunex", "-Gerät": "C900", "-CKR-Nr.": "100143", "-LED": "LED", "-BS": "BTAO", "-Nachtab.": "-", "-Gerät-Datum": "2022-06-23", "-SB": "Sieber", "-AP": "-", "-FG-Bem.": "-", "-VeloR.": "CR", "-Bemerkung": "C-Roads, Smart City" }, "geometry": { "type": "MultiPoint", "coordinates": [ [ 549488.351299999980256, 5803682.727 ] ] } },
{ "type": "Feature", "properties": { "No.": 117.0, "-Kreuzung": "Blumenauer Straße / Gartenallee                       ", "-Bezirk": "10", "-Art": "K", "-TK": "1", "-dv. FSA": "0", "-dv. 2-feld.": "0", "-VSR": "1", "-OCIT": "-", "-LSA-Datum": "1975/11/10", "-Hersteller": "Yunex", "-Gerät": "C840V", "-CKR-Nr.": "110094", "-LED": "LED", "-BS": "BTAO", "-Nachtab.": "Ja", "-Gerät-Datum": "2007-12-06", "-SB": "Sieber", "-AP": "-", "-FG-Bem.": "-", "-VeloR.": "-", "-Bemerkung": "C-Roads" }, "geometry": { "type": "MultiPoint", "coordinates": [ [ 548894.85530000005383, 5802409.065999999642372 ] ] } },
{ "type": "Feature", "properties": { "No.": 465.0, "-Kreuzung": "Hildesheimer Str. / Garkenburgstr.", "-Bezirk": "8", "-Art": "K", "-TK": "1", "-dv. FSA": "0", "-dv. 2-feld.": "0", "-VSR": "2", "-OCIT": "-", "-LSA-Datum": "1987/11/17", "-Hersteller": "Yunex", "-Gerät": "C840V", "-CKR-Nr.": "101020", "-LED": "LED", "-BS": "BTAO", "-Nachtab.": "-", "-Gerät-Datum": "2011-08-03", "-SB": "Lipp", "-AP": "-", "-FG-Bem.": "-", "-VeloR.": "VR08", "-Bemerkung": "  " }, "geometry": { "type": "MultiPoint", "coordinates": [ [ 552736.232899999944493, 5798251.199 ] ] } },
{ "type": "Feature", "properties": { "No.": 154.0, "-Kreuzung": "Schulenburger Landstr. / Beneckeallee", "-Bezirk": "13", "-Art": "K", "-TK": "3", "-dv. FSA": "0", "-dv. 2-feld.": "0", "-VSR": "1", "-OCIT": "Kabel", "-LSA-Datum": "1980/10/13", "-Hersteller": "Yunex", "-Gerät": "sX", "-CKR-Nr.": "101123", "-LED": "LED", "-BS": "BTAO", "-Nachtab.": "-", "-Gerät-Datum": "2024-08-18", "-SB": "Germer", "-AP": "Ja", "-FG-Bem.": "-", "-VeloR.": "-", "-Bemerkung": null }, "geometry": { "type": "MultiPoint", "coordinates": [ [ 547781.932799999951385, 5807385.775000000372529 ] ] } },
{ "type": "Feature", "properties": { "No.": 66.0, "-Kreuzung": "Stelinger Straße / Abfahrt BAB A2", "-Bezirk": "12", "-Art": "K", "-TK": "1", "-dv. FSA": "0", "-dv. 2-feld.": "0", "-VSR": "6", "-OCIT": "-", "-LSA-Datum": "2000/05/30", "-Hersteller": "Yunex", "-Gerät": "MS", "-CKR-Nr.": "111060", "-LED": "LED", "-BS": "-", "-Nachtab.": "-", "-Gerät-Datum": "2000-05-30", "-SB": "Teichert", "-AP": "-", "-FG-Bem.": "-", "-VeloR.": "GR", "-Bemerkung": "Klimaschutzrichtlinie" }, "geometry": { "type": "MultiPoint", "coordinates": [ [ 544204.51300000003539, 5808382.341 ] ] } },
{ "type": "Feature", "properties": { "No.": 454.0, "-Kreuzung": "Bischofsholer Damm / Freundallee", "-Bezirk": "7", "-Art": "K", "-TK": "1", "-dv. FSA": "0", "-dv. 2-feld.": "0", "-VSR": "2", "-OCIT": "Kabel", "-LSA-Datum": "1972/06/01", "-Hersteller": "Yunex", "-Gerät": "sX", "-CKR-Nr.": "110010", "-LED": "LED", "-BS": "BTAO", "-Nachtab.": "-", "-Gerät-Datum": "2024-12-09", "-SB": "Leketas", "-AP": "Ja", "-FG-Bem.": "-", "-VeloR.": "VR06", "-Bemerkung": "  " }, "geometry": { "type": "MultiPoint", "coordinates": [ [ 552576.051899999962188, 5801908.299999999813735 ] ] } },
{ "type": "Feature", "properties": { "No.": 434.0, "-Kreuzung": "Fernroder Str. / Rundestraße", "-Bezirk": "1", "-Art": "K", "-TK": "2", "-dv. FSA": "1", "-dv. 2-feld.": "0", "-VSR": "2", "-OCIT": "Kabel", "-LSA-Datum": "1977/02/16", "-Hersteller": "Swarco", "-Gerät": "Actros", "-CKR-Nr.": "-", "-LED": "LED", "-BS": "BTAO", "-Nachtab.": "-", "-Gerät-Datum": "2022-05-02", "-SB": "Sieber", "-AP": "-", "-FG-Bem.": "-", "-VeloR.": "-", "-Bemerkung": "  " }, "geometry": { "type": "MultiPoint", "coordinates": [ [ 550652.617699999944307, 5803289.934000000357628 ] ] } },
{ "type": "Feature", "properties": { "No.": 23.0, "-Kreuzung": "Karl-Wiechert-Allee / Med. Hochschule", "-Bezirk": "4", "-Art": "F", "-TK": "2", "-dv. FSA": "2", "-dv. 2-feld.": "2", "-VSR": "3", "-OCIT": "-", "-LSA-Datum": "1972/03/30", "-Hersteller": "Yunex", "-Gerät": "sX-L", "-CKR-Nr.": "110004", "-LED": "LED", "-BS": "BTAO", "-Nachtab.": "Ja", "-Gerät-Datum": "2023-02-06", "-SB": "Leketas", "-AP": "-", "-FG-Bem.": "-", "-VeloR.": "-", "-Bemerkung": null }, "geometry": { "type": "MultiPoint", "coordinates": [ [ 555120.808300000033341, 5804086.199 ] ] } },
{ "type": "Feature", "properties": { "No.": 586.0, "-Kreuzung": "Baumschulenallee / Rotekreuzstr.", "-Bezirk": "4", "-Art": "K", "-TK": "1", "-dv. FSA": "0", "-dv. 2-feld.": "0", "-VSR": "3", "-OCIT": "-", "-LSA-Datum": "1989/04/13", "-Hersteller": "Yunex", "-Gerät": "C840ES", "-CKR-Nr.": "110148", "-LED": "LED", "-BS": "BTAO", "-Nachtab.": "Ja", "-Gerät-Datum": "2012-12-19", "-SB": "Leketas", "-AP": "-", "-FG-Bem.": "-", "-VeloR.": "-", "-Bemerkung": "  " }, "geometry": { "type": "MultiPoint", "coordinates": [ [ 555570.665200000046752, 5804084.639999999664724 ] ] } },
{ "type": "Feature", "properties": { "No.": 503.0, "-Kreuzung": "Celler Str. / Hallerstr.", "-Bezirk": "102", "-Art": "F", "-TK": "1", "-dv. FSA": "1", "-dv. 2-feld.": "0", "-VSR": "3", "-OCIT": "-", "-LSA-Datum": "1965/08/25", "-Hersteller": "Swarco", "-Gerät": "BTC 500", "-CKR-Nr.": "-", "-LED": "LED", "-BS": "-", "-Nachtab.": "Ja", "-Gerät-Datum": "1998-06-17", "-SB": "Germer", "-AP": "-", "-FG-Bem.": "-", "-VeloR.": "-", "-Bemerkung": "  " }, "geometry": { "type": "MultiPoint", "coordinates": [ [ 550483.277699999976903, 5804007.394999999552965 ] ] } },
{ "type": "Feature", "properties": { "No.": 411.0, "-Kreuzung": "Alte Döhrener Str./ Geibelstr.", "-Bezirk": "7", "-Art": "K", "-TK": "1", "-dv. FSA": "0", "-dv. 2-feld.": "0", "-VSR": "2", "-OCIT": "-", "-LSA-Datum": "1969/12/18", "-Hersteller": "Swarco", "-Gerät": "Actros", "-CKR-Nr.": "-", "-LED": "LED", "-BS": "BT", "-Nachtab.": "Ja", "-Gerät-Datum": "2007-03-07", "-SB": "Leketas", "-AP": "-", "-FG-Bem.": "-", "-VeloR.": "-", "-Bemerkung": "  " }, "geometry": { "type": "MultiPoint", "coordinates": [ [ 550969.078300000051968, 5801172.71 ] ] } },
{ "type": "Feature", "properties": { "No.": 308.0, "-Kreuzung": "Industrieweg / Walter-Bruch-Straße", "-Bezirk": "13", "-Art": "K", "-TK": "1", "-dv. FSA": "0", "-dv. 2-feld.": "0", "-VSR": "4", "-OCIT": "-", "-LSA-Datum": "2004/08/23", "-Hersteller": "Yunex", "-Gerät": "C800", "-CKR-Nr.": "111069", "-LED": "LED", "-BS": "-", "-Nachtab.": "-", "-Gerät-Datum": "2015-10-09", "-SB": "Germer", "-AP": "-", "-FG-Bem.": "-", "-VeloR.": "-", "-Bemerkung": "  " }, "geometry": { "type": "MultiPoint", "coordinates": [ [ 549617.568100000033155, 5808080.042000000365078 ] ] } },
{ "type": "Feature", "properties": { "No.": 215.0, "-Kreuzung": "Friedenauer Straße / Kanalbrücke (Engstelle)", "-Bezirk": "12", "-Art": "S", "-TK": "-", "-dv. FSA": "-", "-dv. 2-feld.": "-", "-VSR": "1", "-OCIT": "LTE", "-LSA-Datum": "2000/04/17", "-Hersteller": "Yunex", "-Gerät": "sX", "-CKR-Nr.": "111052", "-LED": "LED", "-BS": "-", "-Nachtab.": "-", "-Gerät-Datum": "2022-03-24", "-SB": "Germer", "-AP": "-", "-FG-Bem.": "-", "-VeloR.": "-", "-Bemerkung": null }, "geometry": { "type": "MultiPoint", "coordinates": [ [ 548860.613000000012107, 5807568.714999999850988 ] ] } },
{ "type": "Feature", "properties": { "No.": 282.0, "-Kreuzung": "Mecklenheidestr. / Verdener Str. ", "-Bezirk": "12", "-Art": "K", "-TK": "1", "-dv. FSA": "0", "-dv. 2-feld.": "0", "-VSR": "1", "-OCIT": "Kabel", "-LSA-Datum": "1982/05/13", "-Hersteller": "Swarco", "-Gerät": "Actros", "-CKR-Nr.": "-", "-LED": "LED", "-BS": "-", "-Nachtab.": "Ja", "-Gerät-Datum": "2023-11-30", "-SB": "Teichert", "-AP": "-", "-FG-Bem.": "-", "-VeloR.": "-", "-Bemerkung": "AM AP Werte, Video D21,D22" }, "geometry": { "type": "MultiPoint", "coordinates": [ [ 546345.587500000023283, 5807549.484000000171363 ] ] } },
{ "type": "Feature", "properties": { "No.": 182.0, "-Kreuzung": "Deisterstr. / Ricklinger Str.", "-Bezirk": "10", "-Art": "F", "-TK": "1", "-dv. FSA": "1", "-dv. 2-feld.": "1", "-VSR": "1", "-OCIT": "Kabel", "-LSA-Datum": "1972/12/21", "-Hersteller": "Yunex", "-Gerät": "sX", "-CKR-Nr.": "100113", "-LED": "LED", "-BS": "BTAO", "-Nachtab.": "-", "-Gerät-Datum": "2026-04-16", "-SB": "Riedel", "-AP": "Ja", "-FG-Bem.": "-", "-VeloR.": "-", "-Bemerkung": null }, "geometry": { "type": "MultiPoint", "coordinates": [ [ 548988.171199999982491, 5802014.815000000409782 ] ] } },
{ "type": "Feature", "properties": { "No.": 63.0, "-Kreuzung": "Stelinger Straße / Hansastraße", "-Bezirk": "12", "-Art": "K", "-TK": "1", "-dv. FSA": "0", "-dv. 2-feld.": "0", "-VSR": "6", "-OCIT": "Kabel", "-LSA-Datum": "2000/05/29", "-Hersteller": "Stührenberg", "-Gerät": "STM5", "-CKR-Nr.": "-", "-LED": "LED", "-BS": "BTAO", "-Nachtab.": "-", "-Gerät-Datum": "2025-04-15", "-SB": "Teichert", "-AP": "Ja", "-FG-Bem.": "-", "-VeloR.": "-", "-Bemerkung": null }, "geometry": { "type": "MultiPoint", "coordinates": [ [ 544299.357599999988452, 5807907.072999999858439 ] ] } },
{ "type": "Feature", "properties": { "No.": 600.0, "-Kreuzung": "Sahlkamp / Hoppelweg", "-Bezirk": "3", "-Art": "F", "-TK": "1", "-dv. FSA": "1", "-dv. 2-feld.": "1", "-VSR": "3", "-OCIT": "Kabel", "-LSA-Datum": "2015/08/27", "-Hersteller": "Swarco", "-Gerät": "Actros", "-CKR-Nr.": "-", "-LED": "LED", "-BS": "BTAO", "-Nachtab.": "-", "-Gerät-Datum": "2025-06-18", "-SB": "Germer", "-AP": "Ja", "-FG-Bem.": "-", "-VeloR.": "-", "-Bemerkung": "  " }, "geometry": { "type": "MultiPoint", "coordinates": [ [ 552861.478200000012293, 5806950.03899999987334 ] ] } },
{ "type": "Feature", "properties": { "No.": 4.0, "-Kreuzung": "Bischofsholer Damm / Am Südbahnhof", "-Bezirk": "7", "-Art": "K", "-TK": "1", "-dv. FSA": "0", "-dv. 2-feld.": "0", "-VSR": "2", "-OCIT": "Kabel", "-LSA-Datum": "1986/05/20", "-Hersteller": "Yunex", "-Gerät": "sX", "-CKR-Nr.": "110112", "-LED": "LED", "-BS": "BTAO", "-Nachtab.": "Ja", "-Gerät-Datum": "2022-07-26", "-SB": "Leketas", "-AP": "Ja", "-FG-Bem.": "-", "-VeloR.": "VR06", "-Bemerkung": "Veloroute AM" }, "geometry": { "type": "MultiPoint", "coordinates": [ [ 551991.754199999966659, 5802342.673000000417233 ] ] } },
{ "type": "Feature", "properties": { "No.": 166.0, "-Kreuzung": "Goethestr./Leibnizufer + FSA Clemensstr. (18.12.97)", "-Bezirk": "1", "-Art": "K", "-TK": "3", "-dv. FSA": "2", "-dv. 2-feld.": "0", "-VSR": "1", "-OCIT": "Kabel", "-LSA-Datum": "1969/04/26", "-Hersteller": "Yunex", "-Gerät": "C920ES", "-CKR-Nr.": "100105", "-LED": "LED", "-BS": "BTAO", "-Nachtab.": "-", "-Gerät-Datum": "2018-10-24", "-SB": "Sieber", "-AP": "Ja", "-FG-Bem.": "-", "-VeloR.": "CR", "-Bemerkung": "Smart City" }, "geometry": { "type": "MultiPoint", "coordinates": [ [ 549637.13890000001993, 5802766.014999999664724 ] ] } },
{ "type": "Feature", "properties": { "No.": 511.0, "-Kreuzung": "Walderseestr. / Burckardtstr.", "-Bezirk": "102", "-Art": "K", "-TK": "1", "-dv. FSA": "0", "-dv. 2-feld.": "0", "-VSR": "3", "-OCIT": "Kabel", "-LSA-Datum": "1965/01/08", "-Hersteller": "Swarco", "-Gerät": "Actros", "-CKR-Nr.": "-", "-LED": "LED", "-BS": "-", "-Nachtab.": "-", "-Gerät-Datum": "2022-09-15", "-SB": "Leketas", "-AP": "-", "-FG-Bem.": "-", "-VeloR.": "VR03", "-Bemerkung": "  " }, "geometry": { "type": "MultiPoint", "coordinates": [ [ 551344.74800000002142, 5804640.628999999724329 ] ] } },
{ "type": "Feature", "properties": { "No.": 193.0, "-Kreuzung": "Vahrenwalder Str. / Gr. Kolonnenweg", "-Bezirk": "2", "-Art": "K", "-TK": "3", "-dv. FSA": "2", "-dv. 2-feld.": "0", "-VSR": "1", "-OCIT": "Kabel", "-LSA-Datum": "1978/10/24", "-Hersteller": "Yunex", "-Gerät": "sX-V", "-CKR-Nr.": "100190", "-LED": "LED", "-BS": "LOC-ID", "-Nachtab.": "-", "-Gerät-Datum": "2021-04-19", "-SB": "Germer", "-AP": "-", "-FG-Bem.": "-", "-VeloR.": "-", "-Bemerkung": null }, "geometry": { "type": "MultiPoint", "coordinates": [ [ 550047.8334, 5806000.546 ] ] } },
{ "type": "Feature", "properties": { "No.": 303.0, "-Kreuzung": "Göttinger Str. / Hanomag   ", "-Bezirk": "10", "-Art": "F", "-TK": "1", "-dv. FSA": "1", "-dv. 2-feld.": "0", "-VSR": "1", "-OCIT": "Kabel", "-LSA-Datum": "1972/01/21", "-Hersteller": "Swarco", "-Gerät": "Actros", "-CKR-Nr.": "-", "-LED": "LED", "-BS": "BTAO", "-Nachtab.": "Ja", "-Gerät-Datum": "2023-10-12", "-SB": "Riedel", "-AP": "Ja", "-FG-Bem.": "-", "-VeloR.": "-", "-Bemerkung": "  " }, "geometry": { "type": "MultiPoint", "coordinates": [ [ 548753.728200000012293, 5801204.057 ] ] } },
{ "type": "Feature", "properties": { "No.": 253.0, "-Kreuzung": "Emslandstr. / Wülfeler Str.", "-Bezirk": "6", "-Art": "K", "-TK": "1", "-dv. FSA": "0", "-dv. 2-feld.": "0", "-VSR": "8", "-OCIT": "-", "-LSA-Datum": "1987/10/01", "-Hersteller": "Swarco", "-Gerät": "Actros", "-CKR-Nr.": "-", "-LED": "LED", "-BS": "BT", "-Nachtab.": "Ja", "-Gerät-Datum": "2007-03-06", "-SB": "Lipp", "-AP": "-", "-FG-Bem.": "-", "-VeloR.": "-", "-Bemerkung": "  " }, "geometry": { "type": "MultiPoint", "coordinates": [ [ 555974.4055, 5799085.049999999813735 ] ] } },
{ "type": "Feature", "properties": { "No.": 145.0, "-Kreuzung": "Philipsbornstr. / Kopernikusstr.", "-Bezirk": "2", "-Art": "K", "-TK": "1", "-dv. FSA": "0", "-dv. 2-feld.": "0", "-VSR": "1", "-OCIT": "Kabel", "-LSA-Datum": "1967/12/13", "-Hersteller": "Swarco", "-Gerät": "Actros", "-CKR-Nr.": "-", "-LED": "LED", "-BS": "-", "-Nachtab.": "-", "-Gerät-Datum": "2026-01-26", "-SB": "Sieber", "-AP": "-", "-FG-Bem.": "-", "-VeloR.": "-", "-Bemerkung": "C-Roads" }, "geometry": { "type": "MultiPoint", "coordinates": [ [ 549722.406199999968521, 5804811.389999999664724 ] ] } },
{ "type": "Feature", "properties": { "No.": 531.0, "-Kreuzung": "Podbielskistr. / Am Listholze", "-Bezirk": "2", "-Art": "K", "-TK": "1", "-dv. FSA": "0", "-dv. 2-feld.": "0", "-VSR": "3", "-OCIT": "Kabel", "-LSA-Datum": "1973/06/28", "-Hersteller": "Yunex", "-Gerät": "sX", "-CKR-Nr.": "110027", "-LED": "LED", "-BS": "BTAO", "-Nachtab.": "-", "-Gerät-Datum": "2023-03-06", "-SB": "Germer", "-AP": "Ja", "-FG-Bem.": "-", "-VeloR.": "-", "-Bemerkung": "  " }, "geometry": { "type": "MultiPoint", "coordinates": [ [ 552024.624900000053458, 5805324.104000000283122 ] ] } },
{ "type": "Feature", "properties": { "No.": 709.0, "-Kreuzung": "Weltausstellungsallee / Stockholmer Allee", "-Bezirk": "8", "-Art": "K", "-TK": "1", "-dv. FSA": "1", "-dv. 2-feld.": "0", "-VSR": "8", "-OCIT": "Kabel", "-LSA-Datum": "2000/03/28", "-Hersteller": "Swarco", "-Gerät": "Actros", "-CKR-Nr.": "-", "-LED": "LED", "-BS": "LOC-ID", "-Nachtab.": "-", "-Gerät-Datum": "2021-06-25", "-SB": "Lipp", "-AP": "-", "-FG-Bem.": "-", "-VeloR.": "-", "-Bemerkung": "  " }, "geometry": { "type": "MultiPoint", "coordinates": [ [ 555657.5847, 5797718.61600000038743 ] ] } },
{ "type": "Feature", "properties": { "No.": 410.0, "-Kreuzung": "Alte Döhrener Str./ Bürgermeister-Fink-Str.", "-Bezirk": "7", "-Art": "K", "-TK": "1", "-dv. FSA": "0", "-dv. 2-feld.": "0", "-VSR": "2", "-OCIT": "-", "-LSA-Datum": "1979/08/08", "-Hersteller": "Swarco", "-Gerät": "Actros", "-CKR-Nr.": "-", "-LED": "LED", "-BS": "-", "-Nachtab.": "Ja", "-Gerät-Datum": "2007-03-07", "-SB": "Leketas", "-AP": "-", "-FG-Bem.": "-", "-VeloR.": "-", "-Bemerkung": "keine weiteren Maßnahmen (sofern nicht nötig)" }, "geometry": { "type": "MultiPoint", "coordinates": [ [ 550836.8149, 5801482.58600000012666 ] ] } },
{ "type": "Feature", "properties": { "No.": 200.0, "-Kreuzung": "Vinnhorster Weg / Am Herrenhäuser Bahnhof", "-Bezirk": "12", "-Art": "K", "-TK": "1", "-dv. FSA": "0", "-dv. 2-feld.": "0", "-VSR": "6", "-OCIT": "-", "-LSA-Datum": "1999/01/25", "-Hersteller": "Yunex", "-Gerät": "MS", "-CKR-Nr.": "111030", "-LED": "LED", "-BS": "-", "-Nachtab.": "-", "-Gerät-Datum": "1998-12-15", "-SB": "Teichert", "-AP": "-", "-FG-Bem.": "-", "-VeloR.": "VR12", "-Bemerkung": null }, "geometry": { "type": "MultiPoint", "coordinates": [ [ 547126.923199999961071, 5805590.304999999701977 ] ] } },
{ "type": "Feature", "properties": { "No.": 193.0, "-Kreuzung": "Vahrenwalder Str. / Gr. Kolonnenweg", "-Bezirk": "2", "-Art": "K", "-TK": "3", "-dv. FSA": "2", "-dv. 2-feld.": "0", "-VSR": "1", "-OCIT": "Kabel", "-LSA-Datum": "1978/10/24", "-Hersteller": "Yunex", "-Gerät": "sX-V", "-CKR-Nr.": "100190", "-LED": "LED", "-BS": "LOC-ID", "-Nachtab.": "-", "-Gerät-Datum": "2021-04-19", "-SB": "Germer", "-AP": "-", "-FG-Bem.": "-", "-VeloR.": "-", "-Bemerkung": null }, "geometry": { "type": "MultiPoint", "coordinates": [ [ 550027.989700000034645, 5806179.404 ] ] } },
{ "type": "Feature", "properties": { "No.": 553.0, "-Kreuzung": "Karl-Wiechert-Allee / Kirchröder Str.", "-Bezirk": "4", "-Art": "K", "-TK": "2", "-dv. FSA": "1", "-dv. 2-feld.": "1", "-VSR": "3", "-OCIT": "Kabel", "-LSA-Datum": "1979/11/01", "-Hersteller": "Yunex", "-Gerät": "sX", "-CKR-Nr.": "100094", "-LED": "LED", "-BS": "BTAO", "-Nachtab.": "-", "-Gerät-Datum": "2022-03-02", "-SB": "Leketas", "-AP": "Ja", "-FG-Bem.": "-", "-VeloR.": "-", "-Bemerkung": "  " }, "geometry": { "type": "MultiPoint", "coordinates": [ [ 554787.900999999954365, 5802548.599999999627471 ] ] } },
{ "type": "Feature", "properties": { "No.": 265.0, "-Kreuzung": "Garbsener Landstraße / Klosterschänke", "-Bezirk": "12", "-Art": "F", "-TK": "1", "-dv. FSA": "1", "-dv. 2-feld.": "0", "-VSR": "6", "-OCIT": "LTE", "-LSA-Datum": "2008/10/14", "-Hersteller": "Yunex", "-Gerät": "sX", "-CKR-Nr.": "111110", "-LED": "LED", "-BS": "BTAO", "-Nachtab.": "Ja", "-Gerät-Datum": "2025-06-23", "-SB": "Teichert", "-AP": "Ja", "-FG-Bem.": "-", "-VeloR.": "-", "-Bemerkung": "  " }, "geometry": { "type": "MultiPoint", "coordinates": [ [ 542747.472100000013597, 5806698.846 ] ] } },
{ "type": "Feature", "properties": { "No.": 177.0, "-Kreuzung": "Lavesallee / Gustav-Bratke-Allee / Am Waterlooplatz", "-Bezirk": "1", "-Art": "K", "-TK": "3", "-dv. FSA": "1", "-dv. 2-feld.": "0", "-VSR": "1", "-OCIT": "Kabel", "-LSA-Datum": "1971/04/01", "-Hersteller": "Yunex", "-Gerät": "C920ES", "-CKR-Nr.": "101074", "-LED": "LED", "-BS": "BTAO", "-Nachtab.": "-", "-Gerät-Datum": "2020-04-16", "-SB": "Riedel", "-AP": "Ja", "-FG-Bem.": "-", "-VeloR.": "-", "-Bemerkung": null }, "geometry": { "type": "MultiPoint", "coordinates": [ [ 549460.385499999974854, 5801994.200000000186265 ] ] } },
{ "type": "Feature", "properties": { "No.": 495.0, "-Kreuzung": "Bemeroder Straße / Seelhorster Garten", "-Bezirk": "6", "-Art": "K", "-TK": "1", "-dv. FSA": "0", "-dv. 2-feld.": "0", "-VSR": "8", "-OCIT": "Kabel", "-LSA-Datum": "1999/11/09", "-Hersteller": "Swarco", "-Gerät": "Actros", "-CKR-Nr.": "-", "-LED": "LED", "-BS": "BTAO", "-Nachtab.": "-", "-Gerät-Datum": "2025-11-24", "-SB": "Lipp", "-AP": "Ja", "-FG-Bem.": "-", "-VeloR.": "VR06", "-Bemerkung": "  " }, "geometry": { "type": "MultiPoint", "coordinates": [ [ 555276.527299999957904, 5800068.892 ] ] } },
{ "type": "Feature", "properties": { "No.": 27.0, "-Kreuzung": "Herrenhäuser Str. / Böttcherstr.", "-Bezirk": "12", "-Art": "F", "-TK": "2", "-dv. FSA": "2", "-dv. 2-feld.": "0", "-VSR": "6", "-OCIT": "Kabel", "-LSA-Datum": "1976/03/16", "-Hersteller": "Yunex", "-Gerät": "sX", "-CKR-Nr.": "100001", "-LED": "LED", "-BS": "BTAO", "-Nachtab.": "-", "-Gerät-Datum": "2026-07-09", "-SB": "Riedel", "-AP": "Ja", "-FG-Bem.": "-", "-VeloR.": "-", "-Bemerkung": null }, "geometry": { "type": "MultiPoint", "coordinates": [ [ 546950.1692, 5804925.79 ] ] } },
{ "type": "Feature", "properties": { "No.": 275.0, "-Kreuzung": "Buchholzer Str. / Am Forstkampe", "-Bezirk": "5", "-Art": "K", "-TK": "1", "-dv. FSA": "0", "-dv. 2-feld.": "0", "-VSR": "3", "-OCIT": "Kabel", "-LSA-Datum": "1980/05/28", "-Hersteller": "Yunex", "-Gerät": "C940V", "-CKR-Nr.": "101129", "-LED": "LED", "-BS": "BTAO", "-Nachtab.": "-", "-Gerät-Datum": "2024-11-06", "-SB": "Leketas", "-AP": "Ja", "-FG-Bem.": "-", "-VeloR.": "-", "-Bemerkung": "  " }, "geometry": { "type": "MultiPoint", "coordinates": [ [ 557686.040400000056252, 5805060.310999999754131 ] ] } },
{ "type": "Feature", "properties": { "No.": 626.0, "-Kreuzung": "Zimmermannstr. / Am Lindener Hafen", "-Bezirk": "10", "-Art": "K", "-TK": "1", "-dv. FSA": "0", "-dv. 2-feld.": "0", "-VSR": "4", "-OCIT": "-", "-LSA-Datum": "1978/02/13", "-Hersteller": "Yunex", "-Gerät": "C840V", "-CKR-Nr.": "100063", "-LED": "LED", "-BS": "BTAO", "-Nachtab.": "Ja", "-Gerät-Datum": "2017-01-12", "-SB": "Riedel", "-AP": "-", "-FG-Bem.": "-", "-VeloR.": "-", "-Bemerkung": "AM Prozessor OCIT, VSR 2026" }, "geometry": { "type": "MultiPoint", "coordinates": [ [ 546998.215199999976903, 5802946.589999999850988 ] ] } },
{ "type": "Feature", "properties": { "No.": 178.0, "-Kreuzung": "Osterstraße / Breitestraße", "-Bezirk": "1", "-Art": "K", "-TK": "1", "-dv. FSA": "0", "-dv. 2-feld.": "0", "-VSR": "1", "-OCIT": "Kabel", "-LSA-Datum": "1973/07/19", "-Hersteller": "Yunex", "-Gerät": "sX", "-CKR-Nr.": "110017", "-LED": "LED", "-BS": "BTAO", "-Nachtab.": "Ja", "-Gerät-Datum": "2026-06-23", "-SB": "Sieber", "-AP": "Ja", "-FG-Bem.": "-", "-VeloR.": "VR08", "-Bemerkung": null }, "geometry": { "type": "MultiPoint", "coordinates": [ [ 550379.016199999954551, 5802357.129999999888241 ] ] } },
{ "type": "Feature", "properties": { "No.": 606.0, "-Kreuzung": "Davenstedter Str. / Real-Baumarkt", "-Bezirk": "10", "-Art": "K", "-TK": "1", "-dv. FSA": "0", "-dv. 2-feld.": "0", "-VSR": "4", "-OCIT": "Kabel", "-LSA-Datum": "1989/08/11", "-Hersteller": "Yunex", "-Gerät": "sX", "-CKR-Nr.": "110150", "-LED": "LED", "-BS": "-", "-Nachtab.": "Ja", "-Gerät-Datum": "2024-05-14", "-SB": "Riedel", "-AP": "Ja", "-FG-Bem.": "-", "-VeloR.": "-", "-Bemerkung": "  " }, "geometry": { "type": "MultiPoint", "coordinates": [ [ 547480.121000000042841, 5801957.384999999776483 ] ] } },
{ "type": "Feature", "properties": { "No.": 44.0, "-Kreuzung": "Heisterbergallee / Richard-Lattorf-Str.", "-Bezirk": "11", "-Art": "K", "-TK": "1", "-dv. FSA": "0", "-dv. 2-feld.": "0", "-VSR": "5", "-OCIT": "Kabel", "-LSA-Datum": "1974/08/14", "-Hersteller": "Yunex", "-Gerät": "C900V", "-CKR-Nr.": "110085", "-LED": "LED", "-BS": "BTAO", "-Nachtab.": "-", "-Gerät-Datum": "2024-09-17", "-SB": "Riedel", "-AP": "Ja", "-FG-Bem.": "-", "-VeloR.": "-", "-Bemerkung": null }, "geometry": { "type": "MultiPoint", "coordinates": [ [ 545189.338899999973364, 5803176.173000000417233 ] ] } },
{ "type": "Feature", "properties": { "No.": 93.0, "-Kreuzung": "Göttinger Chaussee / Tillystraße / Unter den Birken mit TK Schnabelstraße", "-Bezirk": "9", "-Art": "K", "-TK": "2", "-dv. FSA": "0", "-dv. 2-feld.": "0", "-VSR": "4", "-OCIT": "Kabel", "-LSA-Datum": "2023/08/22", "-Hersteller": "Swarco", "-Gerät": "Actros", "-CKR-Nr.": "-", "-LED": "LED", "-BS": "BTAO", "-Nachtab.": "-", "-Gerät-Datum": "2023-08-22", "-SB": "Lipp", "-AP": "Ja", "-FG-Bem.": "-", "-VeloR.": "-", "-Bemerkung": null }, "geometry": { "type": "MultiPoint", "coordinates": [ [ 548848.255, 5798793.46 ] ] } },
{ "type": "Feature", "properties": { "No.": 22.0, "-Kreuzung": "Deisterplatz", "-Bezirk": "10", "-Art": "K", "-TK": "7", "-dv. FSA": "0", "-dv. 2-feld.": "0", "-VSR": "1", "-OCIT": "-", "-LSA-Datum": "1999/08/27", "-Hersteller": "Yunex", "-Gerät": "C840V", "-CKR-Nr.": "111045", "-LED": "LED", "-BS": "-", "-Nachtab.": "-", "-Gerät-Datum": "2015-08-25", "-SB": "Sieber", "-AP": "-", "-FG-Bem.": "-", "-VeloR.": "-", "-Bemerkung": "C-Roads" }, "geometry": { "type": "MultiPoint", "coordinates": [ [ 548666.67070000001695, 5801428.21100000012666 ] ] } },
{ "type": "Feature", "properties": { "No.": 88.0, "-Kreuzung": "Herm.-Ehlers-Allee / Windhukstr. + TK Auf den Papenstücken", "-Bezirk": "11", "-Art": "F", "-TK": "2", "-dv. FSA": "2", "-dv. 2-feld.": "2", "-VSR": "4", "-OCIT": "Kabel", "-LSA-Datum": "1989/10/04", "-Hersteller": "Swarco", "-Gerät": "Actros", "-CKR-Nr.": "-", "-LED": "LED", "-BS": "-", "-Nachtab.": "-", "-Gerät-Datum": "2016-05-31", "-SB": "Riedel", "-AP": "Ja", "-FG-Bem.": "-", "-VeloR.": "-", "-Bemerkung": null }, "geometry": { "type": "MultiPoint", "coordinates": [ [ 546044.242199999978766, 5800662.496000000275671 ] ] } },
{ "type": "Feature", "properties": { "No.": 334.0, "-Kreuzung": "Lehrter Str. / Zufahrt Fa. Bauer + Tk Süßeroder Straße", "-Bezirk": "5", "-Art": "K", "-TK": "2", "-dv. FSA": "0", "-dv. 2-feld.": "0", "-VSR": "3", "-OCIT": "-", "-LSA-Datum": "2002/12/06", "-Hersteller": "Swarco", "-Gerät": "BTC 500", "-CKR-Nr.": "-", "-LED": "LED", "-BS": "-", "-Nachtab.": "-", "-Gerät-Datum": "2002-12-06", "-SB": "Lipp", "-AP": "-", "-FG-Bem.": "-", "-VeloR.": "-", "-Bemerkung": "Üstra / Klärung mit Region über Anpassung Kosten" }, "geometry": { "type": "MultiPoint", "coordinates": [ [ 557705.275400000042282, 5801430.082000000402331 ] ] } },
{ "type": "Feature", "properties": { "No.": 299.0, "-Kreuzung": "Göttinger Straße / Elfriede-Paul-Allee / Strousbergstraße", "-Bezirk": "10", "-Art": "K", "-TK": "1", "-dv. FSA": "0", "-dv. 2-feld.": "0", "-VSR": "1", "-OCIT": "Kabel", "-LSA-Datum": "2000/07/26", "-Hersteller": "Yunex", "-Gerät": "C940ES", "-CKR-Nr.": "111062", "-LED": "LED", "-BS": "-", "-Nachtab.": "-", "-Gerät-Datum": "2021-10-19", "-SB": "Riedel", "-AP": "Ja", "-FG-Bem.": "-", "-VeloR.": "-", "-Bemerkung": "  " }, "geometry": { "type": "MultiPoint", "coordinates": [ [ 548836.3565, 5800928.838999999687076 ] ] } },
{ "type": "Feature", "properties": { "No.": 278.0, "-Kreuzung": "Burgwedeler Str. / Dachstrift", "-Bezirk": "3", "-Art": "F", "-TK": "1", "-dv. FSA": "1", "-dv. 2-feld.": "0", "-VSR": "3", "-OCIT": "-", "-LSA-Datum": "2010/09/10", "-Hersteller": "Swarco", "-Gerät": "Actros", "-CKR-Nr.": "-", "-LED": "LED", "-BS": "-", "-Nachtab.": "Ja", "-Gerät-Datum": "2010-09-09", "-SB": "Germer", "-AP": "-", "-FG-Bem.": "-", "-VeloR.": "VR03", "-Bemerkung": "AM OCIT und Blindensignalisierung" }, "geometry": { "type": "MultiPoint", "coordinates": [ [ 554456.615800000028685, 5809096.978000000119209 ] ] } },
{ "type": "Feature", "properties": { "No.": 436.0, "-Kreuzung": "Lister Meile / Rundestraße", "-Bezirk": "1", "-Art": "K", "-TK": "1", "-dv. FSA": "0", "-dv. 2-feld.": "0", "-VSR": "1", "-OCIT": "Kabel", "-LSA-Datum": "1977/02/07", "-Hersteller": "Yunex", "-Gerät": "C940ES", "-CKR-Nr.": "100038", "-LED": "LED", "-BS": "BTAO", "-Nachtab.": "-", "-Gerät-Datum": "2017-09-15", "-SB": "Sieber", "-AP": "Ja", "-FG-Bem.": "Ja", "-VeloR.": "-", "-Bemerkung": "  " }, "geometry": { "type": "MultiPoint", "coordinates": [ [ 550496.228099999949336, 5803413.382000000216067 ] ] } },
{ "type": "Feature", "properties": { "No.": 710.0, "-Kreuzung": "Kattenbrookstrift / Emmy-Noether-Allee", "-Bezirk": "6", "-Art": "K", "-TK": "1", "-dv. FSA": "0", "-dv. 2-feld.": "0", "-VSR": "8", "-OCIT": "-", "-LSA-Datum": "2000/04/13", "-Hersteller": "Swarco", "-Gerät": "Actros", "-CKR-Nr.": "-", "-LED": "LED", "-BS": "-", "-Nachtab.": "Ja", "-Gerät-Datum": "2020-04-13", "-SB": "Lipp", "-AP": "-", "-FG-Bem.": "-", "-VeloR.": "-", "-Bemerkung": "  " }, "geometry": { "type": "MultiPoint", "coordinates": [ [ 556337.3286, 5798063.543999999761581 ] ] } },
{ "type": "Feature", "properties": { "No.": 36.0, "-Kreuzung": "Bemeroder Str. / Lange-Feld-Str.", "-Bezirk": "6", "-Art": "K", "-TK": "1", "-dv. FSA": "0", "-dv. 2-feld.": "0", "-VSR": "8", "-OCIT": "Kabel", "-LSA-Datum": "1977/07/16", "-Hersteller": "Swarco", "-Gerät": "Actros", "-CKR-Nr.": "-", "-LED": "LED", "-BS": "BTAO", "-Nachtab.": "-", "-Gerät-Datum": "2020-03-26", "-SB": "Leketas", "-AP": "-", "-FG-Bem.": "-", "-VeloR.": "VR06", "-Bemerkung": null }, "geometry": { "type": "MultiPoint", "coordinates": [ [ 553940.362700000056066, 5801077.735999999567866 ] ] } },
{ "type": "Feature", "properties": { "No.": 241.0, "-Kreuzung": "Lange-Feld-Str. / Lange-Hop-Str.", "-Bezirk": "6", "-Art": "K", "-TK": "1", "-dv. FSA": "0", "-dv. 2-feld.": "0", "-VSR": "3", "-OCIT": "LTE", "-LSA-Datum": "1967/12/19", "-Hersteller": "Stührenberg", "-Gerät": "STM5", "-CKR-Nr.": "-", "-LED": "LED", "-BS": "BTAO", "-Nachtab.": "-", "-Gerät-Datum": "2024-12-19", "-SB": "Lipp", "-AP": "Ja", "-FG-Bem.": "-", "-VeloR.": "-", "-Bemerkung": "  " }, "geometry": { "type": "MultiPoint", "coordinates": [ [ 555880.618099999963306, 5801343.545 ] ] } },
{ "type": "Feature", "properties": { "No.": 585.0, "-Kreuzung": "Karl-Wiechert-Allee / Baumschulenallee", "-Bezirk": "4", "-Art": "K", "-TK": "1", "-dv. FSA": "0", "-dv. 2-feld.": "0", "-VSR": "3", "-OCIT": "-", "-LSA-Datum": "1988/12/09", "-Hersteller": "Swarco", "-Gerät": "Actros", "-CKR-Nr.": "-", "-LED": "LED", "-BS": "BT", "-Nachtab.": "-", "-Gerät-Datum": "2006-06-07", "-SB": "Leketas", "-AP": "-", "-FG-Bem.": "-", "-VeloR.": "-", "-Bemerkung": "  " }, "geometry": { "type": "MultiPoint", "coordinates": [ [ 555199.918799999984913, 5803915.542999999597669 ] ] } },
{ "type": "Feature", "properties": { "No.": 92.0, "-Kreuzung": "Göttinger Chaussee / Tillystraße                               ", "-Bezirk": "9", "-Art": "F", "-TK": "1", "-dv. FSA": "1", "-dv. 2-feld.": "1", "-VSR": "4", "-OCIT": "Kabel", "-LSA-Datum": "2022/11/23", "-Hersteller": "Swarco", "-Gerät": "Actros", "-CKR-Nr.": "-", "-LED": "LED", "-BS": "BTAO", "-Nachtab.": "-", "-Gerät-Datum": "2022-11-23", "-SB": "Lipp", "-AP": "Ja", "-FG-Bem.": "-", "-VeloR.": "-", "-Bemerkung": null }, "geometry": { "type": "MultiPoint", "coordinates": [ [ 548852.223699999973178, 5799068.627000000327826 ] ] } },
{ "type": "Feature", "properties": { "No.": 523.0, "-Kreuzung": "Ferd.-Wallbrecht-Str. / Kollenrodtstr.", "-Bezirk": "2", "-Art": "K", "-TK": "1", "-dv. FSA": "0", "-dv. 2-feld.": "0", "-VSR": "3", "-OCIT": "Kabel", "-LSA-Datum": "1978/09/18", "-Hersteller": "Yunex", "-Gerät": "sX-L", "-CKR-Nr.": "100068", "-LED": "LED", "-BS": "-", "-Nachtab.": "-", "-Gerät-Datum": "2026-04-08", "-SB": "Sieber", "-AP": "Ja", "-FG-Bem.": "-", "-VeloR.": "-", "-Bemerkung": "C-Roads" }, "geometry": { "type": "MultiPoint", "coordinates": [ [ 550918.858600000035949, 5804789.245000000111759 ] ] } },
{ "type": "Feature", "properties": { "No.": 106.0, "-Kreuzung": "Schulenburger Landstr. / Krepenstr.", "-Bezirk": "13", "-Art": "K", "-TK": "1", "-dv. FSA": "0", "-dv. 2-feld.": "0", "-VSR": "1", "-OCIT": "Kabel", "-LSA-Datum": "1986/12/17", "-Hersteller": "Swarco", "-Gerät": "Actros", "-CKR-Nr.": "-", "-LED": "LED", "-BS": "-", "-Nachtab.": "-", "-Gerät-Datum": "2023-10-11", "-SB": "Germer", "-AP": "-", "-FG-Bem.": "-", "-VeloR.": "-", "-Bemerkung": null }, "geometry": { "type": "MultiPoint", "coordinates": [ [ 548256.929899999988265, 5806659.014000000432134 ] ] } },
{ "type": "Feature", "properties": { "No.": 39.0, "-Kreuzung": "Kirchhorster Str. / Oldenburger Allee", "-Bezirk": "3", "-Art": "K", "-TK": "1", "-dv. FSA": "0", "-dv. 2-feld.": "0", "-VSR": "3", "-OCIT": "Kabel", "-LSA-Datum": "1987/11/04", "-Hersteller": "Swarco", "-Gerät": "Actros", "-CKR-Nr.": "-", "-LED": "LED", "-BS": "BTAO", "-Nachtab.": "-", "-Gerät-Datum": "2023-08-15", "-SB": "Sieber", "-AP": "Ja", "-FG-Bem.": "-", "-VeloR.": "-", "-Bemerkung": "LOGIN" }, "geometry": { "type": "MultiPoint", "coordinates": [ [ 556336.633099999977276, 5807656.24100000038743 ] ] } },
{ "type": "Feature", "properties": { "No.": 588.0, "-Kreuzung": "Misburger Str. / Soltauer Str.", "-Bezirk": "4", "-Art": "F", "-TK": "1", "-dv. FSA": "1", "-dv. 2-feld.": "0", "-VSR": "3", "-OCIT": "-", "-LSA-Datum": "1982/03/17", "-Hersteller": "Yunex", "-Gerät": "C840XS", "-CKR-Nr.": "110051", "-LED": "LED", "-BS": "BTAO", "-Nachtab.": "Ja", "-Gerät-Datum": "2016-01-06", "-SB": "Leketas", "-AP": "-", "-FG-Bem.": "-", "-VeloR.": "-", "-Bemerkung": "  " }, "geometry": { "type": "MultiPoint", "coordinates": [ [ 555632.5969, 5803789.733 ] ] } },
{ "type": "Feature", "properties": { "No.": 337.0, "-Kreuzung": "Lehrter Str. / Scheibenstandsweg + Tk Gollstraße", "-Bezirk": "5", "-Art": "K", "-TK": "2", "-dv. FSA": "0", "-dv. 2-feld.": "0", "-VSR": "3", "-OCIT": "-", "-LSA-Datum": "2002/12/06", "-Hersteller": "Swarco", "-Gerät": "BTC 5000", "-CKR-Nr.": "-", "-LED": "LED", "-BS": "BTAO", "-Nachtab.": "-", "-Gerät-Datum": "2002-12-06", "-SB": "Lipp", "-AP": "-", "-FG-Bem.": "-", "-VeloR.": "-", "-Bemerkung": "Üstra / Klärung mit Region über Anpassung Kosten" }, "geometry": { "type": "MultiPoint", "coordinates": [ [ 558313.817099999985658, 5801288.264999999664724 ] ] } },
{ "type": "Feature", "properties": { "No.": 24.0, "-Kreuzung": "Stadtfelddamm / MHH Abfallzentrum", "-Bezirk": "4", "-Art": "K", "-TK": "1", "-dv. FSA": "0", "-dv. 2-feld.": "0", "-VSR": "-", "-OCIT": "-", "-LSA-Datum": "2000/05/16", "-Hersteller": "Yunex", "-Gerät": "sX", "-CKR-Nr.": "111053", "-LED": "LED", "-BS": "-", "-Nachtab.": "Ja", "-Gerät-Datum": "2017-03-07", "-SB": "Leketas", "-AP": "-", "-FG-Bem.": "-", "-VeloR.": "-", "-Bemerkung": null }, "geometry": { "type": "MultiPoint", "coordinates": [ [ 554414.535599999944679, 5804069.592000000178814 ] ] } },
{ "type": "Feature", "properties": { "No.": 707.0, "-Kreuzung": "Lissabonner-Allee / Kattenbrookstrift / Weltausstellungsallee / Boulevard-de-Montreal", "-Bezirk": "8", "-Art": "K", "-TK": "1", "-dv. FSA": "0", "-dv. 2-feld.": "0", "-VSR": "8", "-OCIT": "Kabel", "-LSA-Datum": "2006/10/16", "-Hersteller": "Swarco", "-Gerät": "Actros", "-CKR-Nr.": "-", "-LED": "LED", "-BS": "BTAO", "-Nachtab.": "-", "-Gerät-Datum": "2021-06-16", "-SB": "Lipp", "-AP": "-", "-FG-Bem.": "-", "-VeloR.": "-", "-Bemerkung": "  " }, "geometry": { "type": "MultiPoint", "coordinates": [ [ 555900.73679999995511, 5796982.809999999590218 ] ] } },
{ "type": "Feature", "properties": { "No.": 438.0, "-Kreuzung": "Schlägerstr. / Krausenstr.", "-Bezirk": "7", "-Art": "K", "-TK": "1", "-dv. FSA": "0", "-dv. 2-feld.": "0", "-VSR": "2", "-OCIT": "Kabel", "-LSA-Datum": "1974/10/22", "-Hersteller": "Yunex", "-Gerät": "sX-L", "-CKR-Nr.": "110065", "-LED": "LED", "-BS": "BTAO", "-Nachtab.": "-", "-Gerät-Datum": "2025-02-25", "-SB": "Leketas", "-AP": "Ja", "-FG-Bem.": "-", "-VeloR.": "-", "-Bemerkung": "Klimaschutzrichtlinie" }, "geometry": { "type": "MultiPoint", "coordinates": [ [ 551237.176499999943189, 5801674.365000000223517 ] ] } },
{ "type": "Feature", "properties": { "No.": 573.0, "-Kreuzung": "Sahlkamp / Eulenkamp", "-Bezirk": "3", "-Art": "K", "-TK": "1", "-dv. FSA": "0", "-dv. 2-feld.": "0", "-VSR": "3", "-OCIT": "Kabel", "-LSA-Datum": "1971/10/19", "-Hersteller": "Yunex", "-Gerät": "sX", "-CKR-Nr.": "110001", "-LED": "LED", "-BS": "BTAO", "-Nachtab.": "-", "-Gerät-Datum": "2026-03-25", "-SB": "Germer", "-AP": "Ja", "-FG-Bem.": "-", "-VeloR.": "VR03", "-Bemerkung": "  " }, "geometry": { "type": "MultiPoint", "coordinates": [ [ 553733.8247, 5806966.769999999552965 ] ] } },
{ "type": "Feature", "properties": { "No.": 414.0, "-Kreuzung": "Hildesheimer Str. / Höltystr.", "-Bezirk": "7", "-Art": "F", "-TK": "2", "-dv. FSA": "2", "-dv. 2-feld.": "0", "-VSR": "2", "-OCIT": "Kabel", "-LSA-Datum": "1989/02/13", "-Hersteller": "Swarco", "-Gerät": "Actros", "-CKR-Nr.": "-", "-LED": "LED", "-BS": "BT", "-Nachtab.": "-", "-Gerät-Datum": "2022-09-29", "-SB": "Leketas", "-AP": "-", "-FG-Bem.": "-", "-VeloR.": "-", "-Bemerkung": "  " }, "geometry": { "type": "MultiPoint", "coordinates": [ [ 550746.876000000047497, 5802135.088999999687076 ] ] } },
{ "type": "Feature", "properties": { "No.": 205.0, "-Kreuzung": "Hinter der Alten Burg / Paula-Nordhoff-Str.", "-Bezirk": "5", "-Art": "F", "-TK": "1", "-dv. FSA": "1", "-dv. 2-feld.": "0", "-VSR": "1", "-OCIT": "-", "-LSA-Datum": "1970/10/15", "-Hersteller": "Yunex", "-Gerät": "C840V", "-CKR-Nr.": "110074", "-LED": "LED", "-BS": "-", "-Nachtab.": "Ja", "-Gerät-Datum": "2011-02-10", "-SB": "Leketas", "-AP": "-", "-FG-Bem.": "-", "-VeloR.": "-", "-Bemerkung": null }, "geometry": { "type": "MultiPoint", "coordinates": [ [ 558272.62230000004638, 5804846.730000000447035 ] ] } },
{ "type": "Feature", "properties": { "No.": 237.0, "-Kreuzung": "Haltenhoffstr./ Schaumburgstr.", "-Bezirk": "12", "-Art": "K", "-TK": "1", "-dv. FSA": "0", "-dv. 2-feld.": "0", "-VSR": "6", "-OCIT": "-", "-LSA-Datum": "1967/11/15", "-Hersteller": "Yunex", "-Gerät": "C840V", "-CKR-Nr.": "101026", "-LED": "LED", "-BS": "BTAO", "-Nachtab.": "-", "-Gerät-Datum": "2016-06-30", "-SB": "Riedel", "-AP": "-", "-FG-Bem.": "-", "-VeloR.": "VR12", "-Bemerkung": "OCIT Planung 2027" }, "geometry": { "type": "MultiPoint", "coordinates": [ [ 547120.619199999957345, 5805384.082000000402331 ] ] } },
{ "type": "Feature", "properties": { "No.": 201.0, "-Kreuzung": "Tiergartenstr. / Bleekstr.", "-Bezirk": "6", "-Art": "F", "-TK": "2", "-dv. FSA": "2", "-dv. 2-feld.": "0", "-VSR": "3", "-OCIT": "-", "-LSA-Datum": "1965/07/23", "-Hersteller": "Yunex", "-Gerät": "C840ES", "-CKR-Nr.": "101003", "-LED": "LED", "-BS": "LOC-ID", "-Nachtab.": "-", "-Gerät-Datum": "2018-02-14", "-SB": "Leketas", "-AP": "-", "-FG-Bem.": "-", "-VeloR.": "-", "-Bemerkung": null }, "geometry": { "type": "MultiPoint", "coordinates": [ [ 555402.137499999953434, 5801968.816999999806285 ] ] } },
{ "type": "Feature", "properties": { "No.": 483.0, "-Kreuzung": "Kirchröder Str. / Scheidestr.", "-Bezirk": "4", "-Art": "K", "-TK": "3", "-dv. FSA": "2", "-dv. 2-feld.": "2", "-VSR": "2", "-OCIT": "-", "-LSA-Datum": "1963/11/05", "-Hersteller": "Swarco", "-Gerät": "Actros", "-CKR-Nr.": "-", "-LED": "LED", "-BS": "BTAO", "-Nachtab.": "-", "-Gerät-Datum": "2010-12-13", "-SB": "Leketas", "-AP": "-", "-FG-Bem.": "-", "-VeloR.": "-", "-Bemerkung": "AM Prozessorupdate 2025" }, "geometry": { "type": "MultiPoint", "coordinates": [ [ 553477.82750000001397, 5802739.178000000305474 ] ] } },
{ "type": "Feature", "properties": { "No.": 53.0, "-Kreuzung": "Herrenhäuser Str. / Münterstr.", "-Bezirk": "12", "-Art": "K", "-TK": "3", "-dv. FSA": "2", "-dv. 2-feld.": "2", "-VSR": "6", "-OCIT": "KAbel", "-LSA-Datum": "1967/02/07", "-Hersteller": "Yunex", "-Gerät": "sX", "-CKR-Nr.": "100123", "-LED": "LED", "-BS": "BTAO", "-Nachtab.": "-", "-Gerät-Datum": "2026-07-08", "-SB": "Riedel", "-AP": "Ja", "-FG-Bem.": "-", "-VeloR.": "-", "-Bemerkung": null }, "geometry": { "type": "MultiPoint", "coordinates": [ [ 546490.3234, 5805061.257000000216067 ] ] } },
{ "type": "Feature", "properties": { "No.": 233.0, "-Kreuzung": "Wülfeler Straße / Hinter dem Dorfe", "-Bezirk": "6", "-Art": "K", "-TK": "1", "-dv. FSA": "0", "-dv. 2-feld.": "0", "-VSR": "8", "-OCIT": "Kabel", "-LSA-Datum": "2000/05/27", "-Hersteller": "Yunex", "-Gerät": "sX", "-CKR-Nr.": "111057", "-LED": "LED", "-BS": "BTAO", "-Nachtab.": "-", "-Gerät-Datum": "2025-08-28", "-SB": "Lipp", "-AP": "-", "-FG-Bem.": "-", "-VeloR.": "-", "-Bemerkung": "  " }, "geometry": { "type": "MultiPoint", "coordinates": [ [ 556183.376599999959581, 5799147.287999999709427 ] ] } },
{ "type": "Feature", "properties": { "No.": 452.0, "-Kreuzung": "Altenbekener Damm / Jordanstr.", "-Bezirk": "7", "-Art": "K", "-TK": "1", "-dv. FSA": "0", "-dv. 2-feld.": "0", "-VSR": "2", "-OCIT": "Kabel", "-LSA-Datum": "1967/07/05", "-Hersteller": "Yunex", "-Gerät": "C900V", "-CKR-Nr.": "100133", "-LED": "LED", "-BS": "BTAO", "-Nachtab.": "-", "-Gerät-Datum": "2020-04-24", "-SB": "Leketas", "-AP": "-", "-FG-Bem.": "-", "-VeloR.": "-", "-Bemerkung": "  " }, "geometry": { "type": "MultiPoint", "coordinates": [ [ 552276.8689, 5801144.643000000156462 ] ] } },
{ "type": "Feature", "properties": { "No.": 116.0, "-Kreuzung": "Wunstorfer Landstraße / Zum Buchengarten", "-Bezirk": "11", "-Art": "K", "-TK": "1", "-dv. FSA": "0", "-dv. 2-feld.": "0", "-VSR": "5", "-OCIT": "Kabel", "-LSA-Datum": "2011/12/20", "-Hersteller": "Stührenberg", "-Gerät": "STM5", "-CKR-Nr.": "-", "-LED": "LED", "-BS": "BTAO", "-Nachtab.": "-", "-Gerät-Datum": "2025-04-15", "-SB": "Riedel", "-AP": "Ja", "-FG-Bem.": "-", "-VeloR.": "-", "-Bemerkung": null }, "geometry": { "type": "MultiPoint", "coordinates": [ [ 544795.360499999951571, 5804416.967000000178814 ] ] } },
{ "type": "Feature", "properties": { "No.": 499.0, "-Kreuzung": "Brabeckstr./Lubowitzw. + Tk Brabeckstr./Am Gutspark", "-Bezirk": "6", "-Art": "K", "-TK": "2", "-dv. FSA": "1", "-dv. 2-feld.": "0", "-VSR": "8", "-OCIT": "Kabel", "-LSA-Datum": "2000/02/10", "-Hersteller": "Swarco", "-Gerät": "Actros", "-CKR-Nr.": "-", "-LED": "LED", "-BS": "BTAO", "-Nachtab.": "-", "-Gerät-Datum": "2024-11-07", "-SB": "Lipp", "-AP": "Ja", "-FG-Bem.": "-", "-VeloR.": "-", "-Bemerkung": "  " }, "geometry": { "type": "MultiPoint", "coordinates": [ [ 556348.777499999967404, 5799633.487999999895692 ] ] } },
{ "type": "Feature", "properties": { "No.": 277.0, "-Kreuzung": "Sahlkamp / Peter-Strasser-Allee ", "-Bezirk": "3", "-Art": "F", "-TK": "1", "-dv. FSA": "1", "-dv. 2-feld.": "1", "-VSR": "-", "-OCIT": "-", "-LSA-Datum": "1999/03/17", "-Hersteller": "Yunex", "-Gerät": "C840ES", "-CKR-Nr.": "101103", "-LED": "LED", "-BS": "-", "-Nachtab.": "-", "-Gerät-Datum": "2017-02-20", "-SB": "Germer", "-AP": "-", "-FG-Bem.": "-", "-VeloR.": "VR02", "-Bemerkung": "  " }, "geometry": { "type": "MultiPoint", "coordinates": [ [ 550910.918199999956414, 5807017.593000000342727 ] ] } },
{ "type": "Feature", "properties": { "No.": 122.0, "-Kreuzung": "Ricklinger Stadtweg / Bahnhof Fischerhof", "-Bezirk": "910", "-Art": "F", "-TK": "4", "-dv. FSA": "4", "-dv. 2-feld.": "4", "-VSR": "4", "-OCIT": "Kabel", "-LSA-Datum": "1974/09/11", "-Hersteller": "Swarco", "-Gerät": "Actros", "-CKR-Nr.": "-", "-LED": "LED", "-BS": "BTAO", "-Nachtab.": "-", "-Gerät-Datum": "2022-07-13", "-SB": "Sieber", "-AP": "Ja", "-FG-Bem.": "-", "-VeloR.": "-", "-Bemerkung": "C-Roads" }, "geometry": { "type": "MultiPoint", "coordinates": [ [ 549207.581400000024587, 5800408.002000000327826 ] ] } },
{ "type": "Feature", "properties": { "No.": 215.0, "-Kreuzung": "Friedenauer Straße / Kanalbrücke (Engstelle)", "-Bezirk": "12", "-Art": "S", "-TK": "-", "-dv. FSA": "-", "-dv. 2-feld.": "-", "-VSR": "1", "-OCIT": "LTE", "-LSA-Datum": "2000/04/17", "-Hersteller": "Yunex", "-Gerät": "sX", "-CKR-Nr.": "111052", "-LED": "LED", "-BS": "-", "-Nachtab.": "-", "-Gerät-Datum": "2022-03-24", "-SB": "Germer", "-AP": "-", "-FG-Bem.": "-", "-VeloR.": "-", "-Bemerkung": null }, "geometry": { "type": "MultiPoint", "coordinates": [ [ 548660.9841, 5807458.53899999987334 ] ] } },
{ "type": "Feature", "properties": { "No.": 173.0, "-Kreuzung": "Weidendamm / Am Kläperberg", "-Bezirk": "13", "-Art": "K", "-TK": "1", "-dv. FSA": "0", "-dv. 2-feld.": "0", "-VSR": "1", "-OCIT": "-", "-LSA-Datum": "2000/04/13", "-Hersteller": "Yunex", "-Gerät": "C800V", "-CKR-Nr.": "111050", "-LED": "LED", "-BS": "-", "-Nachtab.": "-", "-Gerät-Datum": "2014-01-24", "-SB": "Germer", "-AP": "-", "-FG-Bem.": "-", "-VeloR.": "-", "-Bemerkung": null }, "geometry": { "type": "MultiPoint", "coordinates": [ [ 549271.209200000041164, 5804778.454 ] ] } },
{ "type": "Feature", "properties": { "No.": 188.0, "-Kreuzung": "Vahrenwalder Str. / Heinrich-Heine-Str.", "-Bezirk": "313", "-Art": "K", "-TK": "1", "-dv. FSA": "0", "-dv. 2-feld.": "0", "-VSR": "1", "-OCIT": "Kabel", "-LSA-Datum": "1988/01/21", "-Hersteller": "Yunex", "-Gerät": "sX-E-L", "-CKR-Nr.": "110078", "-LED": "LED", "-BS": "BTAO", "-Nachtab.": "-", "-Gerät-Datum": "2024-04-03", "-SB": "Germer", "-AP": "Ja", "-FG-Bem.": "-", "-VeloR.": "-", "-Bemerkung": null }, "geometry": { "type": "MultiPoint", "coordinates": [ [ 549842.907600000035018, 5808236.09499999973923 ] ] } },
{ "type": "Feature", "properties": { "No.": 343.0, "-Kreuzung": "Gollstraße / Am Kindergarten", "-Bezirk": "5", "-Art": "F", "-TK": "1", "-dv. FSA": "1", "-dv. 2-feld.": "1", "-VSR": "3", "-OCIT": "LTE", "-LSA-Datum": "2023/04/27", "-Hersteller": "Yunex", "-Gerät": "sX", "-CKR-Nr.": "111105", "-LED": "LED", "-BS": "BTAO", "-Nachtab.": "Ja", "-Gerät-Datum": "2023-04-27", "-SB": "Lipp", "-AP": "Ja", "-FG-Bem.": "Ja", "-VeloR.": "VR04", "-Bemerkung": "  " }, "geometry": { "type": "MultiPoint", "coordinates": [ [ 558356.4732, 5802190.252999999560416 ] ] } },
{ "type": "Feature", "properties": { "No.": 246.0, "-Kreuzung": "Kötnerholzweg / Limmerstr.", "-Bezirk": "10", "-Art": "K", "-TK": "1", "-dv. FSA": "0", "-dv. 2-feld.": "0", "-VSR": "1", "-OCIT": "Kabel", "-LSA-Datum": "1969/08/08", "-Hersteller": "Swarco", "-Gerät": "Actros Alpha", "-CKR-Nr.": "-", "-LED": "LED", "-BS": "BTAO", "-Nachtab.": "-", "-Gerät-Datum": "2020-07-07", "-SB": "Riedel", "-AP": "Ja", "-FG-Bem.": "-", "-VeloR.": "-", "-Bemerkung": "  " }, "geometry": { "type": "MultiPoint", "coordinates": [ [ 547986.182599999941885, 5802909.388000000268221 ] ] } },
{ "type": "Feature", "properties": { "No.": 281.0, "-Kreuzung": "Mecklenheidestr. / Immelmannstr.", "-Bezirk": "12", "-Art": "F", "-TK": "1", "-dv. FSA": "1", "-dv. 2-feld.": "0", "-VSR": "1", "-OCIT": "-", "-LSA-Datum": "1982/05/13", "-Hersteller": "Yunex", "-Gerät": "MS", "-CKR-Nr.": "101154", "-LED": "LED", "-BS": "-", "-Nachtab.": "-", "-Gerät-Datum": "1998-09-15", "-SB": "Teichert", "-AP": "-", "-FG-Bem.": "-", "-VeloR.": "-", "-Bemerkung": "  " }, "geometry": { "type": "MultiPoint", "coordinates": [ [ 546099.525000000023283, 5807533.609000000171363 ] ] } },
{ "type": "Feature", "properties": { "No.": 306.0, "-Kreuzung": "Haltenhoffstr./ Münterstr.", "-Bezirk": "12", "-Art": "F", "-TK": "1", "-dv. FSA": "1", "-dv. 2-feld.": "1", "-VSR": "6", "-OCIT": "Kabel", "-LSA-Datum": "1984/11/22", "-Hersteller": "Swarco", "-Gerät": "Actros", "-CKR-Nr.": "-", "-LED": "LED", "-BS": "BTAO", "-Nachtab.": "Ja", "-Gerät-Datum": "2024-10-21", "-SB": "Riedel", "-AP": "Ja", "-FG-Bem.": "-", "-VeloR.": "-", "-Bemerkung": "  " }, "geometry": { "type": "MultiPoint", "coordinates": [ [ 546487.6775, 5805291.44400000013411 ] ] } },
{ "type": "Feature", "properties": { "No.": 596.0, "-Kreuzung": "Tiergartenstr. / Jöhrensstr.", "-Bezirk": "6", "-Art": "F", "-TK": "2", "-dv. FSA": "2", "-dv. 2-feld.": "0", "-VSR": "3", "-OCIT": "-", "-LSA-Datum": "1993/11/01", "-Hersteller": "Yunex", "-Gerät": "C840V", "-CKR-Nr.": "110180", "-LED": "LED", "-BS": "BTAO", "-Nachtab.": "-", "-Gerät-Datum": "2010-05-06", "-SB": "Lipp", "-AP": "-", "-FG-Bem.": "-", "-VeloR.": "-", "-Bemerkung": "  " }, "geometry": { "type": "MultiPoint", "coordinates": [ [ 556770.422200000029989, 5801549.915 ] ] } },
{ "type": "Feature", "properties": { "No.": 121.0, "-Kreuzung": "Friedrich-Ebert-Straße / Baxmannweg", "-Bezirk": "9", "-Art": "F", "-TK": "3", "-dv. FSA": "3", "-dv. 2-feld.": "2", "-VSR": "4", "-OCIT": "Kabel", "-LSA-Datum": "1998/08/07", "-Hersteller": "Yunex", "-Gerät": "sX", "-CKR-Nr.": "111074", "-LED": "LED", "-BS": "BTAO", "-Nachtab.": "-", "-Gerät-Datum": "2022-06-30", "-SB": "Riedel", "-AP": "Ja", "-FG-Bem.": "-", "-VeloR.": "-", "-Bemerkung": null }, "geometry": { "type": "MultiPoint", "coordinates": [ [ 548987.030999999959022, 5799917.196000000461936 ] ] } },
{ "type": "Feature", "properties": { "No.": 119.0, "-Kreuzung": "Fössestr. / Kötnerholzweg", "-Bezirk": "10", "-Art": "K", "-TK": "1", "-dv. FSA": "0", "-dv. 2-feld.": "0", "-VSR": "1", "-OCIT": "Kabel", "-LSA-Datum": "1969/08/06", "-Hersteller": "Yunex", "-Gerät": "C940ES", "-CKR-Nr.": "100119", "-LED": "LED", "-BS": "BTAO", "-Nachtab.": "-", "-Gerät-Datum": "2020-04-15", "-SB": "Riedel", "-AP": "Ja", "-FG-Bem.": "-", "-VeloR.": "-", "-Bemerkung": null }, "geometry": { "type": "MultiPoint", "coordinates": [ [ 548124.5612, 5802443.906000000424683 ] ] } },
{ "type": "Feature", "properties": { "No.": 499.0, "-Kreuzung": "Brabeckstr./Lubowitzw. + Tk Brabeckstr./Am Gutspark", "-Bezirk": "6", "-Art": "K", "-TK": "2", "-dv. FSA": "1", "-dv. 2-feld.": "0", "-VSR": "8", "-OCIT": "Kabel", "-LSA-Datum": "2000/02/10", "-Hersteller": "Swarco", "-Gerät": "Actros", "-CKR-Nr.": "-", "-LED": "LED", "-BS": "BTAO", "-Nachtab.": "-", "-Gerät-Datum": "2024-11-07", "-SB": "Lipp", "-AP": "Ja", "-FG-Bem.": "-", "-VeloR.": "-", "-Bemerkung": "  " }, "geometry": { "type": "MultiPoint", "coordinates": [ [ 556347.983800000045449, 5799703.074 ] ] } },
{ "type": "Feature", "properties": { "No.": 711.0, "-Kreuzung": "Hermesallee / Karlsruher Straße", "-Bezirk": "8", "-Art": "K", "-TK": "1", "-dv. FSA": "0", "-dv. 2-feld.": "0", "-VSR": "8", "-OCIT": "Kabel", "-LSA-Datum": "1999/03/08", "-Hersteller": "Swarco", "-Gerät": "Actros", "-CKR-Nr.": "-", "-LED": "LED", "-BS": "LOC-ID", "-Nachtab.": "-", "-Gerät-Datum": "2021-10-20", "-SB": "Lipp", "-AP": "-", "-FG-Bem.": "-", "-VeloR.": "-", "-Bemerkung": "  " }, "geometry": { "type": "MultiPoint", "coordinates": [ [ 554048.433500000042841, 5797651.824 ] ] } },
{ "type": "Feature", "properties": { "No.": 341.0, "-Kreuzung": "Waldstraße / Endpunkt Misburg", "-Bezirk": "5", "-Art": "F", "-TK": "2", "-dv. FSA": "2", "-dv. 2-feld.": "1", "-VSR": "3", "-OCIT": "Kabel", "-LSA-Datum": "2014/12/09", "-Hersteller": "Yunex", "-Gerät": "C940V", "-CKR-Nr.": "111087", "-LED": "LED", "-BS": "BTAO", "-Nachtab.": "-", "-Gerät-Datum": "2024-10-14", "-SB": "Leketas", "-AP": "Ja", "-FG-Bem.": "-", "-VeloR.": "-", "-Bemerkung": "  " }, "geometry": { "type": "MultiPoint", "coordinates": [ [ 558127.186699999962002, 5804912.987999999895692 ] ] } },
{ "type": "Feature", "properties": { "No.": 336.0, "-Kreuzung": "Lehrter Str. / Ohefeldweg / Winkelstraße", "-Bezirk": "5", "-Art": "K", "-TK": "1", "-dv. FSA": "0", "-dv. 2-feld.": "0", "-VSR": "3", "-OCIT": "-", "-LSA-Datum": "2002/12/06", "-Hersteller": "Swarco", "-Gerät": "Actros", "-CKR-Nr.": "-", "-LED": "LED", "-BS": "-", "-Nachtab.": "-", "-Gerät-Datum": "2015-08-17", "-SB": "Lipp", "-AP": "-", "-FG-Bem.": "-", "-VeloR.": "-", "-Bemerkung": "AM Prozessorzeile 2025" }, "geometry": { "type": "MultiPoint", "coordinates": [ [ 558202.4275, 5801315.252999999560416 ] ] } },
{ "type": "Feature", "properties": { "No.": 188.0, "-Kreuzung": "Vahrenwalder Str. / Heinrich-Heine-Str.", "-Bezirk": "313", "-Art": "K", "-TK": "1", "-dv. FSA": "0", "-dv. 2-feld.": "0", "-VSR": "1", "-OCIT": "Kabel", "-LSA-Datum": "1988/01/21", "-Hersteller": "Yunex", "-Gerät": "sX-E-L", "-CKR-Nr.": "110078", "-LED": "LED", "-BS": "BTAO", "-Nachtab.": "-", "-Gerät-Datum": "2024-04-03", "-SB": "Germer", "-AP": "Ja", "-FG-Bem.": "-", "-VeloR.": "-", "-Bemerkung": null }, "geometry": { "type": "MultiPoint", "coordinates": [ [ 549828.4621, 5808390.927000000141561 ] ] } },
{ "type": "Feature", "properties": { "No.": 97.0, "-Kreuzung": "Schulenburger Landstraße / Hainhölzer Markt", "-Bezirk": "13", "-Art": "K", "-TK": "2", "-dv. FSA": "1", "-dv. 2-feld.": "1", "-VSR": "1", "-OCIT": "Kabel", "-LSA-Datum": "2012/12/06", "-Hersteller": "Yunex", "-Gerät": "sX", "-CKR-Nr.": "111081", "-LED": "LED", "-BS": "BTAO", "-Nachtab.": "-", "-Gerät-Datum": "2025-10-06", "-SB": "Germer", "-AP": "Ja", "-FG-Bem.": "-", "-VeloR.": "JTR", "-Bemerkung": null }, "geometry": { "type": "MultiPoint", "coordinates": [ [ 548485.536100000026636, 5805989.36699999962002 ] ] } },
{ "type": "Feature", "properties": { "No.": 170.0, "-Kreuzung": "Friedrichswall / Karmarschstr.", "-Bezirk": "1", "-Art": "K", "-TK": "1", "-dv. FSA": "0", "-dv. 2-feld.": "0", "-VSR": "1", "-OCIT": "Kabel", "-LSA-Datum": "1969/11/20", "-Hersteller": "Swarco", "-Gerät": "Actros", "-CKR-Nr.": "-", "-LED": "LED", "-BS": "-", "-Nachtab.": "-", "-Gerät-Datum": "2019-08-08", "-SB": "Sieber", "-AP": "-", "-FG-Bem.": "-", "-VeloR.": "CR", "-Bemerkung": "Smart City" }, "geometry": { "type": "MultiPoint", "coordinates": [ [ 549978.352199999964796, 5802333.559999999590218 ] ] } },
{ "type": "Feature", "properties": { "No.": 335.0, "-Kreuzung": "Lehrter Str. / Königsberger Ring", "-Bezirk": "5", "-Art": "K", "-TK": "1", "-dv. FSA": "0", "-dv. 2-feld.": "0", "-VSR": "3", "-OCIT": "-", "-LSA-Datum": "2002/12/06", "-Hersteller": "Swarco", "-Gerät": "Actros", "-CKR-Nr.": "-", "-LED": "LED", "-BS": "BTAO", "-Nachtab.": "-", "-Gerät-Datum": "2017-12-14", "-SB": "Lipp", "-AP": "-", "-FG-Bem.": "-", "-VeloR.": "-", "-Bemerkung": "AM Prozessorzeile 2025" }, "geometry": { "type": "MultiPoint", "coordinates": [ [ 557926.7317, 5801376.106999999843538 ] ] } },
{ "type": "Feature", "properties": { "No.": 557.0, "-Kreuzung": "Kugelfangtrift / Zehlendorfweg", "-Bezirk": "3", "-Art": "F", "-TK": "1", "-dv. FSA": "1", "-dv. 2-feld.": "0", "-VSR": "3", "-OCIT": "-", "-LSA-Datum": "1980/11/14", "-Hersteller": "Yunex", "-Gerät": "C840XS", "-CKR-Nr.": "101141", "-LED": "LED", "-BS": "-", "-Nachtab.": "Ja", "-Gerät-Datum": "2016-06-06", "-SB": "Germer", "-AP": "-", "-FG-Bem.": "-", "-VeloR.": "-", "-Bemerkung": "  " }, "geometry": { "type": "MultiPoint", "coordinates": [ [ 551631.922600000048988, 5808002.165 ] ] } },
{ "type": "Feature", "properties": { "No.": 134.0, "-Kreuzung": "Celler Straße / Otto-Brenner-Straße / Goseriede", "-Bezirk": "1", "-Art": "K", "-TK": "1", "-dv. FSA": "0", "-dv. 2-feld.": "0", "-VSR": "1", "-OCIT": "Kabel", "-LSA-Datum": "2012/11/14", "-Hersteller": "Swarco", "-Gerät": "Actros", "-CKR-Nr.": "-", "-LED": "LED", "-BS": "BTAO", "-Nachtab.": "-", "-Gerät-Datum": "2022-07-12", "-SB": "Sieber", "-AP": "-", "-FG-Bem.": "-", "-VeloR.": "-", "-Bemerkung": "Smart City" }, "geometry": { "type": "MultiPoint", "coordinates": [ [ 549751.125600000028498, 5803398.248999999836087 ] ] } },
{ "type": "Feature", "properties": { "No.": 703.0, "-Kreuzung": "Kattenbrookstrift / Zufahrt LBS / Krügerskamp / Weinkampswende", "-Bezirk": "6", "-Art": "K", "-TK": "1", "-dv. FSA": "0", "-dv. 2-feld.": "0", "-VSR": "8", "-OCIT": "Kabel", "-LSA-Datum": "2000/02/18", "-Hersteller": "Yunex", "-Gerät": "sX", "-CKR-Nr.": "111042", "-LED": "LED", "-BS": "BTAO", "-Nachtab.": "-", "-Gerät-Datum": "2018-08-23", "-SB": "Lipp", "-AP": "-", "-FG-Bem.": "-", "-VeloR.": "-", "-Bemerkung": "  " }, "geometry": { "type": "MultiPoint", "coordinates": [ [ 556593.51749999995809, 5798613.644000000320375 ] ] } },
{ "type": "Feature", "properties": { "No.": 489.0, "-Kreuzung": "Freundallee / Willestraße", "-Bezirk": "7", "-Art": "K", "-TK": "1", "-dv. FSA": "0", "-dv. 2-feld.": "0", "-VSR": "2", "-OCIT": "Kabel", "-LSA-Datum": "1998/09/28", "-Hersteller": "Yunex", "-Gerät": "sX", "-CKR-Nr.": "100021", "-LED": "LED", "-BS": "BTAO", "-Nachtab.": "-", "-Gerät-Datum": "2025-03-03", "-SB": "Leketas", "-AP": "Ja", "-FG-Bem.": "-", "-VeloR.": "-", "-Bemerkung": "  " }, "geometry": { "type": "MultiPoint", "coordinates": [ [ 552554.359799999976531, 5802337.207999999634922 ] ] } },
{ "type": "Feature", "properties": { "No.": 449.0, "-Kreuzung": "Sallstr./ Krausenstr.", "-Bezirk": "7", "-Art": "K", "-TK": "1", "-dv. FSA": "0", "-dv. 2-feld.": "0", "-VSR": "2", "-OCIT": "Kabel", "-LSA-Datum": "1969/01/28", "-Hersteller": "Yunex", "-Gerät": "C900", "-CKR-Nr.": "100146", "-LED": "LED", "-BS": "BT", "-Nachtab.": "Ja", "-Gerät-Datum": "2022-01-11", "-SB": "Leketas", "-AP": "-", "-FG-Bem.": "-", "-VeloR.": "-", "-Bemerkung": "  " }, "geometry": { "type": "MultiPoint", "coordinates": [ [ 551559.411100000026636, 5801824.661999999545515 ] ] } },
{ "type": "Feature", "properties": { "No.": 558.0, "-Kreuzung": "Kugelfangtrift / Märkischer Weg", "-Bezirk": "3", "-Art": "F", "-TK": "1", "-dv. FSA": "1", "-dv. 2-feld.": "0", "-VSR": "3", "-OCIT": "-", "-LSA-Datum": "1978/09/18", "-Hersteller": "Yunex", "-Gerät": "C840XS", "-CKR-Nr.": "100081", "-LED": "LED", "-BS": "-", "-Nachtab.": "Ja", "-Gerät-Datum": "2017-06-09", "-SB": "Germer", "-AP": "-", "-FG-Bem.": "-", "-VeloR.": "-", "-Bemerkung": "  " }, "geometry": { "type": "MultiPoint", "coordinates": [ [ 551865.168399999965914, 5807928.536999999545515 ] ] } },
{ "type": "Feature", "properties": { "No.": 287.0, "-Kreuzung": "Mainzer Str. / Wolfstr.", "-Bezirk": "8", "-Art": "K", "-TK": "1", "-dv. FSA": "0", "-dv. 2-feld.": "0", "-VSR": "2", "-OCIT": "Kabel", "-LSA-Datum": "1986/07/15", "-Hersteller": "Swarco", "-Gerät": "Actros", "-CKR-Nr.": "-", "-LED": "LED", "-BS": "BTAO", "-Nachtab.": "Ja", "-Gerät-Datum": "2006-05-16", "-SB": "Leketas", "-AP": "Ja", "-FG-Bem.": "-", "-VeloR.": "JTR", "-Bemerkung": "  " }, "geometry": { "type": "MultiPoint", "coordinates": [ [ 552592.852199999964796, 5800313.480999999679625 ] ] } },
{ "type": "Feature", "properties": { "No.": 65.0, "-Kreuzung": "Stelinger Straße / Alter Damm", "-Bezirk": "12", "-Art": "K", "-TK": "1", "-dv. FSA": "0", "-dv. 2-feld.": "0", "-VSR": "6", "-OCIT": "Kabel", "-LSA-Datum": "2004/03/18", "-Hersteller": "Swarco", "-Gerät": "Actros", "-CKR-Nr.": "-", "-LED": "LED", "-BS": "BTAO", "-Nachtab.": "-", "-Gerät-Datum": "2025-05-22", "-SB": "Teichert", "-AP": "Ja", "-FG-Bem.": "-", "-VeloR.": "GR", "-Bemerkung": null }, "geometry": { "type": "MultiPoint", "coordinates": [ [ 544064.6753, 5808717.234000000171363 ] ] } },
{ "type": "Feature", "properties": { "No.": 609.0, "-Kreuzung": "Badenstedter Str. / Bauweg / Am Ihlpol", "-Bezirk": "1011", "-Art": "K", "-TK": "3", "-dv. FSA": "1", "-dv. 2-feld.": "1", "-VSR": "4", "-OCIT": "Kabel", "-LSA-Datum": "1979/09/20", "-Hersteller": "Yunex", "-Gerät": "sX", "-CKR-Nr.": "101121", "-LED": "LED", "-BS": "BTAO", "-Nachtab.": "-", "-Gerät-Datum": "2025-06-20", "-SB": "Riedel", "-AP": "Ja", "-FG-Bem.": "-", "-VeloR.": "-", "-Bemerkung": "  " }, "geometry": { "type": "MultiPoint", "coordinates": [ [ 547255.0773, 5801436.114 ] ] } },
{ "type": "Feature", "properties": { "No.": 428.0, "-Kreuzung": "Hildesheimer Str. / Grazer Str.", "-Bezirk": "8", "-Art": "K", "-TK": "1", "-dv. FSA": "0", "-dv. 2-feld.": "0", "-VSR": "2", "-OCIT": "-", "-LSA-Datum": "1984/03/30", "-Hersteller": "Yunex", "-Gerät": "sX-H", "-CKR-Nr.": "100138", "-LED": "LED", "-BS": "BTAO", "-Nachtab.": "-", "-Gerät-Datum": "2025-06-26", "-SB": "Leketas", "-AP": "Ja", "-FG-Bem.": "-", "-VeloR.": "-", "-Bemerkung": "AM_Update_Prozessorzeile_Ocit2.0" }, "geometry": { "type": "MultiPoint", "coordinates": [ [ 551890.243200000026263, 5799777.911000000312924 ] ] } },
{ "type": "Feature", "properties": { "No.": 244.0, "-Kreuzung": "Am Listholze / Constantinstr. + TK G.-W.-Allee / Constantinstraße", "-Bezirk": "2", "-Art": "K", "-TK": "2", "-dv. FSA": "0", "-dv. 2-feld.": "0", "-VSR": "3", "-OCIT": "-", "-LSA-Datum": "1988/09/23", "-Hersteller": "Yunex", "-Gerät": "C840V", "-CKR-Nr.": "110138", "-LED": "LED", "-BS": "BTAO", "-Nachtab.": "Ja", "-Gerät-Datum": "2009-07-14", "-SB": "Germer", "-AP": "-", "-FG-Bem.": "-", "-VeloR.": "-", "-Bemerkung": "  " }, "geometry": { "type": "MultiPoint", "coordinates": [ [ 552159.665400000056252, 5806016.901999999769032 ] ] } },
{ "type": "Feature", "properties": { "No.": 570.0, "-Kreuzung": "Sahlkamp / Holzwiesen", "-Bezirk": "3", "-Art": "K", "-TK": "1", "-dv. FSA": "0", "-dv. 2-feld.": "0", "-VSR": "3", "-OCIT": "Kabel", "-LSA-Datum": "1970/11/05", "-Hersteller": "Yunex", "-Gerät": "C920ES", "-CKR-Nr.": "101068", "-LED": "LED", "-BS": "BTAO", "-Nachtab.": "-", "-Gerät-Datum": "2019-02-21", "-SB": "Germer", "-AP": "Ja", "-FG-Bem.": "-", "-VeloR.": "-", "-Bemerkung": "  " }, "geometry": { "type": "MultiPoint", "coordinates": [ [ 551883.858099999953993, 5806947.190999999642372 ] ] } },
{ "type": "Feature", "properties": { "No.": 214.0, "-Kreuzung": "Heisterbergallee / P+R", "-Bezirk": "11", "-Art": "K", "-TK": "1", "-dv. FSA": "0", "-dv. 2-feld.": "0", "-VSR": "5", "-OCIT": "Kabel", "-LSA-Datum": "1994/05/27", "-Hersteller": "Yunex", "-Gerät": "sX", "-CKR-Nr.": "110196", "-LED": "LED", "-BS": "BTAO", "-Nachtab.": "-", "-Gerät-Datum": "2021-09-16", "-SB": "Riedel", "-AP": "Ja", "-FG-Bem.": "-", "-VeloR.": "-", "-Bemerkung": null }, "geometry": { "type": "MultiPoint", "coordinates": [ [ 545890.4155, 5803215.25899999961257 ] ] } },
{ "type": "Feature", "properties": { "No.": 98.0, "-Kreuzung": "Königsworther Str. / Braunstr. (Glocksee)", "-Bezirk": "1", "-Art": "K", "-TK": "2", "-dv. FSA": "0", "-dv. 2-feld.": "1", "-VSR": "1", "-OCIT": "Kabel", "-LSA-Datum": "1972/03/15", "-Hersteller": "Yunex", "-Gerät": "sX", "-CKR-Nr.": "100180", "-LED": "LED", "-BS": "BTAO", "-Nachtab.": "-", "-Gerät-Datum": "2024-12-12", "-SB": "Sieber", "-AP": "Ja", "-FG-Bem.": "-", "-VeloR.": "-", "-Bemerkung": "C-Roads" }, "geometry": { "type": "MultiPoint", "coordinates": [ [ 549069.001399999950081, 5802805.190999999642372 ] ] } },
{ "type": "Feature", "properties": { "No.": 161.0, "-Kreuzung": "Ernst-August-Platz / Kurt-Schumacher-Str.", "-Bezirk": "1", "-Art": "K", "-TK": "1", "-dv. FSA": "0", "-dv. 2-feld.": "0", "-VSR": "1", "-OCIT": "Kabel", "-LSA-Datum": "1972/12/20", "-Hersteller": "Yunex", "-Gerät": "C940ES", "-CKR-Nr.": "101076", "-LED": "LED", "-BS": "BTAO", "-Nachtab.": "-", "-Gerät-Datum": "2017-09-15", "-SB": "Sieber", "-AP": "-", "-FG-Bem.": "Ja", "-VeloR.": "-", "-Bemerkung": null }, "geometry": { "type": "MultiPoint", "coordinates": [ [ 550341.382600000011735, 5803212.020999999716878 ] ] } },
{ "type": "Feature", "properties": { "No.": 567.0, "-Kreuzung": "Holzwiesen / Dunantstr.", "-Bezirk": "3", "-Art": "F", "-TK": "1", "-dv. FSA": "1", "-dv. 2-feld.": "0", "-VSR": "3", "-OCIT": "-", "-LSA-Datum": "1980/11/14", "-Hersteller": "Swarco", "-Gerät": "BTC 500", "-CKR-Nr.": "-", "-LED": "LED", "-BS": "-", "-Nachtab.": "Ja", "-Gerät-Datum": "2000-01-13", "-SB": "Germer", "-AP": "-", "-FG-Bem.": "-", "-VeloR.": "-", "-Bemerkung": "  " }, "geometry": { "type": "MultiPoint", "coordinates": [ [ 551879.519899999955669, 5807594.650000000372529 ] ] } },
{ "type": "Feature", "properties": { "No.": 158.0, "-Kreuzung": "Hamburger Allee / Celler Str.", "-Bezirk": "1", "-Art": "K", "-TK": "1", "-dv. FSA": "0", "-dv. 2-feld.": "0", "-VSR": "1", "-OCIT": "Kabel", "-LSA-Datum": "1974/09/16", "-Hersteller": "Yunex", "-Gerät": "C900", "-CKR-Nr.": "100125", "-LED": "LED", "-BS": "-", "-Nachtab.": "-", "-Gerät-Datum": "2022-06-28", "-SB": "Sieber", "-AP": "-", "-FG-Bem.": "-", "-VeloR.": "CR", "-Bemerkung": "Smart City" }, "geometry": { "type": "MultiPoint", "coordinates": [ [ 550236.28249999997206, 5803781.61699999962002 ] ] } },
{ "type": "Feature", "properties": { "No.": 240.0, "-Kreuzung": "Bemeroder Str./ Emslandstr.+ Gleisüberf.+ Am Sandb.", "-Bezirk": "6", "-Art": "K", "-TK": "2", "-dv. FSA": "0", "-dv. 2-feld.": "0", "-VSR": "8", "-OCIT": "-", "-LSA-Datum": "1987/08/05", "-Hersteller": "Swarco", "-Gerät": "BTC 500", "-CKR-Nr.": "-", "-LED": "10 V", "-BS": "-", "-Nachtab.": "-", "-Gerät-Datum": "1999-09-23", "-SB": "Lipp", "-AP": "-", "-FG-Bem.": "-", "-VeloR.": "VR06", "-Bemerkung": "Klimaschutzrichtlinie - Antrag August 2023" }, "geometry": { "type": "MultiPoint", "coordinates": [ [ 555940.135800000047311, 5799755.392 ] ] } },
{ "type": "Feature", "properties": { "No.": 539.0, "-Kreuzung": "Klingerstraße / Herm.-Bahlsen-Allee / Groß-Buchholzer Straße + TK Gehägestraße", "-Bezirk": "4", "-Art": "K", "-TK": "2", "-dv. FSA": "0", "-dv. 2-feld.": "0", "-VSR": "3", "-OCIT": "Kabel", "-LSA-Datum": "1966/03/21", "-Hersteller": "Yunex", "-Gerät": "sX", "-CKR-Nr.": "100131", "-LED": "LED", "-BS": "-", "-Nachtab.": "-", "-Gerät-Datum": "2023-08-08", "-SB": "Leketas", "-AP": "-", "-FG-Bem.": "-", "-VeloR.": "-", "-Bemerkung": "  " }, "geometry": { "type": "MultiPoint", "coordinates": [ [ 553923.010299999965355, 5805483.109000000171363 ] ] } },
{ "type": "Feature", "properties": { "No.": 569.0, "-Kreuzung": "Sahlkamp / Lister Damm", "-Bezirk": "3", "-Art": "F", "-TK": "1", "-dv. FSA": "1", "-dv. 2-feld.": "1", "-VSR": "1", "-OCIT": "-", "-LSA-Datum": "1977/09/23", "-Hersteller": "Yunex", "-Gerät": "C840XS", "-CKR-Nr.": "100059", "-LED": "LED", "-BS": "-", "-Nachtab.": "Ja", "-Gerät-Datum": "2016-08-11", "-SB": "Germer", "-AP": "-", "-FG-Bem.": "-", "-VeloR.": "-", "-Bemerkung": "  " }, "geometry": { "type": "MultiPoint", "coordinates": [ [ 551312.55960000003688, 5806944.75 ] ] } },
{ "type": "Feature", "properties": { "No.": 167.0, "-Kreuzung": "Vinnhorster Weg /Rehagen", "-Bezirk": "12", "-Art": "K", "-TK": "1", "-dv. FSA": "0", "-dv. 2-feld.": "0", "-VSR": "1", "-OCIT": "-", "-LSA-Datum": "1997/01/24", "-Hersteller": "Yunex", "-Gerät": "C840V", "-CKR-Nr.": "111009", "-LED": "LED", "-BS": "BTAO", "-Nachtab.": "-", "-Gerät-Datum": "2007-12-19", "-SB": "Teichert", "-AP": "-", "-FG-Bem.": "-", "-VeloR.": "-", "-Bemerkung": null }, "geometry": { "type": "MultiPoint", "coordinates": [ [ 547422.535099999979138, 5807281.006 ] ] } },
{ "type": "Feature", "properties": { "No.": 565.0, "-Kreuzung": "Burgwedeler Str. / Sutelstr. / Hintzehof          ", "-Bezirk": "3", "-Art": "K", "-TK": "1", "-dv. FSA": "0", "-dv. 2-feld.": "0", "-VSR": "3", "-OCIT": "Kabel", "-LSA-Datum": "1990/09/07", "-Hersteller": "Swarco", "-Gerät": "Actros Alpha", "-CKR-Nr.": "-", "-LED": "LED", "-BS": "BTAO", "-Nachtab.": "Ja", "-Gerät-Datum": "2019-10-28", "-SB": "Germer", "-AP": "-", "-FG-Bem.": "-", "-VeloR.": "-", "-Bemerkung": "  " }, "geometry": { "type": "MultiPoint", "coordinates": [ [ 554312.207900000037625, 5807697.58 ] ] } },
{ "type": "Feature", "properties": { "No.": 297.0, "-Kreuzung": "Allerweg / Charlottenstraße", "-Bezirk": "10", "-Art": "F", "-TK": "1", "-dv. FSA": "1", "-dv. 2-feld.": "0", "-VSR": "1", "-OCIT": "Kabel", "-LSA-Datum": "2002/12/12", "-Hersteller": "Stührenberg", "-Gerät": "STM5", "-CKR-Nr.": "-", "-LED": "LED", "-BS": "BTAO", "-Nachtab.": "-", "-Gerät-Datum": "2025-03-04", "-SB": "Riedel", "-AP": "Ja", "-FG-Bem.": "-", "-VeloR.": "-", "-Bemerkung": "C-Roads" }, "geometry": { "type": "MultiPoint", "coordinates": [ [ 548885.450100000016391, 5801540.428000000305474 ] ] } },
{ "type": "Feature", "properties": { "No.": 91.0, "-Kreuzung": "Wallensteinstr. / Pyrmonter Str. TK Bartolt-Knaust-Straße", "-Bezirk": "9", "-Art": "K", "-TK": "1", "-dv. FSA": "0", "-dv. 2-feld.": "0", "-VSR": "4", "-OCIT": "-", "-LSA-Datum": "1982/11/12", "-Hersteller": "Yunex", "-Gerät": "C800V", "-CKR-Nr.": "101021", "-LED": "-", "-BS": "BTAO", "-Nachtab.": "-", "-Gerät-Datum": "2003-03-26", "-SB": "Lipp", "-AP": "-", "-FG-Bem.": "-", "-VeloR.": "-", "-Bemerkung": null }, "geometry": { "type": "MultiPoint", "coordinates": [ [ 548318.311699999962002, 5799300.020999999716878 ] ] } },
{ "type": "Feature", "properties": { "No.": 175.0, "-Kreuzung": "Ricklinger Straße / Haus Nr. 10", "-Bezirk": "10", "-Art": "F", "-TK": "1", "-dv. FSA": "1", "-dv. 2-feld.": "0", "-VSR": "1", "-OCIT": "Kabel", "-LSA-Datum": "1999/05/28", "-Hersteller": "Swarco", "-Gerät": "Actros", "-CKR-Nr.": "-", "-LED": "LED", "-BS": "BTAO", "-Nachtab.": "-", "-Gerät-Datum": "2024-05-03", "-SB": "Riedel", "-AP": "Ja", "-FG-Bem.": "-", "-VeloR.": "-", "-Bemerkung": null }, "geometry": { "type": "MultiPoint", "coordinates": [ [ 549015.838600000017323, 5801910.24199999962002 ] ] } },
{ "type": "Feature", "properties": { "No.": 530.0, "-Kreuzung": "Podbielskistr. / Vier Grenzen / Lister Kirchweg", "-Bezirk": "2", "-Art": "K", "-TK": "2", "-dv. FSA": "1", "-dv. 2-feld.": "0", "-VSR": "3", "-OCIT": "Kabel", "-LSA-Datum": "1968/03/23", "-Hersteller": "Yunex", "-Gerät": "sX", "-CKR-Nr.": "100172", "-LED": "LED", "-BS": "BTAO", "-Nachtab.": "-", "-Gerät-Datum": "2023-04-04", "-SB": "Germer", "-AP": "-", "-FG-Bem.": "-", "-VeloR.": "-", "-Bemerkung": "  " }, "geometry": { "type": "MultiPoint", "coordinates": [ [ 551917.468699999968521, 5805280.712000000290573 ] ] } },
{ "type": "Feature", "properties": { "No.": 98.0, "-Kreuzung": "Königsworther Str. / Braunstr. (Glocksee)", "-Bezirk": "1", "-Art": "K", "-TK": "2", "-dv. FSA": "0", "-dv. 2-feld.": "1", "-VSR": "1", "-OCIT": "Kabel", "-LSA-Datum": "1972/03/15", "-Hersteller": "Yunex", "-Gerät": "sX", "-CKR-Nr.": "100180", "-LED": "LED", "-BS": "BTAO", "-Nachtab.": "-", "-Gerät-Datum": "2024-12-12", "-SB": "Sieber", "-AP": "Ja", "-FG-Bem.": "-", "-VeloR.": "-", "-Bemerkung": "C-Roads" }, "geometry": { "type": "MultiPoint", "coordinates": [ [ 548924.192000000039116, 5802868.730999999679625 ] ] } },
{ "type": "Feature", "properties": { "No.": 130.0, "-Kreuzung": "Bornumer Str. / Nenndorfer Chaussee", "-Bezirk": "9", "-Art": "K", "-TK": "1", "-dv. FSA": "0", "-dv. 2-feld.": "0", "-VSR": "4", "-OCIT": "Kabel", "-LSA-Datum": "1979/12/20", "-Hersteller": "Yunex", "-Gerät": "C940ES", "-CKR-Nr.": "101126", "-LED": "LED", "-BS": "-", "-Nachtab.": "Ja", "-Gerät-Datum": "2018-10-23", "-SB": "Riedel", "-AP": "Ja", "-FG-Bem.": "-", "-VeloR.": "-", "-Bemerkung": null }, "geometry": { "type": "MultiPoint", "coordinates": [ [ 546967.415099999983795, 5800123.50800000037998 ] ] } },
{ "type": "Feature", "properties": { "No.": 712.0, "-Kreuzung": "Hermesallee / Kleingärten / Dennenkamp", "-Bezirk": "8", "-Art": "F", "-TK": "1", "-dv. FSA": "1", "-dv. 2-feld.": "1", "-VSR": "8", "-OCIT": "Kabel", "-LSA-Datum": "1999/07/09", "-Hersteller": "Swarco", "-Gerät": "Actros", "-CKR-Nr.": "-", "-LED": "LED", "-BS": "LOC-ID", "-Nachtab.": "Ja", "-Gerät-Datum": "2021-11-02", "-SB": "Lipp", "-AP": "-", "-FG-Bem.": "-", "-VeloR.": "-", "-Bemerkung": "  " }, "geometry": { "type": "MultiPoint", "coordinates": [ [ 554381.470100000035018, 5797786.066999999806285 ] ] } },
{ "type": "Feature", "properties": { "No.": 109.0, "-Kreuzung": "Fössestraße / Selmastraße", "-Bezirk": "10", "-Art": "K", "-TK": "1", "-dv. FSA": "0", "-dv. 2-feld.": "0", "-VSR": "1", "-OCIT": "Kabel", "-LSA-Datum": "1977/11/15", "-Hersteller": "Yunex", "-Gerät": "sX", "-CKR-Nr.": "100030", "-LED": "LED", "-BS": "BTAO", "-Nachtab.": "-", "-Gerät-Datum": "2025-12-03", "-SB": "Riedel", "-AP": "Ja", "-FG-Bem.": "-", "-VeloR.": "-", "-Bemerkung": null }, "geometry": { "type": "MultiPoint", "coordinates": [ [ 548432.3347, 5802519.30599999986589 ] ] } },
{ "type": "Feature", "properties": { "No.": 291.0, "-Kreuzung": "Stöckener Str. / Alte Stöckener Straße / Rampe B6", "-Bezirk": "12", "-Art": "K", "-TK": "1", "-dv. FSA": "0", "-dv. 2-feld.": "0", "-VSR": "6", "-OCIT": "-", "-LSA-Datum": "1994/08/12", "-Hersteller": "Yunex", "-Gerät": "MS", "-CKR-Nr.": "110184", "-LED": "LED", "-BS": "-", "-Nachtab.": "-", "-Gerät-Datum": "1994-08-15", "-SB": "Teichert", "-AP": "-", "-FG-Bem.": "-", "-VeloR.": "-", "-Bemerkung": "  " }, "geometry": { "type": "MultiPoint", "coordinates": [ [ 544663.383599999942817, 5806557.353000000119209 ] ] } },
{ "type": "Feature", "properties": { "No.": 96.0, "-Kreuzung": "Göttinger Chaussee/In der Rehre", "-Bezirk": "9", "-Art": "K", "-TK": "1", "-dv. FSA": "0", "-dv. 2-feld.": "0", "-VSR": "4", "-OCIT": "Kabel", "-LSA-Datum": "2023/08/22", "-Hersteller": "Swarco", "-Gerät": "Actros", "-CKR-Nr.": "-", "-LED": "LED", "-BS": "BTAO", "-Nachtab.": "-", "-Gerät-Datum": "2023-08-22", "-SB": "Lipp", "-AP": "Ja", "-FG-Bem.": "-", "-VeloR.": "-", "-Bemerkung": null }, "geometry": { "type": "MultiPoint", "coordinates": [ [ 548956.7341, 5798166.398 ] ] } },
{ "type": "Feature", "properties": { "No.": 490.0, "-Kreuzung": "Bischofsholer Damm / Janusz- Korczak- Allee", "-Bezirk": "7", "-Art": "K", "-TK": "3", "-dv. FSA": "1", "-dv. 2-feld.": "1", "-VSR": "2", "-OCIT": "-", "-LSA-Datum": "1998/11/26", "-Hersteller": "Swarco", "-Gerät": "Actros", "-CKR-Nr.": "-", "-LED": "LED", "-BS": "BTAO", "-Nachtab.": "-", "-Gerät-Datum": "2016-12-15", "-SB": "Leketas", "-AP": "-", "-FG-Bem.": "-", "-VeloR.": "VR06", "-Bemerkung": "AM Veloroute Steuergerät usw." }, "geometry": { "type": "MultiPoint", "coordinates": [ [ 552996.5394, 5801621.70299999974668 ] ] } },
{ "type": "Feature", "properties": { "No.": 505.0, "-Kreuzung": "Bödekerstr. / Wedekindstr.", "-Bezirk": "102", "-Art": "K", "-TK": "1", "-dv. FSA": "0", "-dv. 2-feld.": "0", "-VSR": "3", "-OCIT": "Kabel", "-LSA-Datum": "1965/10/27", "-Hersteller": "Yunex", "-Gerät": "sX-H", "-CKR-Nr.": "100151", "-LED": "LED", "-BS": "BTAO", "-Nachtab.": "-", "-Gerät-Datum": "2026-06-17", "-SB": "Sieber", "-AP": "Ja", "-FG-Bem.": "-", "-VeloR.": "-", "-Bemerkung": "C-Roads" }, "geometry": { "type": "MultiPoint", "coordinates": [ [ 551171.946099999942817, 5804231.435999999754131 ] ] } },
{ "type": "Feature", "properties": { "No.": 400.0, "-Kreuzung": "Robert-Enke-Straße (ehem. Arthur-Menge-Ufer) / Bruchmeisterallee", "-Bezirk": "1", "-Art": "K", "-TK": "1", "-dv. FSA": "0", "-dv. 2-feld.": "0", "-VSR": "2", "-OCIT": "-", "-LSA-Datum": "1977/08/01", "-Hersteller": "Yunex", "-Gerät": "C800V", "-CKR-Nr.": "100028", "-LED": "LED", "-BS": "-", "-Nachtab.": "Ja", "-Gerät-Datum": "2017-12-21", "-SB": "Riedel", "-AP": "-", "-FG-Bem.": "-", "-VeloR.": "-", "-Bemerkung": "Planung Umbau 2026 AM OCIT u. VSR" }, "geometry": { "type": "MultiPoint", "coordinates": [ [ 549885.177999999956228, 5801571.747999999672174 ] ] } },
{ "type": "Feature", "properties": { "No.": 541.0, "-Kreuzung": "Podbielskistr. / Pasteurallee / Im Heidkampe", "-Bezirk": "304", "-Art": "K", "-TK": "1", "-dv. FSA": "0", "-dv. 2-feld.": "0", "-VSR": "3", "-OCIT": "Kabel", "-LSA-Datum": "1965/09/13", "-Hersteller": "Yunex", "-Gerät": "C900V", "-CKR-Nr.": "100153", "-LED": "LED", "-BS": "BTAO", "-Nachtab.": "-", "-Gerät-Datum": "2020-03-25", "-SB": "Leketas", "-AP": "Ja", "-FG-Bem.": "-", "-VeloR.": "-", "-Bemerkung": "  " }, "geometry": { "type": "MultiPoint", "coordinates": [ [ 554779.558599999989383, 5806750.820000000298023 ] ] } },
{ "type": "Feature", "properties": { "No.": 483.0, "-Kreuzung": "Kirchröder Str. / Scheidestr.", "-Bezirk": "4", "-Art": "K", "-TK": "3", "-dv. FSA": "2", "-dv. 2-feld.": "2", "-VSR": "2", "-OCIT": "-", "-LSA-Datum": "1963/11/05", "-Hersteller": "Swarco", "-Gerät": "Actros", "-CKR-Nr.": "-", "-LED": "LED", "-BS": "BTAO", "-Nachtab.": "-", "-Gerät-Datum": "2010-12-13", "-SB": "Leketas", "-AP": "-", "-FG-Bem.": "-", "-VeloR.": "-", "-Bemerkung": "AM Prozessorupdate 2025" }, "geometry": { "type": "MultiPoint", "coordinates": [ [ 553413.004599999985658, 5802757.434000000357628 ] ] } },
{ "type": "Feature", "properties": { "No.": 261.0, "-Kreuzung": "Nienburger Str. / Schneiderberg", "-Bezirk": "13", "-Art": "K", "-TK": "3", "-dv. FSA": "1", "-dv. 2-feld.": "1", "-VSR": "6", "-OCIT": "Kabel", "-LSA-Datum": "1969/02/13", "-Hersteller": "Yunex", "-Gerät": "sX", "-CKR-Nr.": "100114", "-LED": "LED", "-BS": "BTAO", "-Nachtab.": "-", "-Gerät-Datum": "2026-04-01", "-SB": "Riedel", "-AP": "Ja", "-FG-Bem.": "Ja", "-VeloR.": "-", "-Bemerkung": "  " }, "geometry": { "type": "MultiPoint", "coordinates": [ [ 548515.790999999968335, 5804081.71999999973923 ] ] } },
{ "type": "Feature", "properties": { "No.": 577.0, "-Kreuzung": "Podbielskistraße / Käthe-Steinitz-Straße", "-Bezirk": "4", "-Art": "F", "-TK": "3", "-dv. FSA": "3", "-dv. 2-feld.": "0", "-VSR": "3", "-OCIT": "-", "-LSA-Datum": "2000/04/19", "-Hersteller": "Yunex", "-Gerät": "C800V", "-CKR-Nr.": "111051", "-LED": "LED", "-BS": "BTAO", "-Nachtab.": "-", "-Gerät-Datum": "2010-05-05", "-SB": "Germer", "-AP": "-", "-FG-Bem.": "-", "-VeloR.": "-", "-Bemerkung": "  " }, "geometry": { "type": "MultiPoint", "coordinates": [ [ 554266.0024, 5806414.798999999649823 ] ] } },
{ "type": "Feature", "properties": { "No.": 290.0, "-Kreuzung": "Bischof-von-Ketteler-Straße / HBST Kurze-Kamp-Straße", "-Bezirk": "3", "-Art": "K", "-TK": "2", "-dv. FSA": "1", "-dv. 2-feld.": "1", "-VSR": "3", "-OCIT": "Kabel", "-LSA-Datum": "2023/01/25", "-Hersteller": "Yunex", "-Gerät": "sX", "-CKR-Nr.": "111032", "-LED": "LED", "-BS": "BTAO", "-Nachtab.": "-", "-Gerät-Datum": "2023-01-25", "-SB": "Germer", "-AP": "Ja", "-FG-Bem.": "-", "-VeloR.": "VR03", "-Bemerkung": "  " }, "geometry": { "type": "MultiPoint", "coordinates": [ [ 554266.604799999971874, 5808225.230000000447035 ] ] } },
{ "type": "Feature", "properties": { "No.": 238.0, "-Kreuzung": "Im Heidkampe / Laher Kirchweg", "-Bezirk": "3", "-Art": "K", "-TK": "1", "-dv. FSA": "0", "-dv. 2-feld.": "0", "-VSR": "3", "-OCIT": "LTE", "-LSA-Datum": "1978/01/18", "-Hersteller": "Yunex", "-Gerät": "C940ES", "-CKR-Nr.": "100065", "-LED": "LED", "-BS": "-", "-Nachtab.": "Ja", "-Gerät-Datum": "2018-02-20", "-SB": "Germer", "-AP": "Ja", "-FG-Bem.": "-", "-VeloR.": "-", "-Bemerkung": "AM Umplanung in Lisa" }, "geometry": { "type": "MultiPoint", "coordinates": [ [ 554773.964999999967404, 5807209.376000000163913 ] ] } },
{ "type": "Feature", "properties": { "No.": 179.0, "-Kreuzung": "Stadionbrücke / Stammestraße", "-Bezirk": "10", "-Art": "K", "-TK": "1", "-dv. FSA": "0", "-dv. 2-feld.": "0", "-VSR": "1", "-OCIT": "-", "-LSA-Datum": "2014/07/29", "-Hersteller": "Yunex", "-Gerät": "C840ES", "-CKR-Nr.": "111083", "-LED": "LED", "-BS": "BTAO", "-Nachtab.": "-", "-Gerät-Datum": "2014-07-29", "-SB": "Sieber", "-AP": "-", "-FG-Bem.": "-", "-VeloR.": "-", "-Bemerkung": "C-Roads" }, "geometry": { "type": "MultiPoint", "coordinates": [ [ 549323.463600000017323, 5801154.545 ] ] } },
{ "type": "Feature", "properties": { "No.": 185.0, "-Kreuzung": "Ritter-Brüning-Str. / Allerweg     ", "-Bezirk": "10", "-Art": "K", "-TK": "1", "-dv. FSA": "0", "-dv. 2-feld.": "0", "-VSR": "1", "-OCIT": "Kabel", "-LSA-Datum": "1975/09/09", "-Hersteller": "Yunex", "-Gerät": "sX-E-H", "-CKR-Nr.": "110082", "-LED": "LED", "-BS": "-", "-Nachtab.": "-", "-Gerät-Datum": "2021-12-21", "-SB": "Sieber", "-AP": "Ja", "-FG-Bem.": "-", "-VeloR.": "-", "-Bemerkung": "C-Roads" }, "geometry": { "type": "MultiPoint", "coordinates": [ [ 549121.586499999975786, 5801498.768000000156462 ] ] } },
{ "type": "Feature", "properties": { "No.": 222.0, "-Kreuzung": "Stammestr. / Auf der Papenburg", "-Bezirk": "9", "-Art": "F", "-TK": "1", "-dv. FSA": "1", "-dv. 2-feld.": "1", "-VSR": "4", "-OCIT": "LTE", "-LSA-Datum": "1973/07/13", "-Hersteller": "Swarco", "-Gerät": "Actros", "-CKR-Nr.": "-", "-LED": "LED", "-BS": "BTAO", "-Nachtab.": "-", "-Gerät-Datum": "2016-08-16", "-SB": "Riedel", "-AP": "Ja", "-FG-Bem.": "-", "-VeloR.": "VR09", "-Bemerkung": "  " }, "geometry": { "type": "MultiPoint", "coordinates": [ [ 549565.028199999942444, 5800212.364 ] ] } },
{ "type": "Feature", "properties": { "No.": 484.0, "-Kreuzung": "Kirchröder Str. / Breithauptstr.", "-Bezirk": "4", "-Art": "F", "-TK": "2", "-dv. FSA": "1", "-dv. 2-feld.": "1", "-VSR": "2", "-OCIT": "Kabel", "-LSA-Datum": "1982/05/13", "-Hersteller": "Swarco", "-Gerät": "Actros", "-CKR-Nr.": "-", "-LED": "LED", "-BS": "BTAO", "-Nachtab.": "-", "-Gerät-Datum": "2024-12-11", "-SB": "Leketas", "-AP": "Ja", "-FG-Bem.": "-", "-VeloR.": "-", "-Bemerkung": "  " }, "geometry": { "type": "MultiPoint", "coordinates": [ [ 553595.0379, 5802722.50899999961257 ] ] } },
{ "type": "Feature", "properties": { "No.": 579.0, "-Kreuzung": "Betriebshof Sutelstraße + Adolf-Emmelmann-Straße", "-Bezirk": "3", "-Art": "K", "-TK": "2", "-dv. FSA": "0", "-dv. 2-feld.": "0", "-VSR": "3", "-OCIT": "Kabel", "-LSA-Datum": "2003/06/23", "-Hersteller": "Yunex", "-Gerät": "sX", "-CKR-Nr.": "111034", "-LED": "LED", "-BS": "BTAO", "-Nachtab.": "-", "-Gerät-Datum": "2023-09-07", "-SB": "Germer", "-AP": "Ja", "-FG-Bem.": "-", "-VeloR.": "-", "-Bemerkung": null }, "geometry": { "type": "MultiPoint", "coordinates": [ [ 554398.675599999958649, 5806770.479000000283122 ] ] } },
{ "type": "Feature", "properties": { "No.": 51.0, "-Kreuzung": "Stöckener Straße / Heimatweg in Planung", "-Bezirk": "-", "-Art": "-", "-TK": "-", "-dv. FSA": "-", "-dv. 2-feld.": "-", "-VSR": "-", "-OCIT": "-", "-LSA-Datum": "-", "-Hersteller": "-", "-Gerät": "-", "-CKR-Nr.": "-", "-LED": "-", "-BS": "-", "-Nachtab.": "-", "-Gerät-Datum": null, "-SB": "Teichert", "-AP": "-", "-FG-Bem.": "-", "-VeloR.": "-", "-Bemerkung": null }, "geometry": { "type": "MultiPoint", "coordinates": [ [ 545454.1751, 5805824.531999999657273 ] ] } },
{ "type": "Feature", "properties": { "No.": 260.0, "-Kreuzung": "Schützenallee / Brückstr.", "-Bezirk": "8", "-Art": "K", "-TK": "1", "-dv. FSA": "0", "-dv. 2-feld.": "0", "-VSR": "2", "-OCIT": "Kabel", "-LSA-Datum": "1974/05/02", "-Hersteller": "Swarco", "-Gerät": "Actros", "-CKR-Nr.": "-", "-LED": "LED", "-BS": "-", "-Nachtab.": "Ja", "-Gerät-Datum": "2013-02-26", "-SB": "Lipp", "-AP": "Ja", "-FG-Bem.": "-", "-VeloR.": "VR08", "-Bemerkung": "Klimaschutzrichtlinie" }, "geometry": { "type": "MultiPoint", "coordinates": [ [ 551762.7574, 5798589.603000000119209 ] ] } },
{ "type": "Feature", "properties": { "No.": 128.0, "-Kreuzung": "Bornumer Str. / Ossietzkyring", "-Bezirk": "9", "-Art": "K", "-TK": "1", "-dv. FSA": "0", "-dv. 2-feld.": "0", "-VSR": "4", "-OCIT": "Kabel", "-LSA-Datum": "1979/08/08", "-Hersteller": "Yunex", "-Gerät": "C940ES", "-CKR-Nr.": "101106", "-LED": "LED", "-BS": "BTAO", "-Nachtab.": "Ja", "-Gerät-Datum": "2022-11-16", "-SB": "Lipp", "-AP": "-", "-FG-Bem.": "-", "-VeloR.": "-", "-Bemerkung": null }, "geometry": { "type": "MultiPoint", "coordinates": [ [ 547270.564600000041537, 5799415.769999999552965 ] ] } },
{ "type": "Feature", "properties": { "No.": 171.0, "-Kreuzung": "Friederikenplatz / Friedrichswall / Lavesallee", "-Bezirk": "1", "-Art": "K", "-TK": "3", "-dv. FSA": "1", "-dv. 2-feld.": "2", "-VSR": "1", "-OCIT": "Kabel", "-LSA-Datum": "1970/06/16", "-Hersteller": "Yunex", "-Gerät": "C900V", "-CKR-Nr.": "101057", "-LED": "LED", "-BS": "-", "-Nachtab.": "-", "-Gerät-Datum": "2020-02-05", "-SB": "Sieber", "-AP": "-", "-FG-Bem.": "-", "-VeloR.": "CR", "-Bemerkung": "Smart City" }, "geometry": { "type": "MultiPoint", "coordinates": [ [ 549830.714700000011362, 5802378.803999999538064 ] ] } },
{ "type": "Feature", "properties": { "No.": 252.0, "-Kreuzung": "Auf der Horst / Planetenring", "-Bezirk": "12", "-Art": "K", "-TK": "1", "-dv. FSA": "0", "-dv. 2-feld.": "0", "-VSR": "6", "-OCIT": "-", "-LSA-Datum": "1973/10/03", "-Hersteller": "Yunex", "-Gerät": "C840ES", "-CKR-Nr.": "110042", "-LED": "LED", "-BS": "BTAO", "-Nachtab.": "-", "-Gerät-Datum": "2016-09-07", "-SB": "Teichert", "-AP": "-", "-FG-Bem.": "-", "-VeloR.": "GR", "-Bemerkung": "  " }, "geometry": { "type": "MultiPoint", "coordinates": [ [ 541882.0111, 5807793.864 ] ] } },
{ "type": "Feature", "properties": { "No.": 421.0, "-Kreuzung": "Hildesheimer Str. / Krausenstr.", "-Bezirk": "7", "-Art": "K", "-TK": "1", "-dv. FSA": "0", "-dv. 2-feld.": "0", "-VSR": "2", "-OCIT": "-", "-LSA-Datum": "1969/05/13", "-Hersteller": "Swarco", "-Gerät": "Actros", "-CKR-Nr.": "-", "-LED": "LED", "-BS": "-", "-Nachtab.": "-", "-Gerät-Datum": "2022-09-15", "-SB": "Leketas", "-AP": "-", "-FG-Bem.": "-", "-VeloR.": "-", "-Bemerkung": "  " }, "geometry": { "type": "MultiPoint", "coordinates": [ [ 551011.4523, 5801561.742999999783933 ] ] } },
{ "type": "Feature", "properties": { "No.": 90.0, "-Kreuzung": "Wallensteinstr. / Am Sauerwinkel", "-Bezirk": "9", "-Art": "K", "-TK": "3", "-dv. FSA": "1", "-dv. 2-feld.": "1", "-VSR": "4", "-OCIT": "Kabel", "-LSA-Datum": "1971/05/27", "-Hersteller": "Swarco", "-Gerät": "Actros", "-CKR-Nr.": "-", "-LED": "LED", "-BS": "BTAO", "-Nachtab.": "-", "-Gerät-Datum": "2008-12-06", "-SB": "Lipp", "-AP": "-", "-FG-Bem.": "-", "-VeloR.": "-", "-Bemerkung": "AM OCIT" }, "geometry": { "type": "MultiPoint", "coordinates": [ [ 547781.750499999965541, 5799241.185999999754131 ] ] } },
{ "type": "Feature", "properties": { "No.": 583.0, "-Kreuzung": "Karl-Wiechert-Allee / Carl-Neuberg-Straße", "-Bezirk": "4", "-Art": "K", "-TK": "1", "-dv. FSA": "0", "-dv. 2-feld.": "0", "-VSR": "3", "-OCIT": "-", "-LSA-Datum": "1986/11/11", "-Hersteller": "Swarco", "-Gerät": "Actros", "-CKR-Nr.": "-", "-LED": "LED", "-BS": "BTAO", "-Nachtab.": "-", "-Gerät-Datum": "2006-06-06", "-SB": "Leketas", "-AP": "-", "-FG-Bem.": "-", "-VeloR.": "-", "-Bemerkung": "  " }, "geometry": { "type": "MultiPoint", "coordinates": [ [ 555031.843, 5804293.08 ] ] } },
{ "type": "Feature", "properties": { "No.": 424.0, "-Kreuzung": "Hildesheimer Str. / Hilde-Schneider-Allee (Elkartallee)", "-Bezirk": "7", "-Art": "F", "-TK": "2", "-dv. FSA": "2", "-dv. 2-feld.": "0", "-VSR": "2", "-OCIT": "Kabel", "-LSA-Datum": "1973/08/03", "-Hersteller": "Swarco", "-Gerät": "Actros", "-CKR-Nr.": "-", "-LED": "LED", "-BS": "BTAO", "-Nachtab.": "Ja", "-Gerät-Datum": "2023-05-25", "-SB": "Leketas", "-AP": "-", "-FG-Bem.": "-", "-VeloR.": "-", "-Bemerkung": "  " }, "geometry": { "type": "MultiPoint", "coordinates": [ [ 551495.8724, 5800551.29 ] ] } },
{ "type": "Feature", "properties": { "No.": 601.0, "-Kreuzung": "Osterfelddamm / Neue-Land-Straße", "-Bezirk": "4", "-Art": "F", "-TK": "1", "-dv. FSA": "1", "-dv. 2-feld.": "1", "-VSR": "3", "-OCIT": "-", "-LSA-Datum": "2020/07/23", "-Hersteller": "Yunex", "-Gerät": "C940ES", "-CKR-Nr.": "111100", "-LED": "LED", "-BS": "BTAO", "-Nachtab.": "Ja", "-Gerät-Datum": "2020-07-23", "-SB": "Leketas", "-AP": "-", "-FG-Bem.": "-", "-VeloR.": "-", "-Bemerkung": "  " }, "geometry": { "type": "MultiPoint", "coordinates": [ [ 555501.976400000043213, 5805407.358 ] ] } },
{ "type": "Feature", "properties": { "No.": 164.0, "-Kreuzung": "Königsw. Platz / Schloßw. Str. / Königsworth. Str.", "-Bezirk": "1", "-Art": "K", "-TK": "2", "-dv. FSA": "0", "-dv. 2-feld.": "0", "-VSR": "1", "-OCIT": "Kabel", "-LSA-Datum": "1960/09/27", "-Hersteller": "Yunex", "-Gerät": "C900VX", "-CKR-Nr.": "100149", "-LED": "LED", "-BS": "BTAO", "-Nachtab.": "-", "-Gerät-Datum": "2020-04-15", "-SB": "Sieber", "-AP": "-", "-FG-Bem.": "-", "-VeloR.": "CR, VR12", "-Bemerkung": "C-Roads, Smart City" }, "geometry": { "type": "MultiPoint", "coordinates": [ [ 549236.135800000047311, 5803317.199 ] ] } },
{ "type": "Feature", "properties": { "No.": 443.0, "-Kreuzung": "Berliner Allee / Königstr.", "-Bezirk": "1", "-Art": "K", "-TK": "1", "-dv. FSA": "0", "-dv. 2-feld.": "0", "-VSR": "2", "-OCIT": "Kabel", "-LSA-Datum": "1969/01/28", "-Hersteller": "Yunex", "-Gerät": "C940V", "-CKR-Nr.": "101007", "-LED": "LED", "-BS": "BTAO", "-Nachtab.": "-", "-Gerät-Datum": "2022-10-28", "-SB": "Sieber", "-AP": "-", "-FG-Bem.": "-", "-VeloR.": "CR", "-Bemerkung": "C-Roads, Smart City" }, "geometry": { "type": "MultiPoint", "coordinates": [ [ 551053.7685, 5803169.928999999538064 ] ] } },
{ "type": "Feature", "properties": { "No.": 442.0, "-Kreuzung": "Berliner Allee / Fernroder Str.", "-Bezirk": "1", "-Art": "K", "-TK": "1", "-dv. FSA": "0", "-dv. 2-feld.": "0", "-VSR": "2", "-OCIT": "-", "-LSA-Datum": "1969/01/28", "-Hersteller": "Yunex", "-Gerät": "sX", "-CKR-Nr.": "101034", "-LED": "LED", "-BS": "BTAO", "-Nachtab.": "-", "-Gerät-Datum": "2023-03-09", "-SB": "Sieber", "-AP": "-", "-FG-Bem.": "-", "-VeloR.": "VR02", "-Bemerkung": "Smart City" }, "geometry": { "type": "MultiPoint", "coordinates": [ [ 550749.497699999948964, 5803443.244 ] ] } },
{ "type": "Feature", "properties": { "No.": 77.0, "-Kreuzung": "Schützenallee / Willmerstraße", "-Bezirk": "8", "-Art": "K", "-TK": "1", "-dv. FSA": "0", "-dv. 2-feld.": "0", "-VSR": "2", "-OCIT": "-", "-LSA-Datum": "1980/02/25", "-Hersteller": "Yunex", "-Gerät": "MS", "-CKR-Nr.": "101101", "-LED": "LED", "-BS": "-", "-Nachtab.": "Ja", "-Gerät-Datum": "1994-01-15", "-SB": "Germer", "-AP": "-", "-FG-Bem.": "-", "-VeloR.": "VR08", "-Bemerkung": null }, "geometry": { "type": "MultiPoint", "coordinates": [ [ 551541.0366, 5799200.262000000104308 ] ] } },
{ "type": "Feature", "properties": { "No.": 52.0, "-Kreuzung": "Herrenhäuser Str. / Schaumburgstr. + TK Wendlandstr.", "-Bezirk": "12", "-Art": "K", "-TK": "3", "-dv. FSA": "2", "-dv. 2-feld.": "1", "-VSR": "6", "-OCIT": "Kabel", "-LSA-Datum": "1976/02/27", "-Hersteller": "Yunex", "-Gerät": "C940ES", "-CKR-Nr.": "101016", "-LED": "LED", "-BS": "BTAO", "-Nachtab.": "-", "-Gerät-Datum": "2023-04-11", "-SB": "Riedel", "-AP": "Ja", "-FG-Bem.": "Ja", "-VeloR.": "-", "-Bemerkung": null }, "geometry": { "type": "MultiPoint", "coordinates": [ [ 547177.849500000011176, 5805074.007000000216067 ] ] } },
{ "type": "Feature", "properties": { "No.": 240.0, "-Kreuzung": "Bemeroder Str./ Emslandstr.+ Gleisüberf.+ Am Sandb.", "-Bezirk": "6", "-Art": "K", "-TK": "2", "-dv. FSA": "0", "-dv. 2-feld.": "0", "-VSR": "8", "-OCIT": "-", "-LSA-Datum": "1987/08/05", "-Hersteller": "Swarco", "-Gerät": "BTC 500", "-CKR-Nr.": "-", "-LED": "10 V", "-BS": "-", "-Nachtab.": "-", "-Gerät-Datum": "1999-09-23", "-SB": "Lipp", "-AP": "-", "-FG-Bem.": "-", "-VeloR.": "VR06", "-Bemerkung": "Klimaschutzrichtlinie - Antrag August 2023" }, "geometry": { "type": "MultiPoint", "coordinates": [ [ 555937.754500000039116, 5799850.112999999895692 ] ] } },
{ "type": "Feature", "properties": { "No.": 405.0, "-Kreuzung": "Bruchmeisterallee / Internationale Schule", "-Bezirk": "1", "-Art": "F", "-TK": "1", "-dv. FSA": "1", "-dv. 2-feld.": "1", "-VSR": "2", "-OCIT": "Kabel", "-LSA-Datum": "2006/05/15", "-Hersteller": "Yunex", "-Gerät": "sX", "-CKR-Nr.": "111071", "-LED": "LED", "-BS": "BTAO", "-Nachtab.": "Ja", "-Gerät-Datum": "2021-08-23", "-SB": "Riedel", "-AP": "Ja", "-FG-Bem.": "-", "-VeloR.": "-", "-Bemerkung": "  " }, "geometry": { "type": "MultiPoint", "coordinates": [ [ 549864.044699999969453, 5801728.376000000163913 ] ] } },
{ "type": "Feature", "properties": { "No.": 22.0, "-Kreuzung": "Deisterplatz", "-Bezirk": "10", "-Art": "K", "-TK": "7", "-dv. FSA": "0", "-dv. 2-feld.": "0", "-VSR": "1", "-OCIT": "-", "-LSA-Datum": "1999/08/27", "-Hersteller": "Yunex", "-Gerät": "C840V", "-CKR-Nr.": "111045", "-LED": "LED", "-BS": "-", "-Nachtab.": "-", "-Gerät-Datum": "2015-08-25", "-SB": "Sieber", "-AP": "-", "-FG-Bem.": "-", "-VeloR.": "-", "-Bemerkung": "C-Roads" }, "geometry": { "type": "MultiPoint", "coordinates": [ [ 548692.335300000035204, 5801449.906999999657273 ] ] } },
{ "type": "Feature", "properties": { "No.": 491.0, "-Kreuzung": "Bemeroder Straße / Zufahrt Waldgaststätte", "-Bezirk": "8", "-Art": "K", "-TK": "1", "-dv. FSA": "0", "-dv. 2-feld.": "0", "-VSR": "8", "-OCIT": "Kabel", "-LSA-Datum": "1997/04/07", "-Hersteller": "Swarco", "-Gerät": "Actros", "-CKR-Nr.": "-", "-LED": "LED", "-BS": "-", "-Nachtab.": "-", "-Gerät-Datum": "2020-11-11", "-SB": "Leketas", "-AP": "Ja", "-FG-Bem.": "-", "-VeloR.": "VR06", "-Bemerkung": "Veloroute" }, "geometry": { "type": "MultiPoint", "coordinates": [ [ 553718.249599999981001, 5801266.156000000424683 ] ] } },
{ "type": "Feature", "properties": { "No.": 164.0, "-Kreuzung": "Königsw. Platz / Schloßw. Str. / Königsworth. Str.", "-Bezirk": "1", "-Art": "K", "-TK": "2", "-dv. FSA": "0", "-dv. 2-feld.": "0", "-VSR": "1", "-OCIT": "Kabel", "-LSA-Datum": "1960/09/27", "-Hersteller": "Yunex", "-Gerät": "C900VX", "-CKR-Nr.": "100149", "-LED": "LED", "-BS": "BTAO", "-Nachtab.": "-", "-Gerät-Datum": "2020-04-15", "-SB": "Sieber", "-AP": "-", "-FG-Bem.": "-", "-VeloR.": "CR, VR12", "-Bemerkung": "C-Roads, Smart City" }, "geometry": { "type": "MultiPoint", "coordinates": [ [ 549163.375400000018999, 5803379.906000000424683 ] ] } },
{ "type": "Feature", "properties": { "No.": 540.0, "-Kreuzung": "Podbielskistr. / Gehaplatz         ", "-Bezirk": "304", "-Art": "K", "-TK": "2", "-dv. FSA": "0", "-dv. 2-feld.": "0", "-VSR": "3", "-OCIT": "Kabel", "-LSA-Datum": "1966/11/09", "-Hersteller": "Yunex", "-Gerät": "sX", "-CKR-Nr.": "100109", "-LED": "LED", "-BS": "BTAO", "-Nachtab.": "-", "-Gerät-Datum": "2023-01-11", "-SB": "Germer", "-AP": "Ja", "-FG-Bem.": "-", "-VeloR.": "-", "-Bemerkung": "  " }, "geometry": { "type": "MultiPoint", "coordinates": [ [ 554433.4279, 5806524.36600000038743 ] ] } },
{ "type": "Feature", "properties": { "No.": 404.0, "-Kreuzung": "R.-v.-Bennigsen-Ufer / Moocksgang", "-Bezirk": "7", "-Art": "F", "-TK": "1", "-dv. FSA": "1", "-dv. 2-feld.": "0", "-VSR": "2", "-OCIT": "-", "-LSA-Datum": "1991/01/22", "-Hersteller": "Yunex", "-Gerät": "C840XS", "-CKR-Nr.": "110163", "-LED": "LED", "-BS": "BTAO", "-Nachtab.": "Ja", "-Gerät-Datum": "2016-02-25", "-SB": "Leketas", "-AP": "-", "-FG-Bem.": "-", "-VeloR.": "VR08", "-Bemerkung": "  " }, "geometry": { "type": "MultiPoint", "coordinates": [ [ 550500.961200000019744, 5801321.13399999961257 ] ] } },
{ "type": "Feature", "properties": { "No.": 192.0, "-Kreuzung": "Vahrenwalder Str. / Kanalbrücke", "-Bezirk": "2", "-Art": "F", "-TK": "2", "-dv. FSA": "2", "-dv. 2-feld.": "0", "-VSR": "1", "-OCIT": "Kabel", "-LSA-Datum": "1969/06/13", "-Hersteller": "Yunex", "-Gerät": "C940ES", "-CKR-Nr.": "101047", "-LED": "-", "-BS": "-", "-Nachtab.": "-", "-Gerät-Datum": "2018-11-06", "-SB": "Germer", "-AP": "-", "-FG-Bem.": "-", "-VeloR.": "-", "-Bemerkung": null }, "geometry": { "type": "MultiPoint", "coordinates": [ [ 549992.7278, 5806611.29 ] ] } },
{ "type": "Feature", "properties": { "No.": 604.0, "-Kreuzung": "Badenstedter Str. / Bartweg + TK Körtingsdorfer Weg", "-Bezirk": "1011", "-Art": "K", "-TK": "2", "-dv. FSA": "0", "-dv. 2-feld.": "0", "-VSR": "4", "-OCIT": "Kabel", "-LSA-Datum": "1999/05/31", "-Hersteller": "Yunex", "-Gerät": "sX", "-CKR-Nr.": "110096", "-LED": "LED", "-BS": "BTAO", "-Nachtab.": "-", "-Gerät-Datum": "2024-08-27", "-SB": "Riedel", "-AP": "Ja", "-FG-Bem.": "-", "-VeloR.": "-", "-Bemerkung": "  " }, "geometry": { "type": "MultiPoint", "coordinates": [ [ 546666.4658, 5801322.784 ] ] } },
{ "type": "Feature", "properties": { "No.": 468.0, "-Kreuzung": "Mainzer Straße / Bismarckstraße", "-Bezirk": "7", "-Art": "F", "-TK": "1", "-dv. FSA": "1", "-dv. 2-feld.": "0", "-VSR": "2", "-OCIT": "Kabel", "-LSA-Datum": "2024/09/11", "-Hersteller": "Stührenberg", "-Gerät": "STM5", "-CKR-Nr.": "-", "-LED": "LED", "-BS": "BTAO", "-Nachtab.": "-", "-Gerät-Datum": "2024-09-11", "-SB": "Leketas", "-AP": "Ja", "-FG-Bem.": "-", "-VeloR.": "-", "-Bemerkung": "  " }, "geometry": { "type": "MultiPoint", "coordinates": [ [ 552347.98340000002645, 5800980.006 ] ] } },
{ "type": "Feature", "properties": { "No.": 172.0, "-Kreuzung": "Friedrichswall / Osterstr. + TK Friedrichswall / Trammplatz", "-Bezirk": "107", "-Art": "K", "-TK": "3", "-dv. FSA": "2", "-dv. 2-feld.": "0", "-VSR": "1", "-OCIT": "Kabel", "-LSA-Datum": "1968/09/12", "-Hersteller": "Yunex", "-Gerät": "sX", "-CKR-Nr.": "101031", "-LED": "LED", "-BS": "BTAO", "-Nachtab.": "-", "-Gerät-Datum": "2026-06-04", "-SB": "Sieber", "-AP": "Ja", "-FG-Bem.": "-", "-VeloR.": "CR, VR08", "-Bemerkung": "C-Roads, Smart City" }, "geometry": { "type": "MultiPoint", "coordinates": [ [ 550236.216299999970943, 5802261.153 ] ] } },
{ "type": "Feature", "properties": { "No.": 602.0, "-Kreuzung": "Lindener Markt", "-Bezirk": "10", "-Art": "K", "-TK": "2", "-dv. FSA": "0", "-dv. 2-feld.": "0", "-VSR": "4", "-OCIT": "Kabel", "-LSA-Datum": "1982/03/18", "-Hersteller": "Yunex", "-Gerät": "sX", "-CKR-Nr.": "101151", "-LED": "LED", "-BS": "BTAO", "-Nachtab.": "-", "-Gerät-Datum": "2022-02-23", "-SB": "Sieber", "-AP": "Ja", "-FG-Bem.": "Ja", "-VeloR.": "-", "-Bemerkung": "C-Roads" }, "geometry": { "type": "MultiPoint", "coordinates": [ [ 548543.208100000047125, 5802077.852 ] ] } },
{ "type": "Feature", "properties": { "No.": 578.0, "-Kreuzung": "Podbielskistraße / Grethe-Jürgens-Straße", "-Bezirk": "204", "-Art": "K", "-TK": "1", "-dv. FSA": "0", "-dv. 2-feld.": "0", "-VSR": "3", "-OCIT": "-", "-LSA-Datum": "1977/05/10", "-Hersteller": "Yunex", "-Gerät": "MS", "-CKR-Nr.": "100044", "-LED": "LED", "-BS": "-", "-Nachtab.": "-", "-Gerät-Datum": "1997-10-15", "-SB": "Germer", "-AP": "-", "-FG-Bem.": "-", "-VeloR.": "-", "-Bemerkung": "HannoVerKehr6 - Intermodal" }, "geometry": { "type": "MultiPoint", "coordinates": [ [ 553628.091999999945983, 5806053.377999999560416 ] ] } },
{ "type": "Feature", "properties": { "No.": 517.0, "-Kreuzung": "Lister Kirchweg / Wöhlerstr.", "-Bezirk": "2", "-Art": "K", "-TK": "1", "-dv. FSA": "0", "-dv. 2-feld.": "0", "-VSR": "3", "-OCIT": "-", "-LSA-Datum": "1969/10/09", "-Hersteller": "Yunex", "-Gerät": "MS", "-CKR-Nr.": "101052", "-LED": "LED", "-BS": "-", "-Nachtab.": "-", "-Gerät-Datum": "1994-03-15", "-SB": "Germer", "-AP": "-", "-FG-Bem.": "-", "-VeloR.": "VR02", "-Bemerkung": "HannoVerKehr6 - Intermodal" }, "geometry": { "type": "MultiPoint", "coordinates": [ [ 550878.028700000024401, 5805264.546 ] ] } },
{ "type": "Feature", "properties": { "No.": 418.0, "-Kreuzung": "Aegi Nord / Marienstr.", "-Bezirk": "107", "-Art": "K", "-TK": "1", "-dv. FSA": "0", "-dv. 2-feld.": "0", "-VSR": "2", "-OCIT": "Kabel", "-LSA-Datum": "1981/02/20", "-Hersteller": "Yunex", "-Gerät": "C900V", "-CKR-Nr.": "101137", "-LED": "LED", "-BS": "BTAO", "-Nachtab.": "-", "-Gerät-Datum": "2019-04-15", "-SB": "Sieber", "-AP": "-", "-FG-Bem.": "-", "-VeloR.": "CR", "-Bemerkung": "C-Roads, Smart City" }, "geometry": { "type": "MultiPoint", "coordinates": [ [ 550620.102599999983795, 5802345.990000000223517 ] ] } },
{ "type": "Feature", "properties": { "No.": 279.0, "-Kreuzung": "Empelder Straße / Fränkische Straße", "-Bezirk": "11", "-Art": "K", "-TK": "1", "-dv. FSA": "0", "-dv. 2-feld.": "0", "-VSR": "4", "-OCIT": "Kabel", "-LSA-Datum": "2023/10/06", "-Hersteller": "Swarco", "-Gerät": "Actros", "-CKR-Nr.": "-", "-LED": "LED", "-BS": "BTAO", "-Nachtab.": "-", "-Gerät-Datum": "2023-10-06", "-SB": "Riedel", "-AP": "Ja", "-FG-Bem.": "-", "-VeloR.": "-", "-Bemerkung": "  " }, "geometry": { "type": "MultiPoint", "coordinates": [ [ 545604.601799999945797, 5800141.117999999783933 ] ] } },
{ "type": "Feature", "properties": { "No.": 340.0, "-Kreuzung": "Buchholzer Straße / Kafkastraße", "-Bezirk": "5", "-Art": "F", "-TK": "2", "-dv. FSA": "2", "-dv. 2-feld.": "2", "-VSR": "3", "-OCIT": "Kabel", "-LSA-Datum": "2014/12/11", "-Hersteller": "Yunex", "-Gerät": "C940ES", "-CKR-Nr.": "111086", "-LED": "LED", "-BS": "BTAO", "-Nachtab.": "-", "-Gerät-Datum": "2024-11-07", "-SB": "Leketas", "-AP": "Ja", "-FG-Bem.": "-", "-VeloR.": "GR", "-Bemerkung": "  " }, "geometry": { "type": "MultiPoint", "coordinates": [ [ 557280.790000000037253, 5805323.625 ] ] } },
{ "type": "Feature", "properties": { "No.": 288.0, "-Kreuzung": "Empelder Straße / Riecherstraße", "-Bezirk": "11", "-Art": "F", "-TK": "4", "-dv. FSA": "4", "-dv. 2-feld.": "4", "-VSR": "4", "-OCIT": "Kabel", "-LSA-Datum": "2023/09/12", "-Hersteller": "Swarco", "-Gerät": "Actros", "-CKR-Nr.": "-", "-LED": "LED", "-BS": "BTAO", "-Nachtab.": "-", "-Gerät-Datum": "2023-09-12", "-SB": "Riedel", "-AP": "Ja", "-FG-Bem.": "-", "-VeloR.": "-", "-Bemerkung": "  " }, "geometry": { "type": "MultiPoint", "coordinates": [ [ 545610.490299999946728, 5800666.534 ] ] } },
{ "type": "Feature", "properties": { "No.": 202.0, "-Kreuzung": "Tiergartenstr. / Großer Hillen / Brabeckstraße", "-Bezirk": "6", "-Art": "K", "-TK": "3", "-dv. FSA": "2", "-dv. 2-feld.": "2", "-VSR": "3", "-OCIT": "Kabel", "-LSA-Datum": "1987/06/25", "-Hersteller": "Yunex", "-Gerät": "C940ES", "-CKR-Nr.": "111090", "-LED": "LED", "-BS": "LOC-ID", "-Nachtab.": "-", "-Gerät-Datum": "2016-11-15", "-SB": "Lipp", "-AP": "Ja", "-FG-Bem.": "-", "-VeloR.": "-", "-Bemerkung": null }, "geometry": { "type": "MultiPoint", "coordinates": [ [ 556354.632600000011735, 5801547.21 ] ] } },
{ "type": "Feature", "properties": { "No.": 457.0, "-Kreuzung": "Emmichplatz / Schiffgraben / Königstraße", "-Bezirk": "1", "-Art": "K", "-TK": "2", "-dv. FSA": "0", "-dv. 2-feld.": "0", "-VSR": "2", "-OCIT": "-", "-LSA-Datum": "1977/09/01", "-Hersteller": "Swarco", "-Gerät": "Actros", "-CKR-Nr.": "-", "-LED": "LED", "-BS": "BTAO", "-Nachtab.": "-", "-Gerät-Datum": "2005-10-14", "-SB": "Sieber", "-AP": "-", "-FG-Bem.": "-", "-VeloR.": "-", "-Bemerkung": "C-Roads" }, "geometry": { "type": "MultiPoint", "coordinates": [ [ 551281.2134, 5803193.603000000119209 ] ] } },
{ "type": "Feature", "properties": { "No.": 250.0, "-Kreuzung": "Hogrefestr. / Eichsfelder Str.", "-Bezirk": "12", "-Art": "K", "-TK": "2", "-dv. FSA": "1", "-dv. 2-feld.": "1", "-VSR": "6", "-OCIT": "-", "-LSA-Datum": "1981/03/02", "-Hersteller": "Yunex", "-Gerät": "C840ES", "-CKR-Nr.": "100073", "-LED": "LED", "-BS": "BTAO", "-Nachtab.": "-", "-Gerät-Datum": "2013-12-13", "-SB": "Teichert", "-AP": "-", "-FG-Bem.": "-", "-VeloR.": "-", "-Bemerkung": "  " }, "geometry": { "type": "MultiPoint", "coordinates": [ [ 545096.481099999975413, 5806834.54700000025332 ] ] } },
{ "type": "Feature", "properties": { "No.": 292.0, "-Kreuzung": "Jädekamp / Jädekamp", "-Bezirk": "12", "-Art": "K", "-TK": "1", "-dv. FSA": "0", "-dv. 2-feld.": "0", "-VSR": "6", "-OCIT": "Kabel", "-LSA-Datum": "1995/09/13", "-Hersteller": "Yunex", "-Gerät": "sX", "-CKR-Nr.": "110185", "-LED": "LED", "-BS": "-", "-Nachtab.": "-", "-Gerät-Datum": "2024-05-21", "-SB": "Teichert", "-AP": "Ja", "-FG-Bem.": "-", "-VeloR.": "-", "-Bemerkung": "  " }, "geometry": { "type": "MultiPoint", "coordinates": [ [ 543759.011599999968894, 5807416.143000000156462 ] ] } },
{ "type": "Feature", "properties": { "No.": 304.0, "-Kreuzung": "Friesenstr. / Eichstr.", "-Bezirk": "1", "-Art": "F", "-TK": "1", "-dv. FSA": "1", "-dv. 2-feld.": "0", "-VSR": "3", "-OCIT": "LTE", "-LSA-Datum": "1985/12/10", "-Hersteller": "Swarco", "-Gerät": "Actros", "-CKR-Nr.": "-", "-LED": "LED", "-BS": "-", "-Nachtab.": "Ja", "-Gerät-Datum": "2020-02-13", "-SB": "Germer", "-AP": "-", "-FG-Bem.": "-", "-VeloR.": "VR03", "-Bemerkung": "  " }, "geometry": { "type": "MultiPoint", "coordinates": [ [ 551037.409300000057556, 5803770.396999999880791 ] ] } },
{ "type": "Feature", "properties": { "No.": 142.0, "-Kreuzung": "Vahrenwalder Str. / Werderstraße", "-Bezirk": "2", "-Art": "K", "-TK": "1", "-dv. FSA": "0", "-dv. 2-feld.": "0", "-VSR": "1", "-OCIT": "Kabel", "-LSA-Datum": "1976/09/10", "-Hersteller": "Stührenberg", "-Gerät": "STM5", "-CKR-Nr.": "-", "-LED": "LED", "-BS": "BTAO", "-Nachtab.": "-", "-Gerät-Datum": "2025-09-08", "-SB": "Germer", "-AP": "Ja", "-FG-Bem.": "-", "-VeloR.": "-", "-Bemerkung": null }, "geometry": { "type": "MultiPoint", "coordinates": [ [ 549965.740299999946728, 5804357.304999999701977 ] ] } },
{ "type": "Feature", "properties": { "No.": 102.0, "-Kreuzung": "Schulenburger Landstr. / Fenskestr.", "-Bezirk": "13", "-Art": "K", "-TK": "2", "-dv. FSA": "1", "-dv. 2-feld.": "0", "-VSR": "1", "-OCIT": "Kabel", "-LSA-Datum": "1965/11/01", "-Hersteller": "Yunex", "-Gerät": "C940V", "-CKR-Nr.": "101004", "-LED": "LED", "-BS": "BTAO", "-Nachtab.": "-", "-Gerät-Datum": "2022-03-10", "-SB": "Germer", "-AP": "Ja", "-FG-Bem.": "-", "-VeloR.": "-", "-Bemerkung": null }, "geometry": { "type": "MultiPoint", "coordinates": [ [ 548764.9253, 5805433.438 ] ] } },
{ "type": "Feature", "properties": { "No.": 95.0, "-Kreuzung": "Göttinger Chaussee/Querspange B3/TK Stadtfriedhof Ricklingen", "-Bezirk": "9", "-Art": "K", "-TK": "3", "-dv. FSA": "2", "-dv. 2-feld.": "2", "-VSR": "4", "-OCIT": "Kabel", "-LSA-Datum": "2023/08/22", "-Hersteller": "Swarco", "-Gerät": "Actros", "-CKR-Nr.": "-", "-LED": "LED", "-BS": "BTAO", "-Nachtab.": "-", "-Gerät-Datum": "2023-08-22", "-SB": "Lipp", "-AP": "Ja", "-FG-Bem.": "-", "-VeloR.": "-", "-Bemerkung": null }, "geometry": { "type": "MultiPoint", "coordinates": [ [ 548853.5466, 5798344.99100000038743 ] ] } },
{ "type": "Feature", "properties": { "No.": 209.0, "-Kreuzung": "Celler Str. / Nikolaistr.", "-Bezirk": "1", "-Art": "F", "-TK": "1", "-dv. FSA": "1", "-dv. 2-feld.": "0", "-VSR": "1", "-OCIT": "Kabel", "-LSA-Datum": "1987/12/03", "-Hersteller": "Yunex", "-Gerät": "sX", "-CKR-Nr.": "110133", "-LED": "LED", "-BS": "-", "-Nachtab.": "Ja", "-Gerät-Datum": "2022-06-16", "-SB": "Sieber", "-AP": "-", "-FG-Bem.": "-", "-VeloR.": "-", "-Bemerkung": null }, "geometry": { "type": "MultiPoint", "coordinates": [ [ 549860.664600000018254, 5803464.877999999560416 ] ] } },
{ "type": "Feature", "properties": { "No.": 474.0, "-Kreuzung": "Bernadotteallee / Waldchaussee (Zoo )", "-Bezirk": "1", "-Art": "K", "-TK": "2", "-dv. FSA": "0", "-dv. 2-feld.": "0", "-VSR": "2", "-OCIT": "Kabel", "-LSA-Datum": "1973/12/20", "-Hersteller": "Yunex", "-Gerät": "C940ES", "-CKR-Nr.": "110043", "-LED": "LED", "-BS": "BTAO", "-Nachtab.": "-", "-Gerät-Datum": "2018-12-13", "-SB": "Leketas", "-AP": "Ja", "-FG-Bem.": "Ja", "-VeloR.": "-", "-Bemerkung": "  " }, "geometry": { "type": "MultiPoint", "coordinates": [ [ 552155.101400000043213, 5803796.585 ] ] } },
{ "type": "Feature", "properties": { "No.": 262.0, "-Kreuzung": "Sahlkamp / Gr. Kolonnenweg", "-Bezirk": "3", "-Art": "K", "-TK": "1", "-dv. FSA": "0", "-dv. 2-feld.": "0", "-VSR": "3", "-OCIT": "LTE", "-LSA-Datum": "1975/06/05", "-Hersteller": "Yunex", "-Gerät": "C920ES", "-CKR-Nr.": "110070", "-LED": "LED", "-BS": "-", "-Nachtab.": "-", "-Gerät-Datum": "2018-02-22", "-SB": "Germer", "-AP": "-", "-FG-Bem.": "-", "-VeloR.": "-", "-Bemerkung": "  " }, "geometry": { "type": "MultiPoint", "coordinates": [ [ 550410.6581, 5807053.818 ] ] } },
{ "type": "Feature", "properties": { "No.": 7.0, "-Kreuzung": "Burgweg / Rehagen", "-Bezirk": "13", "-Art": "F", "-TK": "1", "-dv. FSA": "1", "-dv. 2-feld.": "1", "-VSR": "6", "-OCIT": "LTE", "-LSA-Datum": "1997/01/23", "-Hersteller": "Yunex", "-Gerät": "sX", "-CKR-Nr.": "111013", "-LED": "LED", "-BS": "BTAO", "-Nachtab.": "Ja", "-Gerät-Datum": "2021-09-30", "-SB": "Teichert", "-AP": "-", "-FG-Bem.": "-", "-VeloR.": "JTR", "-Bemerkung": null }, "geometry": { "type": "MultiPoint", "coordinates": [ [ 547831.8003, 5805734.394000000320375 ] ] } },
{ "type": "Feature", "properties": { "No.": 88.0, "-Kreuzung": "Herm.-Ehlers-Allee / Windhukstr. + TK Auf den Papenstücken", "-Bezirk": "11", "-Art": "F", "-TK": "2", "-dv. FSA": "2", "-dv. 2-feld.": "2", "-VSR": "4", "-OCIT": "Kabel", "-LSA-Datum": "1989/10/04", "-Hersteller": "Swarco", "-Gerät": "Actros", "-CKR-Nr.": "-", "-LED": "LED", "-BS": "-", "-Nachtab.": "-", "-Gerät-Datum": "2016-05-31", "-SB": "Riedel", "-AP": "Ja", "-FG-Bem.": "-", "-VeloR.": "-", "-Bemerkung": null }, "geometry": { "type": "MultiPoint", "coordinates": [ [ 546005.3604, 5800420.962000000290573 ] ] } },
{ "type": "Feature", "properties": { "No.": 283.0, "-Kreuzung": "Anderter Straße / Am Seelberg", "-Bezirk": "5", "-Art": "F", "-TK": "1", "-dv. FSA": "1", "-dv. 2-feld.": "1", "-VSR": "3", "-OCIT": "Kabel", "-LSA-Datum": "2021/10/12", "-Hersteller": "Stührenberg", "-Gerät": "STM5", "-CKR-Nr.": "-", "-LED": "LED", "-BS": "LOC-ID", "-Nachtab.": "Ja", "-Gerät-Datum": "2021-10-12", "-SB": "Leketas", "-AP": "-", "-FG-Bem.": "-", "-VeloR.": "-", "-Bemerkung": "  " }, "geometry": { "type": "MultiPoint", "coordinates": [ [ 558240.339999999967404, 5804652.33600000012666 ] ] } },
{ "type": "Feature", "properties": { "No.": 605.0, "-Kreuzung": "Carlo-Schmid-Allee / Davenstedter Markt", "-Bezirk": "11", "-Art": "F", "-TK": "1", "-dv. FSA": "1", "-dv. 2-feld.": "1", "-VSR": "4", "-OCIT": "Kabel", "-LSA-Datum": "2011/11/21", "-Hersteller": "Yunex", "-Gerät": "sX", "-CKR-Nr.": "101010", "-LED": "LED", "-BS": "BTAO", "-Nachtab.": "Ja", "-Gerät-Datum": "2024-10-17", "-SB": "Riedel", "-AP": "Ja", "-FG-Bem.": "-", "-VeloR.": "-", "-Bemerkung": "  " }, "geometry": { "type": "MultiPoint", "coordinates": [ [ 546185.038399999961257, 5801628.120000000111759 ] ] } },
{ "type": "Feature", "properties": { "No.": 575.0, "-Kreuzung": "Kirchröder Str. / Herm-Löns-Park", "-Bezirk": "4", "-Art": "F", "-TK": "1", "-dv. FSA": "1", "-dv. 2-feld.": "1", "-VSR": "3", "-OCIT": "-", "-LSA-Datum": "1992/02/06", "-Hersteller": "Yunex", "-Gerät": "C840ES", "-CKR-Nr.": "110166", "-LED": "LED", "-BS": "BTAO", "-Nachtab.": "-", "-Gerät-Datum": "2017-04-03", "-SB": "Leketas", "-AP": "-", "-FG-Bem.": "-", "-VeloR.": "-", "-Bemerkung": "  " }, "geometry": { "type": "MultiPoint", "coordinates": [ [ 555245.508799999952316, 5802182.494 ] ] } },
{ "type": "Feature", "properties": { "No.": 221.0, "-Kreuzung": "Lister Meile / Friesenstr.", "-Bezirk": "1", "-Art": "F", "-TK": "1", "-dv. FSA": "1", "-dv. 2-feld.": "0", "-VSR": "1", "-OCIT": "LTE", "-LSA-Datum": "1973/04/24", "-Hersteller": "Swarco", "-Gerät": "Actros", "-CKR-Nr.": "-", "-LED": "LED", "-BS": "BTAO", "-Nachtab.": "-", "-Gerät-Datum": "2020-03-12", "-SB": "Germer", "-AP": "-", "-FG-Bem.": "-", "-VeloR.": "VR02", "-Bemerkung": "  " }, "geometry": { "type": "MultiPoint", "coordinates": [ [ 550707.5529, 5803655.140999999828637 ] ] } },
{ "type": "Feature", "properties": { "No.": 412.0, "-Kreuzung": "Alte Döhrener Str./ Altenbekener Damm", "-Bezirk": "7", "-Art": "K", "-TK": "1", "-dv. FSA": "0", "-dv. 2-feld.": "0", "-VSR": "2", "-OCIT": "-", "-LSA-Datum": "1969/05/14", "-Hersteller": "Yunex", "-Gerät": "C840V", "-CKR-Nr.": "101039", "-LED": "LED", "-BS": "BTAO", "-Nachtab.": "Ja", "-Gerät-Datum": "2007-02-01", "-SB": "Leketas", "-AP": "-", "-FG-Bem.": "-", "-VeloR.": "-", "-Bemerkung": "  " }, "geometry": { "type": "MultiPoint", "coordinates": [ [ 551231.764700000057928, 5800809.150999999605119 ] ] } },
{ "type": "Feature", "properties": { "No.": 607.0, "-Kreuzung": "Davenstedter Str. / Real-Kauf / Bernhard-Caspar-Straße", "-Bezirk": "10", "-Art": "K", "-TK": "1", "-dv. FSA": "0", "-dv. 2-feld.": "0", "-VSR": "4", "-OCIT": "Kabel", "-LSA-Datum": "1974/04/10", "-Hersteller": "Yunex", "-Gerät": "sX", "-CKR-Nr.": "110045", "-LED": "LED", "-BS": "BTAO", "-Nachtab.": "-", "-Gerät-Datum": "2022-03-17", "-SB": "Riedel", "-AP": "Ja", "-FG-Bem.": "-", "-VeloR.": "-", "-Bemerkung": "  " }, "geometry": { "type": "MultiPoint", "coordinates": [ [ 547684.114799999981187, 5802012.683000000193715 ] ] } },
{ "type": "Feature", "properties": { "No.": 429.0, "-Kreuzung": "Hildesheimer Str. / Bregenzer Str. / Riepestraße", "-Bezirk": "8", "-Art": "F", "-TK": "2", "-dv. FSA": "2", "-dv. 2-feld.": "0", "-VSR": "2", "-OCIT": "-", "-LSA-Datum": "1985/04/16", "-Hersteller": "Swarco", "-Gerät": "BTC 500", "-CKR-Nr.": "-", "-LED": "LED", "-BS": "BTAO", "-Nachtab.": "-", "-Gerät-Datum": "1999-03-04", "-SB": "Leketas", "-AP": "-", "-FG-Bem.": "-", "-VeloR.": "-", "-Bemerkung": "Infra Planung" }, "geometry": { "type": "MultiPoint", "coordinates": [ [ 551966.7047, 5799638.03899999987334 ] ] } },
{ "type": "Feature", "properties": { "No.": 446.0, "-Kreuzung": "Berliner Allee / Lavesstr. + TK Gutenberghof", "-Bezirk": "107", "-Art": "K", "-TK": "2", "-dv. FSA": "0", "-dv. 2-feld.": "0", "-VSR": "2", "-OCIT": "Kabel", "-LSA-Datum": "1972/02/25", "-Hersteller": "Yunex", "-Gerät": "C920ES", "-CKR-Nr.": "100182", "-LED": "LED", "-BS": "BTAO", "-Nachtab.": "-", "-Gerät-Datum": "2017-09-25", "-SB": "Sieber", "-AP": "-", "-FG-Bem.": "-", "-VeloR.": "-", "-Bemerkung": "TK Gutenberghof nur Radfurten (seit 08.05.2023), Smart City" }, "geometry": { "type": "MultiPoint", "coordinates": [ [ 551172.037299999967217, 5802706.907999999821186 ] ] } },
{ "type": "Feature", "properties": { "No.": 445.0, "-Kreuzung": "Schiffgraben / Lavesstr.", "-Bezirk": "1", "-Art": "K", "-TK": "1", "-dv. FSA": "0", "-dv. 2-feld.": "0", "-VSR": "2", "-OCIT": "Kabel", "-LSA-Datum": "1977/06/09", "-Hersteller": "Yunex", "-Gerät": "C920ES", "-CKR-Nr.": "100136", "-LED": "LED", "-BS": "BTAO", "-Nachtab.": "-", "-Gerät-Datum": "2020-04-29", "-SB": "Sieber", "-AP": "-", "-FG-Bem.": "-", "-VeloR.": "CR, VR04, VR06", "-Bemerkung": "Smart City" }, "geometry": { "type": "MultiPoint", "coordinates": [ [ 550865.180999999982305, 5802869.457000000402331 ] ] } },
{ "type": "Feature", "properties": { "No.": 426.0, "-Kreuzung": "Hildesheimer Str. / Döhrener Turm", "-Bezirk": "7", "-Art": "F", "-TK": "2", "-dv. FSA": "2", "-dv. 2-feld.": "0", "-VSR": "2", "-OCIT": "-", "-LSA-Datum": "1984/06/27", "-Hersteller": "Swarco", "-Gerät": "Actros Alpha", "-CKR-Nr.": "-", "-LED": "LED", "-BS": "-", "-Nachtab.": "-", "-Gerät-Datum": "2021-06-01", "-SB": "Leketas", "-AP": "-", "-FG-Bem.": "-", "-VeloR.": "JTR", "-Bemerkung": "  " }, "geometry": { "type": "MultiPoint", "coordinates": [ [ 551824.946299999952316, 5799893.019999999552965 ] ] } },
{ "type": "Feature", "properties": { "No.": 147.0, "-Kreuzung": "Philipsbornstr. / Auf dem Dorn/Jahnplatz", "-Bezirk": "2", "-Art": "K", "-TK": "1", "-dv. FSA": "0", "-dv. 2-feld.": "0", "-VSR": "1", "-OCIT": "-", "-LSA-Datum": "1966/05/04", "-Hersteller": "Swarco", "-Gerät": "Actros", "-CKR-Nr.": "-", "-LED": "LED", "-BS": "BTAO", "-Nachtab.": "-", "-Gerät-Datum": "2010-07-05", "-SB": "Sieber", "-AP": "-", "-FG-Bem.": "-", "-VeloR.": "-", "-Bemerkung": "C-Roads" }, "geometry": { "type": "MultiPoint", "coordinates": [ [ 549576.35620000003837, 5805179.161000000312924 ] ] } },
{ "type": "Feature", "properties": { "No.": 591.0, "-Kreuzung": "Osterfelddamm / Nobelring", "-Bezirk": "4", "-Art": "F", "-TK": "1", "-dv. FSA": "1", "-dv. 2-feld.": "1", "-VSR": "3", "-OCIT": "-", "-LSA-Datum": "1977/07/21", "-Hersteller": "Yunex", "-Gerät": "C840XS", "-CKR-Nr.": "100060", "-LED": "LED", "-BS": "BTAO", "-Nachtab.": "Ja", "-Gerät-Datum": "2017-03-08", "-SB": "Leketas", "-AP": "-", "-FG-Bem.": "-", "-VeloR.": "-", "-Bemerkung": "  " }, "geometry": { "type": "MultiPoint", "coordinates": [ [ 555653.129500000039116, 5805039.178999999538064 ] ] } },
{ "type": "Feature", "properties": { "No.": 180.0, "-Kreuzung": "Gustav-Bratke-Allee / Humboldtstr.", "-Bezirk": "1", "-Art": "K", "-TK": "1", "-dv. FSA": "0", "-dv. 2-feld.": "0", "-VSR": "1", "-OCIT": "Kabel", "-LSA-Datum": "1972/08/14", "-Hersteller": "Yunex", "-Gerät": "C940ES", "-CKR-Nr.": "110014", "-LED": "LED", "-BS": "BTAO", "-Nachtab.": "-", "-Gerät-Datum": "2023-07-26", "-SB": "Riedel", "-AP": "Ja", "-FG-Bem.": "-", "-VeloR.": "-", "-Bemerkung": null }, "geometry": { "type": "MultiPoint", "coordinates": [ [ 549212.998499999986961, 5802268.619 ] ] } },
{ "type": "Feature", "properties": { "No.": 562.0, "-Kreuzung": " Ada-Lessing-Straße / Kiefernpfad", "-Bezirk": "3", "-Art": "F", "-TK": "1", "-dv. FSA": "1", "-dv. 2-feld.": "0", "-VSR": "3", "-OCIT": "Kabel", "-LSA-Datum": "1969/10/08", "-Hersteller": "Swarco", "-Gerät": "Actros", "-CKR-Nr.": "-", "-LED": "LED", "-BS": "BTAO", "-Nachtab.": "-", "-Gerät-Datum": "2025-06-16", "-SB": "Germer", "-AP": "Ja", "-FG-Bem.": "-", "-VeloR.": "-", "-Bemerkung": "  " }, "geometry": { "type": "MultiPoint", "coordinates": [ [ 553148.740100000053644, 5808027.424999999813735 ] ] } },
{ "type": "Feature", "properties": { "No.": 521.0, "-Kreuzung": "Voßstr. / Jakobistr.", "-Bezirk": "2", "-Art": "K", "-TK": "1", "-dv. FSA": "0", "-dv. 2-feld.": "0", "-VSR": "3", "-OCIT": "Kabel", "-LSA-Datum": "1972/12/21", "-Hersteller": "Yunex", "-Gerät": "sX-V", "-CKR-Nr.": "110021", "-LED": "LED", "-BS": "BTAO", "-Nachtab.": "Ja", "-Gerät-Datum": "2026-04-22", "-SB": "Sieber", "-AP": "Ja", "-FG-Bem.": "-", "-VeloR.": "-", "-Bemerkung": "C-Roads" }, "geometry": { "type": "MultiPoint", "coordinates": [ [ 550629.4547, 5804730.054999999701977 ] ] } },
{ "type": "Feature", "properties": { "No.": 239.0, "-Kreuzung": "Badenstedter Str. / Brauhofstr.", "-Bezirk": "10", "-Art": "K", "-TK": "2", "-dv. FSA": "0", "-dv. 2-feld.": "0", "-VSR": "4", "-OCIT": "Kabel", "-LSA-Datum": "1969/02/28", "-Hersteller": "Yunex", "-Gerät": "sX", "-CKR-Nr.": "100148", "-LED": "LED", "-BS": "-", "-Nachtab.": "-", "-Gerät-Datum": "2022-02-17", "-SB": "Riedel", "-AP": "-", "-FG-Bem.": "-", "-VeloR.": "-", "-Bemerkung": "C-Roads" }, "geometry": { "type": "MultiPoint", "coordinates": [ [ 548234.812999999965541, 5802101.639000000432134 ] ] } },
{ "type": "Feature", "properties": { "No.": 202.0, "-Kreuzung": "Tiergartenstr. / Großer Hillen / Brabeckstraße", "-Bezirk": "6", "-Art": "K", "-TK": "3", "-dv. FSA": "2", "-dv. 2-feld.": "2", "-VSR": "3", "-OCIT": "Kabel", "-LSA-Datum": "1987/06/25", "-Hersteller": "Yunex", "-Gerät": "C940ES", "-CKR-Nr.": "111090", "-LED": "LED", "-BS": "LOC-ID", "-Nachtab.": "-", "-Gerät-Datum": "2016-11-15", "-SB": "Lipp", "-AP": "Ja", "-FG-Bem.": "-", "-VeloR.": "-", "-Bemerkung": null }, "geometry": { "type": "MultiPoint", "coordinates": [ [ 556310.976299999980256, 5801628.701000000350177 ] ] } },
{ "type": "Feature", "properties": { "No.": 103.0, "-Kreuzung": "Schulenburger Landstr. / Bertramstr.", "-Bezirk": "13", "-Art": "K", "-TK": "1", "-dv. FSA": "0", "-dv. 2-feld.": "0", "-VSR": "1", "-OCIT": "Kabel", "-LSA-Datum": "1984/07/19", "-Hersteller": "Swarco", "-Gerät": "Actros", "-CKR-Nr.": "-", "-LED": "LED", "-BS": "BTAO", "-Nachtab.": "-", "-Gerät-Datum": "2023-10-10", "-SB": "Germer", "-AP": "-", "-FG-Bem.": "-", "-VeloR.": "-", "-Bemerkung": null }, "geometry": { "type": "MultiPoint", "coordinates": [ [ 548607.972799999988638, 5805634.65500000026077 ] ] } },
{ "type": "Feature", "properties": { "No.": 532.0, "-Kreuzung": "Podbielskistr. / Pelikanstr.", "-Bezirk": "2", "-Art": "K", "-TK": "4", "-dv. FSA": "2", "-dv. 2-feld.": "2", "-VSR": "3", "-OCIT": "-", "-LSA-Datum": "1971/03/04", "-Hersteller": "Yunex", "-Gerät": "C840V", "-CKR-Nr.": "101077", "-LED": "LED", "-BS": "BTAO", "-Nachtab.": "-", "-Gerät-Datum": "2011-06-08", "-SB": "Germer", "-AP": "-", "-FG-Bem.": "-", "-VeloR.": "-", "-Bemerkung": "  " }, "geometry": { "type": "MultiPoint", "coordinates": [ [ 552383.135299999965355, 5805489.733 ] ] } },
{ "type": "Feature", "properties": { "No.": 150.0, "-Kreuzung": "Niedersachsenring / Linsingenstr.", "-Bezirk": "2", "-Art": "F", "-TK": "1", "-dv. FSA": "1", "-dv. 2-feld.": "1", "-VSR": "1", "-OCIT": "-", "-LSA-Datum": "1980/12/22", "-Hersteller": "Yunex", "-Gerät": "C840XS", "-CKR-Nr.": "101142", "-LED": "LED", "-BS": "BTAO", "-Nachtab.": "Ja", "-Gerät-Datum": "2016-06-07", "-SB": "Germer", "-AP": "-", "-FG-Bem.": "-", "-VeloR.": "JTR", "-Bemerkung": null }, "geometry": { "type": "MultiPoint", "coordinates": [ [ 550398.797400000039488, 5805644.559000000357628 ] ] } },
{ "type": "Feature", "properties": { "No.": 453.0, "-Kreuzung": "Bischofsholer Damm / Lindemannallee", "-Bezirk": "7", "-Art": "K", "-TK": "1", "-dv. FSA": "0", "-dv. 2-feld.": "0", "-VSR": "2", "-OCIT": "Kabel", "-LSA-Datum": "1969/12/04", "-Hersteller": "Yunex", "-Gerät": "sX", "-CKR-Nr.": "101014", "-LED": "LED", "-BS": "BTAO", "-Nachtab.": "-", "-Gerät-Datum": "2025-05-22", "-SB": "Leketas", "-AP": "Ja", "-FG-Bem.": "-", "-VeloR.": "VR06", "-Bemerkung": "  " }, "geometry": { "type": "MultiPoint", "coordinates": [ [ 552791.1581, 5801755.105999999679625 ] ] } },
{ "type": "Feature", "properties": { "No.": 719.0, "-Kreuzung": "Hermesallee / Nordallee", "-Bezirk": "8", "-Art": "K", "-TK": "1", "-dv. FSA": "0", "-dv. 2-feld.": "0", "-VSR": "8", "-OCIT": "Kabel", "-LSA-Datum": "2000/05/27", "-Hersteller": "Swarco", "-Gerät": "Actros", "-CKR-Nr.": "-", "-LED": "LED", "-BS": "LOC-ID", "-Nachtab.": "-", "-Gerät-Datum": "2021-11-18", "-SB": "Lipp", "-AP": "-", "-FG-Bem.": "-", "-VeloR.": "-", "-Bemerkung": "  " }, "geometry": { "type": "MultiPoint", "coordinates": [ [ 554824.382600000011735, 5798115.737999999895692 ] ] } },
{ "type": "Feature", "properties": { "No.": 561.0, "-Kreuzung": "Kugelfangtrift / Ada-Lessing-Straße ", "-Bezirk": "3", "-Art": "K", "-TK": "1", "-dv. FSA": "0", "-dv. 2-feld.": "0", "-VSR": "3", "-OCIT": "Kabel", "-LSA-Datum": "1969/05/22", "-Hersteller": "Swarco", "-Gerät": "Actros", "-CKR-Nr.": "-", "-LED": "LED", "-BS": "BTAO", "-Nachtab.": "-", "-Gerät-Datum": "2025-11-26", "-SB": "Germer", "-AP": "-", "-FG-Bem.": "-", "-VeloR.": "-", "-Bemerkung": "  " }, "geometry": { "type": "MultiPoint", "coordinates": [ [ 553160.040700000012293, 5807550.832000000402331 ] ] } },
{ "type": "Feature", "properties": { "No.": 546.0, "-Kreuzung": "Buchholzer Straße / Schierholz, Quendelring", "-Bezirk": "5", "-Art": "K", "-TK": "2", "-dv. FSA": "1", "-dv. 2-feld.": "1", "-VSR": "3", "-OCIT": "Kabel", "-LSA-Datum": "-", "-Hersteller": "Yunex", "-Gerät": "C940V", "-CKR-Nr.": "110143", "-LED": "LED", "-BS": "BTAO", "-Nachtab.": "-", "-Gerät-Datum": "2024-12-16", "-SB": "Leketas", "-AP": "Ja", "-FG-Bem.": "-", "-VeloR.": "-", "-Bemerkung": "  " }, "geometry": { "type": "MultiPoint", "coordinates": [ [ 556450.909699999960139, 5805827.467000000178814 ] ] } },
{ "type": "Feature", "properties": { "No.": 542.0, "-Kreuzung": "Podbielskistr. / In den Sieben Stücken", "-Bezirk": "304", "-Art": "F", "-TK": "3", "-dv. FSA": "3", "-dv. 2-feld.": "2", "-VSR": "3", "-OCIT": "Kabel", "-LSA-Datum": "1974/04/25", "-Hersteller": "Yunex", "-Gerät": "sX", "-CKR-Nr.": "110056", "-LED": "LED", "-BS": "BTAO", "-Nachtab.": "-", "-Gerät-Datum": "2024-07-25", "-SB": "Leketas", "-AP": "Ja", "-FG-Bem.": "-", "-VeloR.": "-", "-Bemerkung": "  " }, "geometry": { "type": "MultiPoint", "coordinates": [ [ 555021.652400000020862, 5806833.634999999776483 ] ] } },
{ "type": "Feature", "properties": { "No.": 124.0, "-Kreuzung": "Ricklinger Stadtweg / Beekestr.", "-Bezirk": "9", "-Art": "K", "-TK": "3", "-dv. FSA": "2", "-dv. 2-feld.": "2", "-VSR": "4", "-OCIT": "Kabel", "-LSA-Datum": "1976/02/02", "-Hersteller": "Swarco", "-Gerät": "Actros", "-CKR-Nr.": "-", "-LED": "LED", "-BS": "BTAO", "-Nachtab.": "-", "-Gerät-Datum": "2022-11-02", "-SB": "Sieber", "-AP": "Ja", "-FG-Bem.": "-", "-VeloR.": "-", "-Bemerkung": null }, "geometry": { "type": "MultiPoint", "coordinates": [ [ 549398.610600000014529, 5799456.825000000186265 ] ] } },
{ "type": "Feature", "properties": { "No.": 493.0, "-Kreuzung": "Bemeroder Straße / August-Madsack-Straße (Pressehaus)", "-Bezirk": "6", "-Art": "K", "-TK": "1", "-dv. FSA": "0", "-dv. 2-feld.": "0", "-VSR": "8", "-OCIT": "Kabel", "-LSA-Datum": "1999/09/18", "-Hersteller": "Swarco", "-Gerät": "Actros", "-CKR-Nr.": "-", "-LED": "10 V", "-BS": "BTAO", "-Nachtab.": "-", "-Gerät-Datum": "2013-06-19", "-SB": "Lipp", "-AP": "-", "-FG-Bem.": "-", "-VeloR.": "VR06", "-Bemerkung": "Klimaschutzrichtlinie - Antrag August 2023" }, "geometry": { "type": "MultiPoint", "coordinates": [ [ 554771.96840000001248, 5800381.31900000013411 ] ] } },
{ "type": "Feature", "properties": { "No.": 502.0, "-Kreuzung": "Celler Str. / Am Welfenplatz", "-Bezirk": "102", "-Art": "K", "-TK": "2", "-dv. FSA": "0", "-dv. 2-feld.": "0", "-VSR": "3", "-OCIT": "Kabel", "-LSA-Datum": "1978/09/06", "-Hersteller": "Swarco", "-Gerät": "Actros", "-CKR-Nr.": "-", "-LED": "LED", "-BS": "BTAO", "-Nachtab.": "-", "-Gerät-Datum": "2025-04-08", "-SB": "Germer", "-AP": "Ja", "-FG-Bem.": "-", "-VeloR.": "VR02", "-Bemerkung": null }, "geometry": { "type": "MultiPoint", "coordinates": [ [ 550623.934499999973923, 5804107.763000000268221 ] ] } },
{ "type": "Feature", "properties": { "No.": 514.0, "-Kreuzung": "Lister Kirchweg / Ackerstraße", "-Bezirk": "2", "-Art": "K", "-TK": "1", "-dv. FSA": "0", "-dv. 2-feld.": "0", "-VSR": "3", "-OCIT": "-", "-LSA-Datum": "1978/08/24", "-Hersteller": "Swarco", "-Gerät": "BTC 500", "-CKR-Nr.": "-", "-LED": "LED", "-BS": "-", "-Nachtab.": "-", "-Gerät-Datum": "1998-07-27", "-SB": "Germer", "-AP": "-", "-FG-Bem.": "-", "-VeloR.": "-", "-Bemerkung": "  " }, "geometry": { "type": "MultiPoint", "coordinates": [ [ 551307.032, 5805285.554999999701977 ] ] } },
{ "type": "Feature", "properties": { "No.": 56.0, "-Kreuzung": "Stöckener Str. / Bremer Str. ", "-Bezirk": "12", "-Art": "K", "-TK": "1", "-dv. FSA": "0", "-dv. 2-feld.": "0", "-VSR": "6", "-OCIT": "-", "-LSA-Datum": "1980/01/22", "-Hersteller": "Yunex", "-Gerät": "MS", "-CKR-Nr.": "100144", "-LED": "LED", "-BS": "-", "-Nachtab.": "-", "-Gerät-Datum": "1994-11-15", "-SB": "Teichert", "-AP": "-", "-FG-Bem.": "-", "-VeloR.": "-", "-Bemerkung": null }, "geometry": { "type": "MultiPoint", "coordinates": [ [ 545775.299699999974109, 5805561.951000000350177 ] ] } },
{ "type": "Feature", "properties": { "No.": 105.0, "-Kreuzung": "Schulenburger Landstr. / Sorststr.", "-Bezirk": "13", "-Art": "K", "-TK": "1", "-dv. FSA": "0", "-dv. 2-feld.": "0", "-VSR": "1", "-OCIT": "Kabel", "-LSA-Datum": "1995/10/25", "-Hersteller": "Yunex", "-Gerät": "sX", "-CKR-Nr.": "111000", "-LED": "LED", "-BS": "-", "-Nachtab.": "-", "-Gerät-Datum": "2024-07-18", "-SB": "Germer", "-AP": "-", "-FG-Bem.": "-", "-VeloR.": "-", "-Bemerkung": "AM OCIT und Blindensignalisierung" }, "geometry": { "type": "MultiPoint", "coordinates": [ [ 548429.904300000052899, 5806333.451000000350177 ] ] } },
{ "type": "Feature", "properties": { "No.": 115.0, "-Kreuzung": "Haltenhoffstr./ Herrenhäuser Kirchweg / Auf dem Loh", "-Bezirk": "13", "-Art": "K", "-TK": "1", "-dv. FSA": "0", "-dv. 2-feld.": "0", "-VSR": "1", "-OCIT": "Kabel", "-LSA-Datum": "1974/07/16", "-Hersteller": "Yunex", "-Gerät": "C940ES", "-CKR-Nr.": "100122", "-LED": "LED", "-BS": "BTAO", "-Nachtab.": "-", "-Gerät-Datum": "2021-11-30", "-SB": "Riedel", "-AP": "Ja", "-FG-Bem.": "Ja", "-VeloR.": "-", "-Bemerkung": null }, "geometry": { "type": "MultiPoint", "coordinates": [ [ 548628.744199999957345, 5804982.708999999798834 ] ] } },
{ "type": "Feature", "properties": { "No.": 269.0, "-Kreuzung": "Podbielskistr. / Kloppstockstraße (Böcklinplatz)", "-Bezirk": "2", "-Art": "K", "-TK": "1", "-dv. FSA": "0", "-dv. 2-feld.": "0", "-VSR": "3", "-OCIT": "-", "-LSA-Datum": "1977/06/29", "-Hersteller": "Yunex", "-Gerät": "C800V", "-CKR-Nr.": "100043", "-LED": "LED", "-BS": "BTAO", "-Nachtab.": "-", "-Gerät-Datum": "2016-04-04", "-SB": "Germer", "-AP": "-", "-FG-Bem.": "-", "-VeloR.": "-", "-Bemerkung": "  " }, "geometry": { "type": "MultiPoint", "coordinates": [ [ 553064.000299999956042, 5805794.087000000290573 ] ] } },
{ "type": "Feature", "properties": { "No.": 625.0, "-Kreuzung": "Wunstorfer Landstraße / Carlo- Schmid- Allee", "-Bezirk": "11", "-Art": "K", "-TK": "1", "-dv. FSA": "0", "-dv. 2-feld.": "0", "-VSR": "5", "-OCIT": "Kabel", "-LSA-Datum": "1996/07/02", "-Hersteller": "Yunex", "-Gerät": "C900V", "-CKR-Nr.": "111007", "-LED": "LED", "-BS": "-", "-Nachtab.": "-", "-Gerät-Datum": "2025-03-11", "-SB": "Riedel", "-AP": "Ja", "-FG-Bem.": "-", "-VeloR.": "-", "-Bemerkung": "  " }, "geometry": { "type": "MultiPoint", "coordinates": [ [ 545933.421899999957532, 5803731.091 ] ] } },
{ "type": "Feature", "properties": { "No.": 338.0, "-Kreuzung": "In der Rehre / Wilhelmstr. (ehem. LSA 315)", "-Bezirk": "9", "-Art": "F", "-TK": "1", "-dv. FSA": "1", "-dv. 2-feld.": "0", "-VSR": "4", "-OCIT": "LTE", "-LSA-Datum": "1976/09/13", "-Hersteller": "Swarco", "-Gerät": "Actros Compact", "-CKR-Nr.": "-", "-LED": "LED", "-BS": "-", "-Nachtab.": "Ja", "-Gerät-Datum": "2020-10-23", "-SB": "Lipp", "-AP": "-", "-FG-Bem.": "-", "-VeloR.": "-", "-Bemerkung": "AM Blinde + AP" }, "geometry": { "type": "MultiPoint", "coordinates": [ [ 547692.852100000018254, 5797847.947999999858439 ] ] } },
{ "type": "Feature", "properties": { "No.": 448.0, "-Kreuzung": "Sallstr./ Lutherstr.", "-Bezirk": "7", "-Art": "K", "-TK": "1", "-dv. FSA": "0", "-dv. 2-feld.": "0", "-VSR": "2", "-OCIT": "-", "-LSA-Datum": "1969/01/28", "-Hersteller": "Yunex", "-Gerät": "C800V", "-CKR-Nr.": "100134", "-LED": "LED", "-BS": "BTAO", "-Nachtab.": "Ja", "-Gerät-Datum": "2016-11-23", "-SB": "Leketas", "-AP": "-", "-FG-Bem.": "-", "-VeloR.": "-", "-Bemerkung": "  " }, "geometry": { "type": "MultiPoint", "coordinates": [ [ 551400.925700000021607, 5802169.678999999538064 ] ] } },
{ "type": "Feature", "properties": { "No.": 311.0, "-Kreuzung": "Vinnhorster Weg / Lotte-Burghardt-Weg", "-Bezirk": "12", "-Art": "F", "-TK": "1", "-dv. FSA": "1", "-dv. 2-feld.": "0", "-VSR": "6", "-OCIT": "Kabel", "-LSA-Datum": "1979/07/02", "-Hersteller": "Yunex", "-Gerät": "sX", "-CKR-Nr.": "101111", "-LED": "LED", "-BS": "BTAO", "-Nachtab.": "Ja", "-Gerät-Datum": "2024-12-04", "-SB": "Teichert", "-AP": "-", "-FG-Bem.": "-", "-VeloR.": "-", "-Bemerkung": null }, "geometry": { "type": "MultiPoint", "coordinates": [ [ 547249.7622, 5806293.581000000238419 ] ] } },
{ "type": "Feature", "properties": { "No.": 556.0, "-Kreuzung": "Langenforther Str. / Ada-Lessing-Straße", "-Bezirk": "3", "-Art": "K", "-TK": "1", "-dv. FSA": "0", "-dv. 2-feld.": "0", "-VSR": "3", "-OCIT": "Kabel", "-LSA-Datum": "1979/11/07", "-Hersteller": "Yunex", "-Gerät": "sX", "-CKR-Nr.": "100077", "-LED": "LED", "-BS": "BTAO", "-Nachtab.": "-", "-Gerät-Datum": "2024-04-30", "-SB": "Germer", "-AP": "Ja", "-FG-Bem.": "-", "-VeloR.": "-", "-Bemerkung": "  " }, "geometry": { "type": "MultiPoint", "coordinates": [ [ 553161.756700000027195, 5808581.206000000238419 ] ] } },
{ "type": "Feature", "properties": { "No.": 478.0, "-Kreuzung": "Scheidestraße / Berckhusenstraße / Dohmeyers Weg", "-Bezirk": "4", "-Art": "F", "-TK": "1", "-dv. FSA": "1", "-dv. 2-feld.": "0", "-VSR": "2", "-OCIT": "Kabel", "-LSA-Datum": "2016/09/06", "-Hersteller": "Stührenberg", "-Gerät": "STM5", "-CKR-Nr.": "-", "-LED": "LED", "-BS": "BTAO", "-Nachtab.": "-", "-Gerät-Datum": "2024-01-23", "-SB": "Leketas", "-AP": "-", "-FG-Bem.": "-", "-VeloR.": "VR04", "-Bemerkung": "  " }, "geometry": { "type": "MultiPoint", "coordinates": [ [ 553590.1975, 5802882.134999999776483 ] ] } },
{ "type": "Feature", "properties": { "No.": 313.0, "-Kreuzung": "Am Schafbrinke / Senator-Eggers-Weg", "-Bezirk": "8", "-Art": "F", "-TK": "1", "-dv. FSA": "1", "-dv. 2-feld.": "0", "-VSR": "2", "-OCIT": "Kabel", "-LSA-Datum": "1976/01/22", "-Hersteller": "Yunex", "-Gerät": "sX", "-CKR-Nr.": "100004", "-LED": "LED", "-BS": "-", "-Nachtab.": "Ja", "-Gerät-Datum": "2024-07-03", "-SB": "Leketas", "-AP": "Ja", "-FG-Bem.": "-", "-VeloR.": "-", "-Bemerkung": "  " }, "geometry": { "type": "MultiPoint", "coordinates": [ [ 553238.713699999963865, 5800435.507000000216067 ] ] } },
{ "type": "Feature", "properties": { "No.": 402.0, "-Kreuzung": "R.-v.-Bennigsen-Ufer / Geibelstr.", "-Bezirk": "7", "-Art": "K", "-TK": "1", "-dv. FSA": "0", "-dv. 2-feld.": "0", "-VSR": "2", "-OCIT": "-", "-LSA-Datum": "1972/06/07", "-Hersteller": "Yunex", "-Gerät": "C840V", "-CKR-Nr.": "100186", "-LED": "LED", "-BS": "-", "-Nachtab.": "-", "-Gerät-Datum": "2007-03-27", "-SB": "Leketas", "-AP": "-", "-FG-Bem.": "-", "-VeloR.": "VR08", "-Bemerkung": "  " }, "geometry": { "type": "MultiPoint", "coordinates": [ [ 550649.12789999996312, 5801017.92200000025332 ] ] } },
{ "type": "Feature", "properties": { "No.": 298.0, "-Kreuzung": "Allerweg / Ricklinger Straße", "-Bezirk": "10", "-Art": "F", "-TK": "1", "-dv. FSA": "1", "-dv. 2-feld.": "0", "-VSR": "1", "-OCIT": "Kabel", "-LSA-Datum": "2002/11/21", "-Hersteller": "Stührenberg", "-Gerät": "STM5", "-CKR-Nr.": "-", "-LED": "LED", "-BS": "BTAO", "-Nachtab.": "-", "-Gerät-Datum": "2025-03-04", "-SB": "Riedel", "-AP": "Ja", "-FG-Bem.": "-", "-VeloR.": "-", "-Bemerkung": "C-Roads" }, "geometry": { "type": "MultiPoint", "coordinates": [ [ 549008.104500000015832, 5801548.713000000454485 ] ] } },
{ "type": "Feature", "properties": { "No.": 307.0, "-Kreuzung": "Beneckeallee / Am Andreashof", "-Bezirk": "13", "-Art": "F", "-TK": "1", "-dv. FSA": "1", "-dv. 2-feld.": "0", "-VSR": "1", "-OCIT": "-", "-LSA-Datum": "1974/09/05", "-Hersteller": "Yunex", "-Gerät": "C840XS", "-CKR-Nr.": "110061", "-LED": "LED", "-BS": "BTAO", "-Nachtab.": "Ja", "-Gerät-Datum": "2008-10-14", "-SB": "Germer", "-AP": "-", "-FG-Bem.": "-", "-VeloR.": "-", "-Bemerkung": "  " }, "geometry": { "type": "MultiPoint", "coordinates": [ [ 547840.248600000049919, 5807572.92200000025332 ] ] } },
{ "type": "Feature", "properties": { "No.": 219.0, "-Kreuzung": "Lister Damm / Pastor-Jaeckel-Weg", "-Bezirk": "2", "-Art": "F", "-TK": "1", "-dv. FSA": "1", "-dv. 2-feld.": "1", "-VSR": "3", "-OCIT": "LTE", "-LSA-Datum": "1988/11/09", "-Hersteller": "Yunex", "-Gerät": "sX Compact-L", "-CKR-Nr.": "110145", "-LED": "LED", "-BS": "BTAO", "-Nachtab.": "Ja", "-Gerät-Datum": "2021-02-23", "-SB": "Germer", "-AP": "-", "-FG-Bem.": "-", "-VeloR.": "JTR", "-Bemerkung": "  " }, "geometry": { "type": "MultiPoint", "coordinates": [ [ 551327.163799999980256, 5805770.407999999821186 ] ] } },
{ "type": "Feature", "properties": { "No.": 210.0, "-Kreuzung": "Nienburger Str. / Appelstr.    ", "-Bezirk": "13", "-Art": "F", "-TK": "3", "-dv. FSA": "2", "-dv. 2-feld.": "2", "-VSR": "6", "-OCIT": "Kabel", "-LSA-Datum": "1993/12/23", "-Hersteller": "Yunex", "-Gerät": "sX", "-CKR-Nr.": "111080", "-LED": "LED", "-BS": "BTAO", "-Nachtab.": "-", "-Gerät-Datum": "2026-04-07", "-SB": "Riedel", "-AP": "Ja", "-FG-Bem.": "-", "-VeloR.": "-", "-Bemerkung": null }, "geometry": { "type": "MultiPoint", "coordinates": [ [ 548046.1541000000434, 5804703.00800000037998 ] ] } },
{ "type": "Feature", "properties": { "No.": 266.0, "-Kreuzung": "Stöckener Straße / Freudenthalstraße", "-Bezirk": "12", "-Art": "F", "-TK": "2", "-dv. FSA": "2", "-dv. 2-feld.": "1", "-VSR": "6", "-OCIT": "-", "-LSA-Datum": "2013/12/13", "-Hersteller": "Yunex", "-Gerät": "C840ES", "-CKR-Nr.": "111082", "-LED": "LED", "-BS": "BTAO", "-Nachtab.": "-", "-Gerät-Datum": "2013-12-13", "-SB": "Teichert", "-AP": "-", "-FG-Bem.": "-", "-VeloR.": "-", "-Bemerkung": "  " }, "geometry": { "type": "MultiPoint", "coordinates": [ [ 544982.837900000042282, 5806206.053000000305474 ] ] } },
{ "type": "Feature", "properties": { "No.": 524.0, "-Kreuzung": "Kriegerstr. / Kollenrodtstr.", "-Bezirk": "2", "-Art": "K", "-TK": "1", "-dv. FSA": "0", "-dv. 2-feld.": "0", "-VSR": "3", "-OCIT": "Kabel", "-LSA-Datum": "1978/09/06", "-Hersteller": "Swarco", "-Gerät": "Actros", "-CKR-Nr.": "-", "-LED": "LED", "-BS": "-", "-Nachtab.": "-", "-Gerät-Datum": "2018-12-20", "-SB": "Germer", "-AP": "-", "-FG-Bem.": "-", "-VeloR.": "-", "-Bemerkung": "  " }, "geometry": { "type": "MultiPoint", "coordinates": [ [ 550536.7783, 5804262.909 ] ] } },
{ "type": "Feature", "properties": { "No.": 90.0, "-Kreuzung": "Wallensteinstr. / Am Sauerwinkel", "-Bezirk": "9", "-Art": "K", "-TK": "3", "-dv. FSA": "1", "-dv. 2-feld.": "1", "-VSR": "4", "-OCIT": "Kabel", "-LSA-Datum": "1971/05/27", "-Hersteller": "Swarco", "-Gerät": "Actros", "-CKR-Nr.": "-", "-LED": "LED", "-BS": "BTAO", "-Nachtab.": "-", "-Gerät-Datum": "2008-12-06", "-SB": "Lipp", "-AP": "-", "-FG-Bem.": "-", "-VeloR.": "-", "-Bemerkung": "AM OCIT" }, "geometry": { "type": "MultiPoint", "coordinates": [ [ 547888.6422, 5799233.248999999836087 ] ] } },
{ "type": "Feature", "properties": { "No.": 715.0, "-Kreuzung": "Hermesallee / Ohr MSW Ost", "-Bezirk": "8", "-Art": "K", "-TK": "1", "-dv. FSA": "0", "-dv. 2-feld.": "0", "-VSR": "8", "-OCIT": "Kabel", "-LSA-Datum": "2000/05/12", "-Hersteller": "Swarco", "-Gerät": "Actros", "-CKR-Nr.": "-", "-LED": "LED", "-BS": "LOC-ID", "-Nachtab.": "-", "-Gerät-Datum": "2022-02-16", "-SB": "Lipp", "-AP": "-", "-FG-Bem.": "-", "-VeloR.": "-", "-Bemerkung": "  " }, "geometry": { "type": "MultiPoint", "coordinates": [ [ 555153.5289000000339, 5798297.136 ] ] } },
{ "type": "Feature", "properties": { "No.": 284.0, "-Kreuzung": "Brabeckstraße / Anecampstraße / Am Sandberge", "-Bezirk": "6", "-Art": "K", "-TK": "1", "-dv. FSA": "0", "-dv. 2-feld.": "0", "-VSR": "8", "-OCIT": "Kabel", "-LSA-Datum": "1970/04/24", "-Hersteller": "Yunex", "-Gerät": "C940ES", "-CKR-Nr.": "100016", "-LED": "LED", "-BS": "LOC-ID", "-Nachtab.": "-", "-Gerät-Datum": "2019-10-30", "-SB": "Lipp", "-AP": "-", "-FG-Bem.": "-", "-VeloR.": "-", "-Bemerkung": "  " }, "geometry": { "type": "MultiPoint", "coordinates": [ [ 556350.7731, 5799864.598000000230968 ] ] } },
{ "type": "Feature", "properties": { "No.": 329.0, "-Kreuzung": "Am Schafbrinke / Waldheimstr.", "-Bezirk": "8", "-Art": "F", "-TK": "1", "-dv. FSA": "1", "-dv. 2-feld.": "0", "-VSR": "2", "-OCIT": "Kabel", "-LSA-Datum": "1993/11/15", "-Hersteller": "Yunex", "-Gerät": "sX", "-CKR-Nr.": "110194", "-LED": "LED", "-BS": "-", "-Nachtab.": "Ja", "-Gerät-Datum": "2024-06-25", "-SB": "Leketas", "-AP": "Ja", "-FG-Bem.": "-", "-VeloR.": "-", "-Bemerkung": "  " }, "geometry": { "type": "MultiPoint", "coordinates": [ [ 553254.253299999982119, 5800188.623999999836087 ] ] } },
{ "type": "Feature", "properties": { "No.": 330.0, "-Kreuzung": "Beuthener Str. /  Grundschule", "-Bezirk": "8", "-Art": "F", "-TK": "1", "-dv. FSA": "1", "-dv. 2-feld.": "0", "-VSR": "2", "-OCIT": "LTE", "-LSA-Datum": "2000/05/29", "-Hersteller": "Yunex", "-Gerät": "C900V", "-CKR-Nr.": "110157", "-LED": "LED", "-BS": "BTAO", "-Nachtab.": "Ja", "-Gerät-Datum": "2020-08-03", "-SB": "Lipp", "-AP": "Ja", "-FG-Bem.": "-", "-VeloR.": "-", "-Bemerkung": "  " }, "geometry": { "type": "MultiPoint", "coordinates": [ [ 553640.677000000025146, 5798410.065000000409782 ] ] } },
{ "type": "Feature", "properties": { "No.": 611.0, "-Kreuzung": "Badenstedter Str. / Am Soltekampe", "-Bezirk": "11", "-Art": "K", "-TK": "3", "-dv. FSA": "0", "-dv. 2-feld.": "0", "-VSR": "4", "-OCIT": "Kabel", "-LSA-Datum": "1979/09/20", "-Hersteller": "Yunex", "-Gerät": "C920ES", "-CKR-Nr.": "101113", "-LED": "LED", "-BS": "BTAO", "-Nachtab.": "-", "-Gerät-Datum": "2019-01-25", "-SB": "Riedel", "-AP": "Ja", "-FG-Bem.": "-", "-VeloR.": "-", "-Bemerkung": "  " }, "geometry": { "type": "MultiPoint", "coordinates": [ [ 546148.463600000017323, 5801214.870000000111759 ] ] } },
{ "type": "Feature", "properties": { "No.": 49.0, "-Kreuzung": "Stöckener Str. / Leinhäuser Bahnhof inkl. Eilser Masch", "-Bezirk": "12", "-Art": "F", "-TK": "5", "-dv. FSA": "5", "-dv. 2-feld.": "5", "-VSR": "6", "-OCIT": "Kabel", "-LSA-Datum": "1980/02/13", "-Hersteller": "Swarco", "-Gerät": "Actros", "-CKR-Nr.": "-", "-LED": "LED", "-BS": "BTAO", "-Nachtab.": "-", "-Gerät-Datum": "2011-11-11", "-SB": "Teichert", "-AP": "Ja", "-FG-Bem.": "-", "-VeloR.": "-", "-Bemerkung": null }, "geometry": { "type": "MultiPoint", "coordinates": [ [ 545861.517600000021048, 5805488.284 ] ] } },
{ "type": "Feature", "properties": { "No.": 608.0, "-Kreuzung": "Am Lindener Hafen / Davenstedter Str.", "-Bezirk": "10", "-Art": "K", "-TK": "1", "-dv. FSA": "0", "-dv. 2-feld.": "0", "-VSR": "4", "-OCIT": "Kabel", "-LSA-Datum": "1971/09/24", "-Hersteller": "Yunex", "-Gerät": "sX", "-CKR-Nr.": "101086", "-LED": "LED", "-BS": "BTAO", "-Nachtab.": "-", "-Gerät-Datum": "2026-02-26", "-SB": "Riedel", "-AP": "Ja", "-FG-Bem.": "-", "-VeloR.": "-", "-Bemerkung": "  " }, "geometry": { "type": "MultiPoint", "coordinates": [ [ 547200.62300000002142, 5801884.24199999962002 ] ] } },
{ "type": "Feature", "properties": { "No.": 413.0, "-Kreuzung": "Hildesheimer Str. / Böhmerstr.", "-Bezirk": "7", "-Art": "F", "-TK": "1", "-dv. FSA": "1", "-dv. 2-feld.": "0", "-VSR": "2", "-OCIT": "Kabel", "-LSA-Datum": "1988/02/15", "-Hersteller": "Swarco", "-Gerät": "Actros", "-CKR-Nr.": "-", "-LED": "LED", "-BS": "BT", "-Nachtab.": "Ja", "-Gerät-Datum": "2022-09-27", "-SB": "Leketas", "-AP": "-", "-FG-Bem.": "-", "-VeloR.": "-", "-Bemerkung": "  " }, "geometry": { "type": "MultiPoint", "coordinates": [ [ 551239.774500000057742, 5801086.812 ] ] } },
{ "type": "Feature", "properties": { "No.": 492.0, "-Kreuzung": "Bemeroder Straße / Bünteweg", "-Bezirk": "6", "-Art": "K", "-TK": "1", "-dv. FSA": "0", "-dv. 2-feld.": "0", "-VSR": "8", "-OCIT": "Kabel", "-LSA-Datum": "1999/05/17", "-Hersteller": "Swarco", "-Gerät": "Actros", "-CKR-Nr.": "-", "-LED": "LED", "-BS": "-", "-Nachtab.": "-", "-Gerät-Datum": "2021-10-04", "-SB": "Lipp", "-AP": "-", "-FG-Bem.": "-", "-VeloR.": "VR06", "-Bemerkung": "  " }, "geometry": { "type": "MultiPoint", "coordinates": [ [ 554217.930900000035763, 5800771.315000000409782 ] ] } },
{ "type": "Feature", "properties": { "No.": 190.0, "-Kreuzung": "Vahrenwalder Str. / Alter Flughafen", "-Bezirk": "313", "-Art": "K", "-TK": "2", "-dv. FSA": "1", "-dv. 2-feld.": "1", "-VSR": "1", "-OCIT": "Kabel", "-LSA-Datum": "1970/04/17", "-Hersteller": "Yunex", "-Gerät": "sX-L", "-CKR-Nr.": "100178", "-LED": "LED", "-BS": "BTAO", "-Nachtab.": "-", "-Gerät-Datum": "2025-08-07", "-SB": "Germer", "-AP": "Ja", "-FG-Bem.": "-", "-VeloR.": "-", "-Bemerkung": null }, "geometry": { "type": "MultiPoint", "coordinates": [ [ 549910.776199999963865, 5807541.837000000290573 ] ] } },
{ "type": "Feature", "properties": { "No.": 256.0, "-Kreuzung": "Garbsener Landstraße / Große Pranke", "-Bezirk": "12", "-Art": "F", "-TK": "1", "-dv. FSA": "1", "-dv. 2-feld.": "1", "-VSR": "1", "-OCIT": "LTE", "-LSA-Datum": "2008/09/12", "-Hersteller": "Yunex", "-Gerät": "sX", "-CKR-Nr.": "111092", "-LED": "LED", "-BS": "BTAO", "-Nachtab.": "Ja", "-Gerät-Datum": "2025-06-23", "-SB": "Teichert", "-AP": "Ja", "-FG-Bem.": "-", "-VeloR.": "-", "-Bemerkung": "  " }, "geometry": { "type": "MultiPoint", "coordinates": [ [ 542130.199200000031851, 5806389.548999999649823 ] ] } },
{ "type": "Feature", "properties": { "No.": 149.0, "-Kreuzung": "Melanchtonstr. / Grahnstr.", "-Bezirk": "2", "-Art": "F", "-TK": "1", "-dv. FSA": "1", "-dv. 2-feld.": "1", "-VSR": "1", "-OCIT": "-", "-LSA-Datum": "1976/01/22", "-Hersteller": "Yunex", "-Gerät": "C840XS", "-CKR-Nr.": "110099", "-LED": "LED", "-BS": "-", "-Nachtab.": "Ja", "-Gerät-Datum": "2016-09-16", "-SB": "Germer", "-AP": "-", "-FG-Bem.": "-", "-VeloR.": "-", "-Bemerkung": null }, "geometry": { "type": "MultiPoint", "coordinates": [ [ 549675.277899999986403, 5805591.262000000104308 ] ] } },
{ "type": "Feature", "properties": { "No.": 235.0, "-Kreuzung": "Tannenbergallee / Pastor-Jaeckel-Weg", "-Bezirk": "2", "-Art": "F", "-TK": "1", "-dv. FSA": "1", "-dv. 2-feld.": "0", "-VSR": "3", "-OCIT": "LTE", "-LSA-Datum": "2004/01/22", "-Hersteller": "Yunex", "-Gerät": "C900V", "-CKR-Nr.": "111068", "-LED": "LED", "-BS": "BTAO", "-Nachtab.": "Ja", "-Gerät-Datum": "2020-06-22", "-SB": "Germer", "-AP": "-", "-FG-Bem.": "-", "-VeloR.": "JTR, VR02", "-Bemerkung": "  " }, "geometry": { "type": "MultiPoint", "coordinates": [ [ 550976.792499999981374, 5805641.199 ] ] } },
{ "type": "Feature", "properties": { "No.": 549.0, "-Kreuzung": "Herm.-Bahlsen-Allee / Lenbachstr.   ", "-Bezirk": "4", "-Art": "F", "-TK": "1", "-dv. FSA": "1", "-dv. 2-feld.": "0", "-VSR": "3", "-OCIT": "-", "-LSA-Datum": "1994/01/12", "-Hersteller": "Yunex", "-Gerät": "sX-H", "-CKR-Nr.": "110195", "-LED": "LED", "-BS": "-", "-Nachtab.": "Ja", "-Gerät-Datum": "2023-05-15", "-SB": "Leketas", "-AP": "-", "-FG-Bem.": "-", "-VeloR.": "-", "-Bemerkung": "  " }, "geometry": { "type": "MultiPoint", "coordinates": [ [ 553454.648000000044703, 5805601.614 ] ] } },
{ "type": "Feature", "properties": { "No.": 213.0, "-Kreuzung": "Geveker Kamp / In der Steinbreite", "-Bezirk": "11", "-Art": "F", "-TK": "1", "-dv. FSA": "1", "-dv. 2-feld.": "0", "-VSR": "5", "-OCIT": "LTE", "-LSA-Datum": "1973/06/14", "-Hersteller": "Swarco", "-Gerät": "Actros", "-CKR-Nr.": "-", "-LED": "LED", "-BS": "-", "-Nachtab.": "Ja", "-Gerät-Datum": "2014-04-11", "-SB": "Riedel", "-AP": "Ja", "-FG-Bem.": "-", "-VeloR.": "-", "-Bemerkung": null }, "geometry": { "type": "MultiPoint", "coordinates": [ [ 545448.5172, 5802741.860000000335276 ] ] } },
{ "type": "Feature", "properties": { "No.": 471.0, "-Kreuzung": "Bischofsholer Damm / Dammannstraße", "-Bezirk": "7", "-Art": "F", "-TK": "1", "-dv. FSA": "1", "-dv. 2-feld.": "1", "-VSR": "2", "-OCIT": "Kabel", "-LSA-Datum": "2017/09/22", "-Hersteller": "Yunex", "-Gerät": "C940ES", "-CKR-Nr.": "111095", "-LED": "LED", "-BS": "BTAO", "-Nachtab.": "Ja", "-Gerät-Datum": "2017-09-21", "-SB": "Leketas", "-AP": "-", "-FG-Bem.": "-", "-VeloR.": "VR06", "-Bemerkung": "  " }, "geometry": { "type": "MultiPoint", "coordinates": [ [ 552402.614399999962188, 5802009.463000000454485 ] ] } },
{ "type": "Feature", "properties": { "No.": 628.0, "-Kreuzung": "Limmerstraße / B6 (Rampe West)", "-Bezirk": "10", "-Art": "K", "-TK": "1", "-dv. FSA": "0", "-dv. 2-feld.": "0", "-VSR": "5", "-OCIT": "Kabel", "-LSA-Datum": "2003/07/15", "-Hersteller": "Yunex", "-Gerät": "sX", "-CKR-Nr.": "111067", "-LED": "LED", "-BS": "BTAO", "-Nachtab.": "-", "-Gerät-Datum": "2024-04-30", "-SB": "Riedel", "-AP": "Ja", "-FG-Bem.": "-", "-VeloR.": "-", "-Bemerkung": null }, "geometry": { "type": "MultiPoint", "coordinates": [ [ 547473.3016, 5802997.011 ] ] } },
{ "type": "Feature", "properties": { "No.": 247.0, "-Kreuzung": "Wunstorfer Str. / Harenberger Straße", "-Bezirk": "10", "-Art": "K", "-TK": "3", "-dv. FSA": "2", "-dv. 2-feld.": "2", "-VSR": "5", "-OCIT": "-", "-LSA-Datum": "1978/01/20", "-Hersteller": "Yunex", "-Gerät": "C840ES", "-CKR-Nr.": "101009", "-LED": "LED", "-BS": "BTAO", "-Nachtab.": "-", "-Gerät-Datum": "2016-12-15", "-SB": "Riedel", "-AP": "-", "-FG-Bem.": "-", "-VeloR.": "-", "-Bemerkung": "INFRA HBST Planung" }, "geometry": { "type": "MultiPoint", "coordinates": [ [ 547144.6705, 5803141.373999999836087 ] ] } },
{ "type": "Feature", "properties": { "No.": 230.0, "-Kreuzung": "Braunstraße / Goetheplatz", "-Bezirk": "1", "-Art": "F", "-TK": "1", "-dv. FSA": "1", "-dv. 2-feld.": "1", "-VSR": "1", "-OCIT": "Kabel", "-LSA-Datum": "2024/12/12", "-Hersteller": "Yunex", "-Gerät": "sX", "-CKR-Nr.": "111107", "-LED": "LED", "-BS": "BTAO", "-Nachtab.": "-", "-Gerät-Datum": "2024-12-12", "-SB": "Riedel", "-AP": "Ja", "-FG-Bem.": "-", "-VeloR.": "-", "-Bemerkung": "  " }, "geometry": { "type": "MultiPoint", "coordinates": [ [ 549196.662800000049174, 5802754.25899999961257 ] ] } },
{ "type": "Feature", "properties": { "No.": 507.0, "-Kreuzung": "Bödekerstr. / Friesenstr.", "-Bezirk": "1", "-Art": "K", "-TK": "1", "-dv. FSA": "0", "-dv. 2-feld.": "0", "-VSR": "3", "-OCIT": "-", "-LSA-Datum": "1969/01/28", "-Hersteller": "Yunex", "-Gerät": "sX", "-CKR-Nr.": "100121", "-LED": "LED", "-BS": "BTAO", "-Nachtab.": "-", "-Gerät-Datum": "2022-07-28", "-SB": "Sieber", "-AP": "-", "-FG-Bem.": "-", "-VeloR.": "VR03", "-Bemerkung": "C-Roads" }, "geometry": { "type": "MultiPoint", "coordinates": [ [ 551279.363800000050105, 5803826.484000000171363 ] ] } },
{ "type": "Feature", "properties": { "No.": 406.0, "-Kreuzung": "Willy-Brandt-Allee / Nieders. Landesmuseum", "-Bezirk": "1", "-Art": "F", "-TK": "1", "-dv. FSA": "1", "-dv. 2-feld.": "1", "-VSR": "2", "-OCIT": "Kabel", "-LSA-Datum": "2018/06/20", "-Hersteller": "Yunex", "-Gerät": "sX-L", "-CKR-Nr.": "111096", "-LED": "LED", "-BS": "BTAO", "-Nachtab.": "Ja", "-Gerät-Datum": "2026-02-12", "-SB": "Sieber", "-AP": "-", "-FG-Bem.": "-", "-VeloR.": "VR08", "-Bemerkung": "C-Roads" }, "geometry": { "type": "MultiPoint", "coordinates": [ [ 550365.781199999968521, 5801946.333999999798834 ] ] } },
{ "type": "Feature", "properties": { "No.": 506.0, "-Kreuzung": "Hohenzollernstr. / Wedekindstr.     ", "-Bezirk": "102", "-Art": "K", "-TK": "1", "-dv. FSA": "0", "-dv. 2-feld.": "0", "-VSR": "3", "-OCIT": "-", "-LSA-Datum": "1965/01/30", "-Hersteller": "Swarco", "-Gerät": "Actros", "-CKR-Nr.": "-", "-LED": "LED", "-BS": "-", "-Nachtab.": "-", "-Gerät-Datum": "1997-11-13", "-SB": "Leketas", "-AP": "-", "-FG-Bem.": "-", "-VeloR.": "VR03", "-Bemerkung": "  " }, "geometry": { "type": "MultiPoint", "coordinates": [ [ 551311.280299999983981, 5804260.362999999895692 ] ] } },
{ "type": "Feature", "properties": { "No.": 55.0, "-Kreuzung": "Stöckener Str. / Fuhsestr.", "-Bezirk": "12", "-Art": "K", "-TK": "4", "-dv. FSA": "2", "-dv. 2-feld.": "0", "-VSR": "6", "-OCIT": "Kabel", "-LSA-Datum": "1980/07/15", "-Hersteller": "Yunex", "-Gerät": "sX", "-CKR-Nr.": "100176", "-LED": "LED", "-BS": "BTAO", "-Nachtab.": "-", "-Gerät-Datum": "2021-07-12", "-SB": "Teichert", "-AP": "-", "-FG-Bem.": "-", "-VeloR.": "-", "-Bemerkung": null }, "geometry": { "type": "MultiPoint", "coordinates": [ [ 545601.812599999946542, 5805703.088000000454485 ] ] } },
{ "type": "Feature", "properties": { "No.": 568.0, "-Kreuzung": "Holzwiesen / Laurinweg   ", "-Bezirk": "3", "-Art": "F", "-TK": "1", "-dv. FSA": "1", "-dv. 2-feld.": "0", "-VSR": "3", "-OCIT": "Kabel", "-LSA-Datum": "1980/11/14", "-Hersteller": "Swarco", "-Gerät": "Actros", "-CKR-Nr.": "-", "-LED": "LED", "-BS": "LOC-ID", "-Nachtab.": "Ja", "-Gerät-Datum": "2026-07-08", "-SB": "Germer", "-AP": "Ja", "-FG-Bem.": "-", "-VeloR.": "-", "-Bemerkung": null }, "geometry": { "type": "MultiPoint", "coordinates": [ [ 551881.1028, 5807332.951000000350177 ] ] } },
{ "type": "Feature", "properties": { "No.": 67.0, "-Kreuzung": "Fuhsestraße / Betriebshof Leinhausen", "-Bezirk": "12", "-Art": "K", "-TK": "1", "-dv. FSA": "0", "-dv. 2-feld.": "0", "-VSR": "6", "-OCIT": "Kabel", "-LSA-Datum": "1999/04/13", "-Hersteller": "Yunex", "-Gerät": "C920ES", "-CKR-Nr.": "111028", "-LED": "LED", "-BS": "BTAO", "-Nachtab.": "-", "-Gerät-Datum": "2018-05-22", "-SB": "Teichert", "-AP": "-", "-FG-Bem.": "-", "-VeloR.": "-", "-Bemerkung": null }, "geometry": { "type": "MultiPoint", "coordinates": [ [ 545700.505200000014156, 5806140.352 ] ] } },
{ "type": "Feature", "properties": { "No.": 432.0, "-Kreuzung": "Hildesheimer Str. / Bernwardkirche / Bernwardstr. + TK Fiedelerstr.", "-Bezirk": "8", "-Art": "F", "-TK": "3", "-dv. FSA": "3", "-dv. 2-feld.": "0", "-VSR": "2", "-OCIT": "Kabel", "-LSA-Datum": "1987/09/24", "-Hersteller": "Yunex", "-Gerät": "sX", "-CKR-Nr.": "101006", "-LED": "LED", "-BS": "BTAO", "-Nachtab.": "-", "-Gerät-Datum": "2026-03-19", "-SB": "Lipp", "-AP": "Ja", "-FG-Bem.": "-", "-VeloR.": "-", "-Bemerkung": "  " }, "geometry": { "type": "MultiPoint", "coordinates": [ [ 552206.342700000037439, 5799222.677000000141561 ] ] } },
{ "type": "Feature", "properties": { "No.": 403.0, "-Kreuzung": "R.-v.-Bennigsen-Ufer / Altenbekener Damm", "-Bezirk": "7", "-Art": "K", "-TK": "1", "-dv. FSA": "0", "-dv. 2-feld.": "0", "-VSR": "2", "-OCIT": "-", "-LSA-Datum": "1972/06/20", "-Hersteller": "Yunex", "-Gerät": "C840V", "-CKR-Nr.": "110012", "-LED": "LED", "-BS": "BTAO", "-Nachtab.": "-", "-Gerät-Datum": "2008-10-21", "-SB": "Leketas", "-AP": "-", "-FG-Bem.": "-", "-VeloR.": "VR08", "-Bemerkung": "  " }, "geometry": { "type": "MultiPoint", "coordinates": [ [ 550825.340399999986403, 5800713.386 ] ] } },
{ "type": "Feature", "properties": { "No.": 148.0, "-Kreuzung": "Melanchtonstr. / Guts-Muths-Str.", "-Bezirk": "2", "-Art": "K", "-TK": "1", "-dv. FSA": "0", "-dv. 2-feld.": "0", "-VSR": "1", "-OCIT": "-", "-LSA-Datum": "1969/08/08", "-Hersteller": "Yunex", "-Gerät": "C840V", "-CKR-Nr.": "101050", "-LED": "LED", "-BS": "BTAO", "-Nachtab.": "Ja", "-Gerät-Datum": "2010-03-10", "-SB": "Germer", "-AP": "-", "-FG-Bem.": "-", "-VeloR.": "-", "-Bemerkung": null }, "geometry": { "type": "MultiPoint", "coordinates": [ [ 549377.621700000017881, 5805537.552000000141561 ] ] } },
{ "type": "Feature", "properties": { "No.": 322.0, "-Kreuzung": "Pasteurallee / Schreberallee", "-Bezirk": "4", "-Art": "F", "-TK": "1", "-dv. FSA": "1", "-dv. 2-feld.": "1", "-VSR": "3", "-OCIT": "LTE", "-LSA-Datum": "1978/09/06", "-Hersteller": "Yunex", "-Gerät": "sX", "-CKR-Nr.": "100082", "-LED": "LED", "-BS": "BTAO", "-Nachtab.": "Ja", "-Gerät-Datum": "2023-06-28", "-SB": "Leketas", "-AP": "Ja", "-FG-Bem.": "-", "-VeloR.": "-", "-Bemerkung": "  " }, "geometry": { "type": "MultiPoint", "coordinates": [ [ 555019.82999999995809, 5806434.943 ] ] } },
{ "type": "Feature", "properties": { "No.": 176.0, "-Kreuzung": "Bornumer Straße / Canarisweg", "-Bezirk": "9", "-Art": "F", "-TK": "1", "-dv. FSA": "1", "-dv. 2-feld.": "0", "-VSR": "4", "-OCIT": "Kabel", "-LSA-Datum": "2022/11/23", "-Hersteller": "Yunex", "-Gerät": "sX", "-CKR-Nr.": "111103", "-LED": "LED", "-BS": "BTAO", "-Nachtab.": "-", "-Gerät-Datum": "2022-11-23", "-SB": "Lipp", "-AP": "-", "-FG-Bem.": "-", "-VeloR.": "-", "-Bemerkung": null }, "geometry": { "type": "MultiPoint", "coordinates": [ [ 547154.148000000044703, 5799583.224000000394881 ] ] } },
{ "type": "Feature", "properties": { "No.": 243.0, "-Kreuzung": "Deisterstr. / Allerweg", "-Bezirk": "10", "-Art": "K", "-TK": "1", "-dv. FSA": "0", "-dv. 2-feld.": "0", "-VSR": "1", "-OCIT": "Kabel", "-LSA-Datum": "1979/12/20", "-Hersteller": "Yunex", "-Gerät": "C940ES", "-CKR-Nr.": "101125", "-LED": "LED", "-BS": "-", "-Nachtab.": "-", "-Gerät-Datum": "2021-04-08", "-SB": "Riedel", "-AP": "Ja", "-FG-Bem.": "-", "-VeloR.": "-", "-Bemerkung": "C-Roads" }, "geometry": { "type": "MultiPoint", "coordinates": [ [ 548760.100300000049174, 5801592.803999999538064 ] ] } },
{ "type": "Feature", "properties": { "No.": 504.0, "-Kreuzung": "Celler Str. / Lister Meile / Wedekindstraße", "-Bezirk": "102", "-Art": "F", "-TK": "1", "-dv. FSA": "1", "-dv. 2-feld.": "1", "-VSR": "3", "-OCIT": "Kabel", "-LSA-Datum": "1965/10/27", "-Hersteller": "Yunex", "-Gerät": "sX Compact-L", "-CKR-Nr.": "100155", "-LED": "LED", "-BS": "BTAO", "-Nachtab.": "Ja", "-Gerät-Datum": "2021-08-11", "-SB": "Germer", "-AP": "-", "-FG-Bem.": "-", "-VeloR.": "-", "-Bemerkung": "  " }, "geometry": { "type": "MultiPoint", "coordinates": [ [ 550862.8517, 5804175.542000000365078 ] ] } },
{ "type": "Feature", "properties": { "No.": 141.0, "-Kreuzung": "Vahrenwalder Str. / Dörnbergstr.", "-Bezirk": "2", "-Art": "F", "-TK": "2", "-dv. FSA": "2", "-dv. 2-feld.": "2", "-VSR": "1", "-OCIT": "-", "-LSA-Datum": "1980/06/12", "-Hersteller": "Yunex", "-Gerät": "C840XS", "-CKR-Nr.": "100066", "-LED": "LED", "-BS": "-", "-Nachtab.": "Ja", "-Gerät-Datum": "2017-03-17", "-SB": "Germer", "-AP": "-", "-FG-Bem.": "-", "-VeloR.": "-", "-Bemerkung": null }, "geometry": { "type": "MultiPoint", "coordinates": [ [ 549983.202799999970011, 5804578.497000000439584 ] ] } },
{ "type": "Feature", "properties": { "No.": 581.0, "-Kreuzung": "Karl-Wiechert-Allee / Roderbruchstr.", "-Bezirk": "4", "-Art": "K", "-TK": "1", "-dv. FSA": "0", "-dv. 2-feld.": "0", "-VSR": "3", "-OCIT": "-", "-LSA-Datum": "1984/05/30", "-Hersteller": "Swarco", "-Gerät": "Actros", "-CKR-Nr.": "-", "-LED": "LED", "-BS": "-", "-Nachtab.": "-", "-Gerät-Datum": "2006-05-29", "-SB": "Leketas", "-AP": "-", "-FG-Bem.": "-", "-VeloR.": "-", "-Bemerkung": "  " }, "geometry": { "type": "MultiPoint", "coordinates": [ [ 554721.816699999966659, 5804879.684000000357628 ] ] } },
{ "type": "Feature", "properties": { "No.": 422.0, "-Kreuzung": "Hildesheimer Str. / Geibelstr.", "-Bezirk": "7", "-Art": "K", "-TK": "1", "-dv. FSA": "0", "-dv. 2-feld.": "0", "-VSR": "2", "-OCIT": "Kabel", "-LSA-Datum": "1974/02/08", "-Hersteller": "Yunex", "-Gerät": "sX", "-CKR-Nr.": "100111", "-LED": "LED", "-BS": "-", "-Nachtab.": "-", "-Gerät-Datum": "2024-10-25", "-SB": "Leketas", "-AP": "-", "-FG-Bem.": "-", "-VeloR.": "-", "-Bemerkung": "  " }, "geometry": { "type": "MultiPoint", "coordinates": [ [ 551155.156500000040978, 5801261.865000000223517 ] ] } },
{ "type": "Feature", "properties": { "No.": 513.0, "-Kreuzung": "Lister Kirchweg / Mengendamm + Tk Trageweg (518)", "-Bezirk": "2", "-Art": "K", "-TK": "2", "-dv. FSA": "1", "-dv. 2-feld.": "1", "-VSR": "3", "-OCIT": "Kabel", "-LSA-Datum": "1969/09/16", "-Hersteller": "Yunex", "-Gerät": "C900V", "-CKR-Nr.": "100183", "-LED": "LED", "-BS": "-", "-Nachtab.": "-", "-Gerät-Datum": "2020-03-11", "-SB": "Germer", "-AP": "-", "-FG-Bem.": "-", "-VeloR.": "-", "-Bemerkung": "  " }, "geometry": { "type": "MultiPoint", "coordinates": [ [ 551467.51879999996163, 5805344.496000000275671 ] ] } },
{ "type": "Feature", "properties": { "No.": 582.0, "-Kreuzung": "Karl-Wiechert-Allee / Nobelring", "-Bezirk": "4", "-Art": "K", "-TK": "1", "-dv. FSA": "0", "-dv. 2-feld.": "0", "-VSR": "3", "-OCIT": "-", "-LSA-Datum": "1983/09/21", "-Hersteller": "Swarco", "-Gerät": "Actros", "-CKR-Nr.": "-", "-LED": "LED", "-BS": "BTAO", "-Nachtab.": "-", "-Gerät-Datum": "2006-05-30", "-SB": "Leketas", "-AP": "-", "-FG-Bem.": "-", "-VeloR.": "-", "-Bemerkung": "  " }, "geometry": { "type": "MultiPoint", "coordinates": [ [ 554899.087500000023283, 5804607.16399999987334 ] ] } },
{ "type": "Feature", "properties": { "No.": 614.0, "-Kreuzung": "Badenstedter Straße / Petermannstraße", "-Bezirk": "1011", "-Art": "K", "-TK": "1", "-dv. FSA": "0", "-dv. 2-feld.": "0", "-VSR": "4", "-OCIT": "Kabel", "-LSA-Datum": "2026/03/05", "-Hersteller": "Yunex", "-Gerät": "sX", "-CKR-Nr.": "111104", "-LED": "LED", "-BS": "BTAO", "-Nachtab.": "-", "-Gerät-Datum": "2026-03-05", "-SB": "Riedel", "-AP": "Ja", "-FG-Bem.": "-", "-VeloR.": "-", "-Bemerkung": "  " }, "geometry": { "type": "MultiPoint", "coordinates": [ [ 546419.457700000028126, 5801274.695000000298023 ] ] } },
{ "type": "Feature", "properties": { "No.": 15.0, "-Kreuzung": "B65 / Bornumer Straße / Beckstraße (reserviert)", "-Bezirk": "-", "-Art": "-", "-TK": "-", "-dv. FSA": "-", "-dv. 2-feld.": "-", "-VSR": "-", "-OCIT": "-", "-LSA-Datum": "-", "-Hersteller": "-", "-Gerät": "-", "-CKR-Nr.": "-", "-LED": "-", "-BS": "-", "-Nachtab.": "-", "-Gerät-Datum": null, "-SB": "Riedel", "-AP": "-", "-FG-Bem.": "-", "-VeloR.": "-", "-Bemerkung": "Ausschreibung in Vorbereitung Fertigstellung Anfang 2027 " }, "geometry": { "type": "MultiPoint", "coordinates": [ [ 547046.662499999976717, 5799773.916000000201166 ] ] } },
{ "type": "Feature", "properties": { "No.": 295.0, "-Kreuzung": "-", "-Bezirk": "-", "-Art": "-", "-TK": "-", "-dv. FSA": "-", "-dv. 2-feld.": "-", "-VSR": "-", "-OCIT": "-", "-LSA-Datum": "-", "-Hersteller": "-", "-Gerät": "-", "-CKR-Nr.": "-", "-LED": "-", "-BS": "-", "-Nachtab.": "-", "-Gerät-Datum": null, "-SB": "-", "-AP": "-", "-FG-Bem.": "-", "-VeloR.": "-", "-Bemerkung": "  " }, "geometry": { "type": "MultiPoint", "coordinates": [ [ 542456.614599999971688, 5807252.259999999776483 ] ] } },
{ "type": "Feature", "properties": { "No.": 9.0, "-Kreuzung": "Ferdinand-Wallbrechtstr. / Edenstr", "-Bezirk": "2", "-Art": "K", "-TK": "1", "-dv. FSA": "-", "-dv. 2-feld.": "1", "-VSR": "3", "-OCIT": "Kabel", "-LSA-Datum": "2026/07/22", "-Hersteller": "Yunex", "-Gerät": "sX", "-CKR-Nr.": "100002", "-LED": "LED", "-BS": "BTAO", "-Nachtab.": "-", "-Gerät-Datum": "2026-07-22", "-SB": "Sieber", "-AP": "Ja", "-FG-Bem.": "R-T", "-VeloR.": "VR02", "-Bemerkung": "Veloroute" }, "geometry": { "type": "MultiPoint", "coordinates": [ [ 550982.115391919040121, 5804685.759377893060446 ] ] } },
{ "type": "Feature", "properties": { "No.": 5.0, "-Kreuzung": "Walderseestraße / Waldstraße", "-Bezirk": "810", "-Art": "K", "-TK": "1", "-dv. FSA": "0", "-dv. 2-feld.": "0", "-VSR": "3", "-OCIT": "LTE", "-LSA-Datum": "2026/06/18", "-Hersteller": "Yunex", "-Gerät": "sX", "-CKR-Nr.": "100027", "-LED": "LED", "-BS": "BTAO", "-Nachtab.": "-", "-Gerät-Datum": "2026-06-18", "-SB": "Leketas", "-AP": "Ja", "-FG-Bem.": "-", "-VeloR.": "VR03", "-Bemerkung": null }, "geometry": { "type": "MultiPoint", "coordinates": [ [ 551465.821628862526268, 5804752.358222098089755 ] ] } },
{ "type": "Feature", "properties": { "No.": 10.0, "-Kreuzung": "Waldstraße / Göbelstraße (reserviert)", "-Bezirk": "-", "-Art": "-", "-TK": "-", "-dv. FSA": "-", "-dv. 2-feld.": "-", "-VSR": "-", "-OCIT": "-", "-LSA-Datum": "-", "-Hersteller": "-", "-Gerät": "-", "-CKR-Nr.": "-", "-LED": "-", "-BS": "-", "-Nachtab.": "-", "-Gerät-Datum": null, "-SB": "Germer", "-AP": "-", "-FG-Bem.": "-", "-VeloR.": "VR02", "-Bemerkung": "Veloroute Göbelstr." }, "geometry": { "type": "MultiPoint", "coordinates": [ [ 551035.461916249012575, 5804969.028743320144713 ] ] } },
{ "type": "Feature", "properties": { "No.": 60.0, "-Kreuzung": "Alte Stöckener Straße / Auf der Klappenburg", "-Bezirk": "12", "-Art": "K", "-TK": "1", "-dv. FSA": "0", "-dv. 2-feld.": "1", "-VSR": "6", "-OCIT": "Kabel", "-LSA-Datum": "2021/11/10", "-Hersteller": "Yunex", "-Gerät": "sX-L", "-CKR-Nr.": "111102", "-LED": "LED", "-BS": "-", "-Nachtab.": "-", "-Gerät-Datum": "2023-02-21", "-SB": "Teichert", "-AP": "-", "-FG-Bem.": "-", "-VeloR.": "-", "-Bemerkung": null }, "geometry": { "type": "MultiPoint", "coordinates": [ [ 544357.370059742941521, 5807197.668504480272532 ] ] } },
{ "type": "Feature", "properties": { "No.": 111.0, "-Kreuzung": "Philipsbornstraße / Halkettstraße", "-Bezirk": "2", "-Art": "F", "-TK": "1", "-dv. FSA": "1", "-dv. 2-feld.": "1", "-VSR": "1", "-OCIT": "Kabel", "-LSA-Datum": "2025/12/18", "-Hersteller": "Yunex", "-Gerät": "sX-L-B", "-CKR-Nr.": "100099", "-LED": "LED", "-BS": "LOC-ID", "-Nachtab.": "-", "-Gerät-Datum": "2025-12-18", "-SB": "Germer", "-AP": "Ja", "-FG-Bem.": "-", "-VeloR.": "-", "-Bemerkung": null }, "geometry": { "type": "MultiPoint", "coordinates": [ [ 549637.157312124152668, 5805010.928843281231821 ] ] } },
{ "type": "Feature", "properties": { "No.": 120.0, "-Kreuzung": "Ricklinger Straße / Fischerhof (in Planung)", "-Bezirk": "-", "-Art": "-", "-TK": "-", "-dv. FSA": "-", "-dv. 2-feld.": "-", "-VSR": "-", "-OCIT": "-", "-LSA-Datum": "-", "-Hersteller": "-", "-Gerät": "-", "-CKR-Nr.": "-", "-LED": "-", "-BS": "-", "-Nachtab.": "-", "-Gerät-Datum": null, "-SB": "Riedel", "-AP": "-", "-FG-Bem.": "-", "-VeloR.": "-", "-Bemerkung": "reserviert Ricklinger Str. / Fischerhof" }, "geometry": { "type": "MultiPoint", "coordinates": [ [ 549043.373446865123697, 5800738.877250174060464 ] ] } },
{ "type": "Feature", "properties": { "No.": 194.0, "-Kreuzung": "Großer Kolonnenweg / Windaustraße HBST", "-Bezirk": "2", "-Art": "F", "-TK": "2", "-dv. FSA": "1", "-dv. 2-feld.": "1", "-VSR": "1", "-OCIT": "Kabel", "-LSA-Datum": "2026/07/28", "-Hersteller": "Yunex", "-Gerät": "sX", "-CKR-Nr.": "101164", "-LED": "LED", "-BS": "LOC-ID", "-Nachtab.": "-", "-Gerät-Datum": "2026-07-28", "-SB": "Germer", "-AP": "Ja", "-FG-Bem.": "Ja", "-VeloR.": "-", "-Bemerkung": null }, "geometry": { "type": "MultiPoint", "coordinates": [ [ 550196.762113569071516, 5806443.984490156173706 ] ] } },
{ "type": "Feature", "properties": { "No.": 236.0, "-Kreuzung": "G.-Wagner-Allee / Pastor-Jaeckel-Weg (in Planung)", "-Bezirk": "-", "-Art": "-", "-TK": "-", "-dv. FSA": "-", "-dv. 2-feld.": "-", "-VSR": "-", "-OCIT": "-", "-LSA-Datum": "-", "-Hersteller": "-", "-Gerät": "-", "-CKR-Nr.": "-", "-LED": "-", "-BS": "-", "-Nachtab.": "-", "-Gerät-Datum": null, "-SB": "Germer", "-AP": "-", "-FG-Bem.": "-", "-VeloR.": "JTR", "-Bemerkung": "  " }, "geometry": { "type": "MultiPoint", "coordinates": [ [ 552222.306345726479776, 5805876.452963631600142 ] ] } },
{ "type": "Feature", "properties": { "No.": 263.0, "-Kreuzung": "Sahlkamp / Haltestelle Reiterstadion (Infra in Planung)", "-Bezirk": "-", "-Art": "-", "-TK": "-", "-dv. FSA": "-", "-dv. 2-feld.": "-", "-VSR": "-", "-OCIT": "-", "-LSA-Datum": "-", "-Hersteller": "-", "-Gerät": "-", "-CKR-Nr.": "-", "-LED": "-", "-BS": "-", "-Nachtab.": "-", "-Gerät-Datum": null, "-SB": "Germer", "-AP": "-", "-FG-Bem.": "-", "-VeloR.": "-", "-Bemerkung": "  " }, "geometry": { "type": "MultiPoint", "coordinates": [ [ 550601.197904158732854, 5807045.948539176955819 ] ] } },
{ "type": "Feature", "properties": { "No.": 435.0, "-Kreuzung": "Lavesstraße / Gutenberghof (noch nicht realisiert)", "-Bezirk": "-", "-Art": "-", "-TK": "-", "-dv. FSA": "-", "-dv. 2-feld.": "-", "-VSR": "-", "-OCIT": "-", "-LSA-Datum": "-", "-Hersteller": "-", "-Gerät": "-", "-CKR-Nr.": "-", "-LED": "-", "-BS": "-", "-Nachtab.": "-", "-Gerät-Datum": null, "-SB": "Sieber", "-AP": "-", "-FG-Bem.": "-", "-VeloR.": "VR04, VR06", "-Bemerkung": "  " }, "geometry": { "type": "MultiPoint", "coordinates": [ [ 551027.454797160462476, 5802809.147140371613204 ] ] } },
{ "type": "Feature", "properties": { "No.": 603.0, "-Kreuzung": "HBSt Ludwig-Sievers-Ring (in Planung)", "-Bezirk": "-", "-Art": "-", "-TK": "-", "-dv. FSA": "-", "-dv. 2-feld.": "-", "-VSR": "-", "-OCIT": "-", "-LSA-Datum": "-", "-Hersteller": "-", "-Gerät": "-", "-CKR-Nr.": "-", "-LED": "-", "-BS": "-", "-Nachtab.": "-", "-Gerät-Datum": null, "-SB": "Germer", "-AP": "-", "-FG-Bem.": "-", "-VeloR.": "-", "-Bemerkung": "  " }, "geometry": { "type": "MultiPoint", "coordinates": [ [ 554355.536572269513272, 5807024.950586893595755 ] ] } }
]
}
